task,policy,budget,k,genotype_id,R_0,R_k_oracle,R_k_adaptive,R_B_pi,delta
MA90,greedy_ssm,384,1,0000000001111010,9.041,9.80599,9.80599,9.98803,0.06023
MA90,greedy_ssm,384,1,0000000011101110,9.14296,9.76473,9.76473,10.05404,0.06023
MA90,greedy_ssm,384,1,0000000100010011,8.69219,9.67043,9.67043,9.94512,0.06023
MA90,greedy_ssm,384,1,0000000101001100,9.06296,9.65227,9.65227,10.04506,0.06023
MA90,greedy_ssm,384,1,0000001000100001,9.03571,9.57154,9.57154,10.04747,0.06023
MA90,greedy_ssm,384,1,0000001000100100,9.04951,9.65632,9.65632,10.01417,0.06023
MA90,greedy_ssm,384,1,0000001001001100,8.90129,9.56787,9.56787,10.02485,0.06023
MA90,greedy_ssm,384,1,0000001001101010,9.10341,9.83921,9.83921,10.08631,0.06023
MA90,greedy_ssm,384,1,0000001011101110,9.24336,9.78223,9.78223,10.10122,0.06023
MA90,greedy_ssm,384,1,0000001101011001,9.45667,9.88869,9.88869,10.10752,0.06023
MA90,greedy_ssm,384,1,0000001110001001,8.96512,9.75489,9.75489,10.08817,0.06023
MA90,greedy_ssm,384,1,0000001111001001,9.25449,9.83612,9.83612,10.12708,0.06023
MA90,greedy_ssm,384,1,0000001111001111,9.34167,9.8172,9.8172,10.12959,0.06023
MA90,greedy_ssm,384,1,0000010000001100,8.65619,9.19211,9.19211,9.9261,0.06023
MA90,greedy_ssm,384,1,0000010000100100,8.98025,9.6805,9.6805,9.99203,0.06023
MA90,greedy_ssm,384,1,0000010000110110,8.87145,9.46164,9.46164,9.94124,0.06023
MA90,greedy_ssm,384,1,0000010001000101,8.69105,9.3054,9.3054,9.98304,0.06023
MA90,greedy_ssm,384,1,0000010001100000,9.16307,9.77479,9.77479,10.06308,0.06023
MA90,greedy_ssm,384,1,0000010001101100,9.20161,9.9261,9.9261,9.99215,0.06023
MA90,greedy_ssm,384,1,0000010010001101,8.62193,9.40307,9.40307,9.90946,0.06023
MA90,greedy_ssm,384,1,0000010010110010,8.85247,9.4019,9.4019,9.90042,0.06023
MA90,greedy_ssm,384,1,0000010010110100,8.95742,9.61566,9.61566,10.01912,0.06023
MA90,greedy_ssm,384,1,0000010110100101,9.31539,9.84683,9.84683,10.08215,0.06023
MA90,greedy_ssm,384,1,0000010110101010,9.25184,9.79279,9.79279,10.06019,0.06023
MA90,greedy_ssm,384,1,0000011001101010,9.18487,9.81185,9.81185,10.02434,0.06023
MA90,greedy_ssm,384,1,0000011001111100,9.20043,9.83888,9.83888,10.07431,0.06023
MA90,greedy_ssm,384,1,0000011010000101,8.86303,9.64739,9.64739,9.9432,0.06023
MA90,greedy_ssm,384,1,0000011010101011,9.16065,9.72722,9.72722,10.04727,0.06023
MA90,greedy_ssm,384,1,0000011010111000,9.04233,9.67437,9.67437,10.02563,0.06023
MA90,greedy_ssm,384,1,0000011100001111,8.97816,9.72719,9.72719,10.0726,0.06023
MA90,greedy_ssm,384,1,0000011110100011,9.59416,9.94201,9.94201,10.11246,0.06023
MA90,greedy_ssm,384,1,0000011111110000,9.76668,10.00006,10.00006,10.09203,0.06023
MA90,greedy_ssm,384,1,0000100010001000,8.47622,9.2015,9.2015,9.75283,0.06023
MA90,greedy_ssm,384,1,0000100011100101,9.30015,9.81639,9.81639,9.90949,0.06023
MA90,greedy_ssm,384,1,0000100011101100,9.2312,9.73718,9.73718,9.98209,0.06023
MA90,greedy_ssm,384,1,0000100100000010,8.52675,9.25666,9.25666,9.81173,0.06023
MA90,greedy_ssm,384,1,0000100100001010,8.67733,9.30671,9.30671,9.89955,0.06023
MA90,greedy_ssm,384,1,0000100101000010,8.95766,9.60181,9.60181,9.97314,0.06023
MA90,greedy_ssm,384,1,0000100110101011,9.38366,9.81372,9.81372,10.05233,0.06023
MA90,greedy_ssm,384,1,0000101001011010,8.77064,9.50207,9.50207,9.83721,0.06023
MA90,greedy_ssm,384,1,0000101001110000,9.30927,9.79236,9.79236,9.98982,0.06023
MA90,greedy_ssm,384,1,0000101001111101,9.43768,9.90328,9.90328,10.10752,0.06023
MA90,greedy_ssm,384,1,0000101010010011,8.78574,9.55701,9.55701,9.7992,0.06023
MA90,greedy_ssm,384,1,0000101010110011,9.11125,9.60263,9.60263,9.93572,0.06023
MA90,greedy_ssm,384,1,0000101011010110,8.65303,9.38065,9.38065,9.8421,0.06023
MA90,greedy_ssm,384,1,0000101100001011,8.89773,9.60677,9.60677,10.00146,0.06023
MA90,greedy_ssm,384,1,0000101100011001,8.88719,9.6012,9.6012,9.92517,0.06023
MA90,greedy_ssm,384,1,0000101110010100,8.91717,9.60236,9.60236,9.93066,0.06023
MA90,greedy_ssm,384,1,0000101111100000,9.77527,9.98493,9.98493,10.08475,0.06023
MA90,greedy_ssm,384,1,0000101111100101,9.81175,9.97767,9.97767,10.12596,0.06023
MA90,greedy_ssm,384,1,0000101111110111,9.79991,9.9578,9.9578,10.08996,0.06023
MA90,greedy_ssm,384,1,0000110001000111,8.72195,9.35265,9.35265,9.98974,0.06023
MA90,greedy_ssm,384,1,0000110001111101,9.28174,9.85653,9.85653,10.00348,0.06023
MA90,greedy_ssm,384,1,0000110010111011,9.03761,9.56482,9.56482,9.94391,0.06023
MA90,greedy_ssm,384,1,0000110100010010,8.48821,9.28106,9.28106,9.83188,0.06023
MA90,greedy_ssm,384,1,0000110100111110,9.20061,9.73624,9.73624,9.91489,0.06023
MA90,greedy_ssm,384,1,0000110101010101,9.22526,9.75527,9.75527,9.96699,0.06023
MA90,greedy_ssm,384,1,0000111010001011,8.90927,9.60359,9.60359,9.72878,0.06023
MA90,greedy_ssm,384,1,0000111010010101,8.79025,9.55908,9.55908,9.88207,0.06023
MA90,greedy_ssm,384,1,0000111010011101,8.81866,9.51986,9.51986,9.88814,0.06023
MA90,greedy_ssm,384,1,0000111011000001,8.94194,9.63099,9.63099,9.98268,0.06023
MA90,greedy_ssm,384,1,0000111100001111,8.89332,9.57734,9.57734,9.96637,0.06023
MA90,greedy_ssm,384,1,0000111100011100,8.89521,9.7033,9.7033,9.9856,0.06023
MA90,greedy_ssm,384,1,0000111100100010,9.33834,9.75872,9.75872,10.00518,0.06023
MA90,greedy_ssm,384,1,0000111101010100,9.53707,9.84949,9.84949,10.07623,0.06023
MA90,greedy_ssm,384,1,0000111101011001,9.58788,9.86182,9.86182,10.04652,0.06023
MA90,greedy_ssm,384,1,0001000000011101,8.27196,8.9875,8.9875,9.82168,0.06023
MA90,greedy_ssm,384,1,0001000001101111,8.97541,9.78418,9.78418,10.00784,0.06023
MA90,greedy_ssm,384,1,0001000100011011,8.4001,9.2983,9.2983,9.89878,0.06023
MA90,greedy_ssm,384,1,0001000110000110,8.43908,9.03246,9.03246,9.83001,0.06023
MA90,greedy_ssm,384,1,0001000110001000,8.56106,9.15251,9.15251,9.88532,0.06023
MA90,greedy_ssm,384,1,0001000110001111,8.54754,9.18315,9.18315,9.96331,0.06023
MA90,greedy_ssm,384,1,0001000110011111,8.49197,9.16415,9.16415,9.96787,0.06023
MA90,greedy_ssm,384,1,0001000111001010,8.60265,9.48513,9.48513,9.95839,0.06023
MA90,greedy_ssm,384,1,0001000111111111,8.82291,9.9106,9.9106,10.11496,0.06023
MA90,greedy_ssm,384,1,0001001001011110,8.53672,9.34243,9.34243,9.83069,0.06023
MA90,greedy_ssm,384,1,0001001011011010,8.48186,9.25755,9.25755,9.84729,0.06023
MA90,greedy_ssm,384,1,0001001011110100,8.92394,9.75656,9.75656,10.02803,0.06023
MA90,greedy_ssm,384,1,0001001100000000,8.63916,9.33844,9.33844,9.97753,0.06023
MA90,greedy_ssm,384,1,0001001100011011,8.69822,9.41329,9.41329,9.99174,0.06023
MA90,greedy_ssm,384,1,0001001101100000,9.31162,9.94536,9.94536,10.05405,0.06023
MA90,greedy_ssm,384,1,0001010001100100,8.9489,9.72479,9.72479,9.99476,0.06023
MA90,greedy_ssm,384,1,0001010010000100,8.45455,8.93465,8.93465,9.85614,0.06023
MA90,greedy_ssm,384,1,0001010010001110,8.31537,8.95762,8.95762,9.84115,0.06023
MA90,greedy_ssm,384,1,0001010100001010,8.47188,9.16464,9.16464,9.86496,0.06023
MA90,greedy_ssm,384,1,0001010110100011,9.15264,9.71336,9.71336,10.08421,0.06023
MA90,greedy_ssm,384,1,0001010111100111,9.23327,9.90529,9.90529,10.15082,0.06023
MA90,greedy_ssm,384,1,0001011000010110,8.43743,9.18761,9.18761,9.74393,0.06023
MA90,greedy_ssm,384,1,0001011000100011,8.85678,9.56751,9.56751,9.98199,0.06023
MA90,greedy_ssm,384,1,0001011011000010,8.56526,9.20183,9.20183,9.91962,0.06023
MA90,greedy_ssm,384,1,0001011011011110,8.53128,9.3712,9.3712,9.86854,0.06023
MA90,greedy_ssm,384,1,0001011100000011,8.68322,9.4207,9.4207,9.98199,0.06023
MA90,greedy_ssm,384,1,0001011100010100,8.64996,9.4335,9.4335,9.89374,0.06023
MA90,greedy_ssm,384,1,0001011111001110,8.85762,9.5025,9.5025,9.98794,0.06023
MA90,greedy_ssm,384,1,0001011111010011,8.96353,9.679,9.679,10.05986,0.06023
MA90,greedy_ssm,384,1,0001011111110011,9.62441,9.96847,9.96847,10.10994,0.06023
MA90,greedy_ssm,384,1,0001100001000110,8.92753,9.60758,9.60758,9.95496,0.06023
MA90,greedy_ssm,384,1,0001100010110100,9.48854,9.80643,9.80643,10.02014,0.06023
MA90,greedy_ssm,384,1,0001100011001010,9.00658,9.73733,9.73733,10.00549,0.06023
MA90,greedy_ssm,384,1,0001100011111011,9.7614,9.91809,9.91809,10.19812,0.06023
MA90,greedy_ssm,384,1,0001100110000011,9.17197,9.79976,9.79976,10.05412,0.06023
MA90,greedy_ssm,384,1,0001100111001010,9.48513,9.81112,9.81112,10.19812,0.06023
MA90,greedy_ssm,384,1,0001100111100110,9.779,9.94322,9.94322,10.06836,0.06023
MA90,greedy_ssm,384,1,0001101001000000,9.28547,9.77643,9.77643,10.05405,0.06023
MA90,greedy_ssm,384,1,0001101100010110,9.25167,9.69985,9.69985,9.88073,0.06023
MA90,greedy_ssm,384,1,0001101110011000,9.31745,9.85541,9.85541,10.02353,0.06023
MA90,greedy_ssm,384,1,0001101111010111,9.75504,9.93397,9.93397,10.08996,0.06023
MA90,greedy_ssm,384,1,0001101111110011,9.92587,10.07151,10.07151,10.08996,0.06023
MA90,greedy_ssm,384,1,0001110000101011,9.54137,9.85766,9.85766,10.0359,0.06023
MA90,greedy_ssm,384,1,0001110000111011,9.6289,9.86793,9.86793,9.99814,0.06023
MA90,greedy_ssm,384,1,0001110001011111,9.18886,9.78892,9.78892,10.0772,0.06023
MA90,greedy_ssm,384,1,0001110100100100,9.75647,9.90661,9.90661,10.02071,0.06023
MA90,greedy_ssm,384,1,0001110101000000,9.55826,9.99476,9.99476,10.12511,0.06023
MA90,greedy_ssm,384,1,0001110101001110,9.47574,9.90936,9.90936,9.98569,0.06023
MA90,greedy_ssm,384,1,0001110101100101,9.99258,9.99258,9.99258,10.10183,0.06023
MA90,greedy_ssm,384,1,0001110110010100,9.04283,9.75813,9.75813,10.06922,0.06023
MA90,greedy_ssm,384,1,0001110111000110,9.40479,9.79478,9.79478,10.06278,0.06023
MA90,greedy_ssm,384,1,0001110111001100,9.49,9.81464,9.81464,10.10059,0.06023
MA90,greedy_ssm,384,1,0001111000001101,9.31439,9.79252,9.79252,10.01752,0.06023
MA90,greedy_ssm,384,1,0001111001001101,9.43772,9.79529,9.79529,10.12863,0.06023
MA90,greedy_ssm,384,1,0001111001010100,9.45542,9.77083,9.77083,10.07623,0.06023
MA90,greedy_ssm,384,1,0001111010010100,9.33595,9.7357,9.7357,9.82623,0.06023
MA90,greedy_ssm,384,1,0001111100001100,9.35268,9.84217,9.84217,10.06257,0.06023
MA90,greedy_ssm,384,1,0001111100010111,9.41603,9.78926,9.78926,10.03377,0.06023
MA90,greedy_ssm,384,1,0001111100101111,9.84935,10.03289,10.03289,10.12863,0.06023
MA90,greedy_ssm,384,1,0001111101000111,9.69604,9.9507,9.9507,10.11338,0.06023
MA90,greedy_ssm,384,1,0001111101101011,9.98977,10.09796,10.09796,10.12967,0.06023
MA90,greedy_ssm,384,1,0001111101110001,9.95558,10.06744,10.06744,10.11399,0.06023
MA90,greedy_ssm,384,1,0010000001101011,9.90199,10.03111,10.03111,10.11306,0.06023
MA90,greedy_ssm,384,1,0010000011101000,9.79055,10.00762,10.00762,10.03565,0.06023
MA90,greedy_ssm,384,1,0010000011101111,10.00352,10.05404,10.05404,10.11306,0.06023
MA90,greedy_ssm,384,1,0010000100001001,9.67425,9.90657,9.90657,9.99062,0.06023
MA90,greedy_ssm,384,1,0010000100110011,9.88543,9.94512,9.94512,10.10533,0.06023
MA90,greedy_ssm,384,1,0010000111101100,9.96862,10.06675,10.06675,10.15374,0.06023
MA90,greedy_ssm,384,1,0010001000001110,9.61737,9.73015,9.73015,9.99226,0.06023
MA90,greedy_ssm,384,1,0010001001101101,9.92505,10.08391,10.08391,10.15374,0.06023
MA90,greedy_ssm,384,1,0010001010110100,9.68153,9.92277,9.92277,10.01695,0.06023
MA90,greedy_ssm,384,1,0010001101100000,10.03392,10.08475,10.08475,10.08475,0.06023
MA90,greedy_ssm,384,1,0010001110001111,9.67088,9.94294,9.94294,10.12959,0.06023
MA90,greedy_ssm,384,1,0010001110010111,9.64862,10.03843,10.03843,10.0403,0.06023
MA90,greedy_ssm,384,1,0010001110101001,9.96797,10.08817,10.08817,10.16949,0.06023
MA90,greedy_ssm,384,1,0010001111101110,9.98061,10.10122,10.10122,10.12959,0.06023
MA90,greedy_ssm,384,1,0010010010100011,9.70551,9.93299,9.93299,10.06745,0.06023
MA90,greedy_ssm,384,1,0010010010101110,9.49712,9.83578,9.83578,10.10307,0.06023
MA90,greedy_ssm,384,1,0010010011011001,9.71001,10.03565,10.03565,10.09328,0.06023
MA90,greedy_ssm,384,1,0010010100011010,9.51028,9.73437,9.73437,9.97949,0.06023
MA90,greedy_ssm,384,1,0010010100111100,9.87095,9.99055,9.99055,10.04506,0.06023
MA90,greedy_ssm,384,1,0010010101011101,9.88462,9.93236,9.93236,10.10752,0.06023
MA90,greedy_ssm,384,1,0010010110010111,9.64994,9.86158,9.86158,10.16834,0.06023
MA90,greedy_ssm,384,1,0010010111011000,9.79985,9.90633,9.90633,10.09203,0.06023
MA90,greedy_ssm,384,1,0010011001000111,9.67848,9.87815,9.87815,10.13303,0.06023
MA90,greedy_ssm,384,1,0010011001010001,9.70936,9.90553,9.90553,10.05762,0.06023
MA90,greedy_ssm,384,1,0010011011110011,9.86726,10.06269,10.06269,10.11246,0.06023
MA90,greedy_ssm,384,1,0010011111101110,9.96849,10.07864,10.07864,10.15374,0.06023
MA90,greedy_ssm,384,1,0010100011111001,9.79291,10.01271,10.01271,10.03565,0.06023
MA90,greedy_ssm,384,1,0010100100001000,9.35232,9.742,9.742,9.96536,0.06023
MA90,greedy_ssm,384,1,0010100101111010,9.68949,9.89983,9.89983,10.04652,0.06023
MA90,greedy_ssm,384,1,0010101000010000,9.53933,9.8339,9.8339,10.08631,0.06023
MA90,greedy_ssm,384,1,0010101101010100,9.81083,9.93071,9.93071,10.07623,0.06023
MA90,greedy_ssm,384,1,0010101110011010,9.45104,9.75775,9.75775,10.01773,0.06023
MA90,greedy_ssm,384,1,0010101110111010,9.73054,9.88789,9.88789,9.95744,0.06023
MA90,greedy_ssm,384,1,0010101111001001,9.74896,10.02627,10.02627,10.12917,0.06023
MA90,greedy_ssm,384,1,0010101111101011,10.05233,10.12917,10.12917,10.19812,0.06023
MA90,greedy_ssm,384,1,0010110000110101,9.58905,9.82235,9.82235,9.99492,0.06023
MA90,greedy_ssm,384,1,0010110001100100,9.56273,9.87757,9.87757,10.07258,0.06023
MA90,greedy_ssm,384,1,0010110010010010,9.10092,9.37929,9.37929,9.74584,0.06023
MA90,greedy_ssm,384,1,0010110101011010,9.60239,9.7148,9.7148,9.97949,0.06023
MA90,greedy_ssm,384,1,0010111000011111,9.55176,9.751,9.751,9.88814,0.06023
MA90,greedy_ssm,384,1,0010111010101010,9.42706,9.73493,9.73493,10.01761,0.06023
MA90,greedy_ssm,384,1,0010111011101011,9.84002,10.03935,10.03935,10.12967,0.06023
MA90,greedy_ssm,384,1,0010111011110010,9.68599,9.90516,9.90516,10.03451,0.06023
MA90,greedy_ssm,384,1,0010111100001111,9.54382,9.84077,9.84077,10.09096,0.06023
MA90,greedy_ssm,384,1,0010111100010000,9.6274,9.81702,9.81702,10.01351,0.06023
MA90,greedy_ssm,384,1,0010111101110011,9.92721,10.07638,10.07638,10.07638,0.06023
MA90,greedy_ssm,384,1,0010111111010100,9.79332,9.94747,9.94747,10.09203,0.06023
MA90,greedy_ssm,384,1,0010111111101110,9.94314,10.02564,10.02564,10.14135,0.06023
MA90,greedy_ssm,384,1,0011000000011001,8.96251,9.71911,9.71911,9.89878,0.06023
MA90,greedy_ssm,384,1,0011000011010100,8.9548,9.67905,9.67905,10.02014,0.06023
MA90,greedy_ssm,384,1,0011000100101010,9.43878,9.89955,9.89955,10.0359,0.06023
MA90,greedy_ssm,384,1,0011000101110010,9.57931,9.8529,9.8529,10.10533,0.06023
MA90,greedy_ssm,384,1,0011000110000100,9.10807,9.77307,9.77307,9.99079,0.06023
MA90,greedy_ssm,384,1,0011000110011011,9.15392,9.77138,9.77138,10.10183,0.06023
MA90,greedy_ssm,384,1,0011000110011111,9.16415,9.7234,9.7234,10.05404,0.06023
MA90,greedy_ssm,384,1,0011001000000100,9.21697,9.82858,9.82858,9.87413,0.06023
MA90,greedy_ssm,384,1,0011001000110011,9.39733,9.83894,9.83894,10.01884,0.06023
MA90,greedy_ssm,384,1,0011001001010100,9.13271,9.83221,9.83221,10.0576,0.06023
MA90,greedy_ssm,384,1,0011001001110011,9.54775,9.91015,9.91015,10.11399,0.06023
MA90,greedy_ssm,384,1,0011001011011000,9.12204,9.71672,9.71672,10.02353,0.06023
MA90,greedy_ssm,384,1,0011001011011001,9.19677,9.78576,9.78576,10.05803,0.06023
MA90,greedy_ssm,384,1,0011001100000001,9.34526,9.84597,9.84597,10.04708,0.06023
MA90,greedy_ssm,384,1,0011001100010100,9.38328,9.87085,9.87085,10.0576,0.06023
MA90,greedy_ssm,384,1,0011001101100000,9.81739,10.05405,10.05405,10.14511,0.06023
MA90,greedy_ssm,384,1,0011001101110001,9.8526,10.11399,10.11399,10.11399,0.06023
MA90,greedy_ssm,384,1,0011001111011110,9.31719,9.81362,9.81362,10.02395,0.06023
MA90,greedy_ssm,384,1,0011001111100110,9.76216,9.96732,9.96732,10.12511,0.06023
MA90,greedy_ssm,384,1,0011010000101100,9.25468,9.9104,9.9104,9.96525,0.06023
MA90,greedy_ssm,384,1,0011010000111000,9.25134,9.77784,9.77784,9.99983,0.06023
MA90,greedy_ssm,384,1,0011010001000100,8.90383,9.45379,9.45379,9.96816,0.06023
MA90,greedy_ssm,384,1,0011010011111000,9.44357,9.92631,9.92631,9.99279,0.06023
MA90,greedy_ssm,384,1,0011010100100101,9.52479,9.95033,9.95033,10.05151,0.06023
MA90,greedy_ssm,384,1,0011010101101000,9.56299,9.89361,9.89361,10.07411,0.06023
MA90,greedy_ssm,384,1,0011010110010010,8.92686,9.64308,9.64308,9.94754,0.06023
MA90,greedy_ssm,384,1,0011010111000000,9.2111,9.78367,9.78367,10.06029,0.06023
MA90,greedy_ssm,384,1,0011010111011011,9.46087,9.88384,9.88384,10.28605,0.06023
MA90,greedy_ssm,384,1,0011011000100111,9.3882,9.80303,9.80303,10.07046,0.06023
MA90,greedy_ssm,384,1,0011011010010011,9.32523,9.74584,9.74584,9.91696,0.06023
MA90,greedy_ssm,384,1,0011011010111101,9.36061,9.76911,9.76911,10.06886,0.06023
MA90,greedy_ssm,384,1,0011011011111011,9.61761,9.95698,9.95698,10.08487,0.06023
MA90,greedy_ssm,384,1,0011011110100011,9.77707,9.98255,9.98255,10.12967,0.06023
MA90,greedy_ssm,384,1,0011011111011101,9.54751,9.92697,9.92697,10.14135,0.06023
MA90,greedy_ssm,384,1,0011011111111101,9.89291,10.06886,10.06886,10.14135,0.06023
MA90,greedy_ssm,384,1,0011100000000001,9.65979,9.85016,9.85016,10.01603,0.06023
MA90,greedy_ssm,384,1,0011100000111011,9.84399,9.91602,9.91602,10.028,0.06023
MA90,greedy_ssm,384,1,0011100000111101,9.80329,9.9914,9.9914,10.00348,0.06023
MA90,greedy_ssm,384,1,0011100010001011,9.72644,9.80762,9.80762,10.19812,0.06023
MA90,greedy_ssm,384,1,0011100100010011,9.77767,9.86786,9.86786,9.97682,0.06023
MA90,greedy_ssm,384,1,0011100100011101,9.82168,9.9406,9.9406,10.01539,0.06023
MA90,greedy_ssm,384,1,0011100101010010,9.61807,9.78689,9.78689,10.08552,0.06023
MA90,greedy_ssm,384,1,0011100101010101,9.83401,9.94884,9.94884,10.11399,0.06023
MA90,greedy_ssm,384,1,0011100101011010,9.66313,9.85401,9.85401,10.10183,0.06023
MA90,greedy_ssm,384,1,0011100110010010,9.54037,9.81594,9.81594,10.08552,0.06023
MA90,greedy_ssm,384,1,0011100111100111,10.05937,10.06836,10.06836,10.06997,0.06023
MA90,greedy_ssm,384,1,0011101000101010,9.76264,9.86512,9.86512,10.07903,0.06023
MA90,greedy_ssm,384,1,0011101001111100,9.93482,10.0343,10.0343,10.07644,0.06023
MA90,greedy_ssm,384,1,0011101100001100,9.7871,9.96681,9.96681,10.06295,0.06023
MA90,greedy_ssm,384,1,0011101101011000,9.90737,9.9931,9.9931,10.11399,0.06023
MA90,greedy_ssm,384,1,0011101101110111,10.02279,10.11338,10.11338,10.11338,0.06023
MA90,greedy_ssm,384,1,0011110001000100,9.45379,9.87568,9.87568,10.00656,0.06023
MA90,greedy_ssm,384,1,0011110001000111,9.71281,9.98974,9.98974,10.0772,0.06023
MA90,greedy_ssm,384,1,0011110001010100,9.63328,9.96911,9.96911,10.06922,0.06023
MA90,greedy_ssm,384,1,0011110001101110,9.90291,10.0772,10.0772,10.0772,0.06023
MA90,greedy_ssm,384,1,0011110010000001,9.62198,9.80696,9.80696,10.04796,0.06023
MA90,greedy_ssm,384,1,0011110010101010,9.67991,9.87062,9.87062,10.07701,0.06023
MA90,greedy_ssm,384,1,0011110011100000,9.93814,9.95238,9.95238,10.1149,0.06023
MA90,greedy_ssm,384,1,0011110011110100,9.99279,10.06922,10.06922,10.07271,0.06023
MA90,greedy_ssm,384,1,0011110100000111,9.87554,9.88621,9.88621,10.07046,0.06023
MA90,greedy_ssm,384,1,0011110100010111,9.77731,9.90661,9.90661,10.06412,0.06023
MA90,greedy_ssm,384,1,0011110101111010,9.88393,9.95778,9.95778,10.28605,0.06023
MA90,greedy_ssm,384,1,0011110110010110,9.63135,9.79026,9.79026,10.06922,0.06023
MA90,greedy_ssm,384,1,0011110111101001,9.98692,10.10219,10.10219,10.14135,0.06023
MA90,greedy_ssm,384,1,0011111010010100,9.7357,9.82623,9.82623,10.03417,0.06023
MA90,greedy_ssm,384,1,0011111010100100,9.77572,9.95398,9.95398,10.10496,0.06023
MA90,greedy_ssm,384,1,0011111011100101,10.03852,10.09803,10.09803,10.14135,0.06023
MA90,greedy_ssm,384,1,0011111011111101,9.90975,10.06886,10.06886,10.14135,0.06023
MA90,greedy_ssm,384,1,0011111100111000,9.87411,10.02054,10.02054,10.07644,0.06023
MA90,greedy_ssm,384,1,0011111110110001,9.98684,10.04518,10.04518,10.1149,0.06023
MA90,greedy_ssm,384,1,0011111110110010,9.8215,9.93119,9.93119,10.10994,0.06023
MA90,greedy_ssm,384,1,0011111111011001,9.96297,10.01451,10.01451,10.11002,0.06023
MA90,greedy_ssm,384,1,0011111111111000,9.96085,10.03451,10.03451,10.1149,0.06023
MA90,greedy_ssm,384,1,0100000000000101,8.63163,9.37714,9.37714,9.88471,0.06023
MA90,greedy_ssm,384,1,0100000000010011,8.6021,9.61962,9.61962,9.92476,0.06023
MA90,greedy_ssm,384,1,0100000000101010,8.94239,9.56663,9.56663,10.02705,0.06023
MA90,greedy_ssm,384,1,0100000010111011,9.16188,9.7023,9.7023,10.11273,0.06023
MA90,greedy_ssm,384,1,0100000101101110,9.6458,9.86711,9.86711,10.06853,0.06023
MA90,greedy_ssm,384,1,0100000101111110,9.66001,9.91714,9.91714,10.06107,0.06023
MA90,greedy_ssm,384,1,0100000110111101,9.45993,9.93873,9.93873,10.104,0.06023
MA90,greedy_ssm,384,1,0100000111101011,9.63554,10.00569,10.00569,10.11306,0.06023
MA90,greedy_ssm,384,1,0100000111110110,9.56595,9.89635,9.89635,10.16834,0.06023
MA90,greedy_ssm,384,1,0100001001100011,9.33445,9.92241,9.92241,10.13398,0.06023
MA90,greedy_ssm,384,1,0100001010010111,8.92914,9.65454,9.65454,9.78377,0.06023
MA90,greedy_ssm,384,1,0100001011101000,9.3891,9.90232,9.90232,10.09522,0.06023
MA90,greedy_ssm,384,1,0100001100000011,8.99045,9.73187,9.73187,10.11936,0.06023
MA90,greedy_ssm,384,1,0100001100001110,8.86674,9.71689,9.71689,9.98558,0.06023
MA90,greedy_ssm,384,1,0100001100010100,8.97441,9.72057,9.72057,10.06807,0.06023
MA90,greedy_ssm,384,1,0100001100011101,9.03874,9.77589,9.77589,10.07772,0.06023
MA90,greedy_ssm,384,1,0100001101110110,9.71792,9.89403,9.89403,10.06807,0.06023
MA90,greedy_ssm,384,1,0100001110101111,9.64761,10.02825,10.02825,10.12959,0.06023
MA90,greedy_ssm,384,1,0100001111011010,9.17254,9.76586,9.76586,10.07426,0.06023
MA90,greedy_ssm,384,1,0100010000010110,8.41068,9.15164,9.15164,9.71357,0.06023
MA90,greedy_ssm,384,1,0100010000100001,9.05752,9.67909,9.67909,9.99328,0.06023
MA90,greedy_ssm,384,1,0100010100010011,8.76037,9.65699,9.65699,9.9693,0.06023
MA90,greedy_ssm,384,1,0100010100010111,8.74683,9.61255,9.61255,10.03033,0.06023
MA90,greedy_ssm,384,1,0100010111000110,8.97919,9.68059,9.68059,10.07145,0.06023
MA90,greedy_ssm,384,1,0100010111101111,9.65058,10.10161,10.10161,10.49653,0.06023
MA90,greedy_ssm,384,1,0100011000101010,8.95183,9.58579,9.58579,9.96807,0.06023
MA90,greedy_ssm,384,1,0100011000110010,8.93194,9.56036,9.56036,9.91458,0.06023
MA90,greedy_ssm,384,1,0100011001101010,9.21145,9.86941,9.86941,10.08769,0.06023
MA90,greedy_ssm,384,1,0100011001110100,9.25968,9.89293,9.89293,10.06807,0.06023
MA90,greedy_ssm,384,1,0100011010010001,8.87465,9.64562,9.64562,9.94998,0.06023
MA90,greedy_ssm,384,1,0100011100001010,8.84108,9.64601,9.64601,9.95677,0.06023
MA90,greedy_ssm,384,1,0100011100100000,9.62111,9.96679,9.96679,10.08619,0.06023
MA90,greedy_ssm,384,1,0100011111011111,9.44168,9.82924,9.82924,10.12126,0.06023
MA90,greedy_ssm,384,1,0100100010000010,8.47716,9.13336,9.13336,9.73732,0.06023
MA90,greedy_ssm,384,1,0100100010010111,8.61423,9.35734,9.35734,9.81029,0.06023
MA90,greedy_ssm,384,1,0100100101011100,9.22641,9.76528,9.76528,10.0083,0.06023
MA90,greedy_ssm,384,1,0100100111011001,9.23261,9.80188,9.80188,10.02099,0.06023
MA90,greedy_ssm,384,1,0100101000011000,8.84976,9.53625,9.53625,9.85312,0.06023
MA90,greedy_ssm,384,1,0100101000111110,9.00319,9.50397,9.50397,9.85657,0.06023
MA90,greedy_ssm,384,1,0100101001100111,9.37893,9.87441,9.87441,10.05422,0.06023
MA90,greedy_ssm,384,1,0100101010110010,8.92928,9.43733,9.43733,9.85252,0.06023
MA90,greedy_ssm,384,1,0100101011000011,8.9222,9.55867,9.55867,9.96681,0.06023
MA90,greedy_ssm,384,1,0100101011110101,9.49809,9.78588,9.78588,10.06863,0.06023
MA90,greedy_ssm,384,1,0100101011111110,9.29505,9.70846,9.70846,9.99044,0.06023
MA90,greedy_ssm,384,1,0100101100011111,8.95274,9.69752,9.69752,9.97394,0.06023
MA90,greedy_ssm,384,1,0100101101111100,9.79394,9.98915,9.98915,9.98915,0.06023
MA90,greedy_ssm,384,1,0100110001001111,8.75821,9.33291,9.33291,9.89819,0.06023
MA90,greedy_ssm,384,1,0100110001111111,9.43602,9.83687,9.83687,9.97226,0.06023
MA90,greedy_ssm,384,1,0100110011100110,9.21642,9.62302,9.62302,9.93596,0.06023
MA90,greedy_ssm,384,1,0100110100100001,9.38894,9.80681,9.80681,10.0424,0.06023
MA90,greedy_ssm,384,1,0100110101100000,9.63438,9.87683,9.87683,9.99476,0.06023
MA90,greedy_ssm,384,1,0100110101110011,9.73682,9.88081,9.88081,10.02312,0.06023
MA90,greedy_ssm,384,1,0100110110110010,9.24462,9.6357,9.6357,9.92385,0.06023
MA90,greedy_ssm,384,1,0100111000111100,9.17345,9.70695,9.70695,9.94169,0.06023
MA90,greedy_ssm,384,1,0100111010100110,8.94923,9.40612,9.40612,9.88363,0.06023
MA90,greedy_ssm,384,1,0100111011001001,8.99402,9.54458,9.54458,10.0211,0.06023
MA90,greedy_ssm,384,1,0100111011001100,8.95614,9.58818,9.58818,9.93145,0.06023
MA90,greedy_ssm,384,1,0100111101011000,9.5637,9.72518,9.72518,9.99708,0.06023
MA90,greedy_ssm,384,1,0100111101101110,9.74387,9.88649,9.88649,10.10605,0.06023
MA90,greedy_ssm,384,1,0101000000011011,8.3573,9.09989,9.09989,9.84983,0.06023
MA90,greedy_ssm,384,1,0101000010000101,8.44252,8.95885,8.95885,9.78299,0.06023
MA90,greedy_ssm,384,1,0101000010011000,8.40066,8.99207,8.99207,9.79988,0.06023
MA90,greedy_ssm,384,1,0101000011000101,8.56077,9.10034,9.10034,9.90949,0.06023
MA90,greedy_ssm,384,1,0101000100000100,8.64895,9.20975,9.20975,9.84973,0.06023
MA90,greedy_ssm,384,1,0101000100010101,8.45902,9.20916,9.20916,9.90103,0.06023
MA90,greedy_ssm,384,1,0101000111000011,8.70089,9.49881,9.49881,10.01772,0.06023
MA90,greedy_ssm,384,1,0101001001101100,8.96916,9.78582,9.78582,9.9935,0.06023
MA90,greedy_ssm,384,1,0101001101010100,9.00184,9.68312,9.68312,10.04097,0.06023
MA90,greedy_ssm,384,1,0101001111010101,8.9681,9.71685,9.71685,10.03653,0.06023
MA90,greedy_ssm,384,1,0101010000111001,8.84441,9.60227,9.60227,9.89808,0.06023
MA90,greedy_ssm,384,1,0101010001111000,8.94487,9.66517,9.66517,9.89808,0.06023
MA90,greedy_ssm,384,1,0101010010010010,8.29875,8.88748,8.88748,9.66482,0.06023
MA90,greedy_ssm,384,1,0101010011100100,9.08714,9.78214,9.78214,9.93874,0.06023
MA90,greedy_ssm,384,1,0101010100110011,9.18801,9.73239,9.73239,9.98843,0.06023
MA90,greedy_ssm,384,1,0101010101100010,9.15348,9.86963,9.86963,9.99558,0.06023
MA90,greedy_ssm,384,1,0101010110011110,8.51958,9.0819,9.0819,9.81826,0.06023
MA90,greedy_ssm,384,1,0101010110110100,9.15169,9.66788,9.66788,10.03603,0.06023
MA90,greedy_ssm,384,1,0101010110111111,9.22526,9.71502,9.71502,10.12084,0.06023
MA90,greedy_ssm,384,1,0101010111001011,8.79153,9.58594,9.58594,10.07675,0.06023
MA90,greedy_ssm,384,1,0101011000010001,8.66868,9.49955,9.49955,9.89061,0.06023
MA90,greedy_ssm,384,1,0101011000011000,8.66954,9.31194,9.31194,9.88226,0.06023
MA90,greedy_ssm,384,1,0101011000101111,8.88283,9.58635,9.58635,10.00558,0.06023
MA90,greedy_ssm,384,1,0101011010011010,8.57631,9.24402,9.24402,9.75145,0.06023
MA90,greedy_ssm,384,1,0101011010101101,8.90805,9.53235,9.53235,9.9822,0.06023
MA90,greedy_ssm,384,1,0101011010111001,8.96653,9.62928,9.62928,10.0048,0.06023
MA90,greedy_ssm,384,1,0101011011011100,8.5628,9.47452,9.47452,9.93387,0.06023
MA90,greedy_ssm,384,1,0101011101110101,9.61829,9.89645,9.89645,10.10212,0.06023
MA90,greedy_ssm,384,1,0101011110000001,8.86878,9.50584,9.50584,9.98143,0.06023
MA90,greedy_ssm,384,1,0101011110001001,8.85466,9.4245,9.4245,10.04858,0.06023
MA90,greedy_ssm,384,1,0101011110110010,9.21293,9.63719,9.63719,9.9532,0.06023
MA90,greedy_ssm,384,1,0101011111000011,8.92749,9.77255,9.77255,10.10617,0.06023
MA90,greedy_ssm,384,1,0101100000100101,9.59455,9.83814,9.83814,9.94131,0.06023
MA90,greedy_ssm,384,1,0101100010010000,8.93443,9.68695,9.68695,9.82966,0.06023
MA90,greedy_ssm,384,1,0101101010101111,9.63582,9.95473,9.95473,10.07507,0.06023
MA90,greedy_ssm,384,1,0101101011000011,9.55867,9.78567,9.78567,10.09622,0.06023
MA90,greedy_ssm,384,1,0101101011010001,9.46447,9.76425,9.76425,10.03948,0.06023
MA90,greedy_ssm,384,1,0101101011010010,9.23632,9.64133,9.64133,9.95009,0.06023
MA90,greedy_ssm,384,1,0101101100010000,9.40929,9.81625,9.81625,10.01809,0.06023
MA90,greedy_ssm,384,1,0101101110100111,9.82904,9.97122,9.97122,10.14366,0.06023
MA90,greedy_ssm,384,1,0101101111110001,9.91948,10.03948,10.03948,10.15038,0.06023
MA90,greedy_ssm,384,1,0101101111111011,9.97149,10.05327,10.05327,10.12917,0.06023
MA90,greedy_ssm,384,1,0101110010001100,9.01219,9.59018,9.59018,9.95331,0.06023
MA90,greedy_ssm,384,1,0101110011101010,9.71363,9.89386,9.89386,10.07675,0.06023
MA90,greedy_ssm,384,1,0101110110000001,9.16997,9.74833,9.74833,9.98725,0.06023
MA90,greedy_ssm,384,1,0101110110101000,9.72154,9.80669,9.80669,10.04858,0.06023
MA90,greedy_ssm,384,1,0101110110101110,9.64318,9.79111,9.79111,10.02382,0.06023
MA90,greedy_ssm,384,1,0101110110111110,9.68698,9.81826,9.81826,10.12084,0.06023
MA90,greedy_ssm,384,1,0101110111001000,9.46013,9.80337,9.80337,10.10059,0.06023
MA90,greedy_ssm,384,1,0101111010001111,9.45617,9.79459,9.79459,9.98574,0.06023
MA90,greedy_ssm,384,1,0101111011000110,9.30735,9.73186,9.73186,9.99009,0.06023
MA90,greedy_ssm,384,1,0101111011110010,9.62938,9.83554,9.83554,10.02931,0.06023
MA90,greedy_ssm,384,1,0101111011111100,9.64435,9.93387,9.93387,10.09222,0.06023
MA90,greedy_ssm,384,1,0101111100010010,9.2958,9.68555,9.68555,9.92666,0.06023
MA90,greedy_ssm,384,1,0101111100101000,9.81255,9.9419,9.9419,10.04858,0.06023
MA90,greedy_ssm,384,1,0101111100101011,9.79174,10.01736,10.01736,10.12074,0.06023
MA90,greedy_ssm,384,1,0101111110000011,9.37197,9.85914,9.85914,10.10617,0.06023
MA90,greedy_ssm,384,1,0101111110011101,9.46342,9.86355,9.86355,10.09222,0.06023
MA90,greedy_ssm,384,1,0101111110111011,9.8782,9.96926,9.96926,10.12074,0.06023
MA90,greedy_ssm,384,1,0110000001010010,9.20992,9.83567,9.83567,9.97903,0.06023
MA90,greedy_ssm,384,1,0110000001101001,9.90088,10.02992,10.02992,10.104,0.06023
MA90,greedy_ssm,384,1,0110000001110110,9.73853,9.91901,9.91901,10.06451,0.06023
MA90,greedy_ssm,384,1,0110000010011011,9.5761,9.70642,9.70642,10.11273,0.06023
MA90,greedy_ssm,384,1,0110000011011001,9.74212,9.94402,9.94402,10.05043,0.06023
MA90,greedy_ssm,384,1,0110000011111011,10.00628,10.11273,10.11273,10.11273,0.06023
MA90,greedy_ssm,384,1,0110000100100111,9.9092,10.06402,10.06402,10.06402,0.06023
MA90,greedy_ssm,384,1,0110000100101111,9.97393,10.03417,10.03417,10.17099,0.06023
MA90,greedy_ssm,384,1,0110000101110111,10.01417,10.06451,10.06451,10.16834,0.06023
MA90,greedy_ssm,384,1,0110000110000010,9.46503,9.7817,9.7817,9.98538,0.06023
MA90,greedy_ssm,384,1,0110001000010011,9.72327,9.77953,9.77953,10.04484,0.06023
MA90,greedy_ssm,384,1,0110001000011111,9.68757,9.7692,9.7692,10.09092,0.06023
MA90,greedy_ssm,384,1,0110001000110101,9.65921,9.92105,9.92105,10.07772,0.06023
MA90,greedy_ssm,384,1,0110001001010000,9.73612,9.92843,9.92843,10.06807,0.06023
MA90,greedy_ssm,384,1,0110001100000011,9.73187,9.95133,9.95133,10.13398,0.06023
MA90,greedy_ssm,384,1,0110001100111110,9.84056,9.94946,9.94946,10.07772,0.06023
MA90,greedy_ssm,384,1,0110001110101001,9.95385,10.09522,10.09522,10.16513,0.06023
MA90,greedy_ssm,384,1,0110001111010001,9.84469,10.01125,10.01125,10.06863,0.06023
MA90,greedy_ssm,384,1,0110010010110101,9.75279,9.96269,9.96269,10.09881,0.06023
MA90,greedy_ssm,384,1,0110010100000101,9.67306,9.87707,9.87707,10.00952,0.06023
MA90,greedy_ssm,384,1,0110010101101000,9.8085,10.01977,10.01977,10.16513,0.06023
MA90,greedy_ssm,384,1,0110010110100101,9.86069,10.05365,10.05365,10.13012,0.06023
MA90,greedy_ssm,384,1,0110010111101110,9.92945,10.10161,10.10161,10.49653,0.06023
MA90,greedy_ssm,384,1,0110010111110100,10.08,10.08,10.08,10.17099,0.06023
MA90,greedy_ssm,384,1,0110011001010010,9.57155,9.7675,9.7675,10.01771,0.06023
MA90,greedy_ssm,384,1,0110011010001100,9.71537,9.74394,9.74394,10.11818,0.06023
MA90,greedy_ssm,384,1,0110011010100001,9.74462,9.98143,9.98143,10.17966,0.06023
MA90,greedy_ssm,384,1,0110011010101011,9.69276,10.01116,10.01116,10.16513,0.06023
MA90,greedy_ssm,384,1,0110011011110001,9.94998,10.02084,10.02084,10.16513,0.06023
MA90,greedy_ssm,384,1,0110011011110011,9.93821,10.04271,10.04271,10.12078,0.06023
MA90,greedy_ssm,384,1,0110011110100111,9.94819,10.10235,10.10235,10.13303,0.06023
MA90,greedy_ssm,384,1,0110011111100000,10.05683,10.13012,10.13012,10.13012,0.06023
MA90,greedy_ssm,384,1,0110011111111110,10.02994,10.07447,10.07447,10.12959,0.06023
MA90,greedy_ssm,384,1,0110100001001101,9.15057,9.47707,9.47707,10.0101,0.06023
MA90,greedy_ssm,384,1,0110100010100101,9.49605,9.77899,9.77899,9.95924,0.06023
MA90,greedy_ssm,384,1,0110100010101100,9.38319,9.79936,9.79936,9.89012,0.06023
MA90,greedy_ssm,384,1,0110100011010101,9.31592,9.82897,9.82897,9.98222,0.06023
MA90,greedy_ssm,384,1,0110100100000001,9.45269,9.70582,9.70582,9.98414,0.06023
MA90,greedy_ssm,384,1,0110100101100001,9.54688,9.94209,9.94209,10.11936,0.06023
MA90,greedy_ssm,384,1,0110100101101000,9.46081,9.85795,9.85795,10.07562,0.06023
MA90,greedy_ssm,384,1,0110100110001111,9.479,9.78541,9.78541,10.06634,0.06023
MA90,greedy_ssm,384,1,0110100110010101,9.47451,9.74071,9.74071,9.98145,0.06023
MA90,greedy_ssm,384,1,0110100110100111,9.79135,9.95239,9.95239,10.1172,0.06023
MA90,greedy_ssm,384,1,0110101000110010,9.44229,9.69404,9.69404,10.02278,0.06023
MA90,greedy_ssm,384,1,0110101001001010,9.39146,9.67998,9.67998,10.02407,0.06023
MA90,greedy_ssm,384,1,0110101001100001,9.75384,9.93149,9.93149,10.11936,0.06023
MA90,greedy_ssm,384,1,0110101001100101,9.77451,9.927,9.927,10.09516,0.06023
MA90,greedy_ssm,384,1,0110101011000101,9.49763,9.87143,9.87143,10.07259,0.06023
MA90,greedy_ssm,384,1,0110101011111010,9.72066,9.84872,9.84872,10.07426,0.06023
MA90,greedy_ssm,384,1,0110101100000111,9.64593,9.90151,9.90151,10.05422,0.06023
MA90,greedy_ssm,384,1,0110101101000110,9.6531,9.91871,9.91871,10.05422,0.06023
MA90,greedy_ssm,384,1,0110101101101101,9.93924,10.0947,10.0947,10.12959,0.06023
MA90,greedy_ssm,384,1,0110101110010011,9.72465,9.85946,9.85946,10.06058,0.06023
MA90,greedy_ssm,384,1,0110101110011011,9.61709,9.8495,9.8495,10.07426,0.06023
MA90,greedy_ssm,384,1,0110110001101001,9.48421,9.92206,9.92206,10.12259,0.06023
MA90,greedy_ssm,384,1,0110110001110001,9.67513,9.93588,9.93588,10.04872,0.06023
MA90,greedy_ssm,384,1,0110110010101110,9.3688,9.6984,9.6984,9.95331,0.06023
MA90,greedy_ssm,384,1,0110110011100101,9.63851,9.96293,9.96293,10.10556,0.06023
MA90,greedy_ssm,384,1,0110111001100010,9.61493,9.8578,9.8578,10.10305,0.06023
MA90,greedy_ssm,384,1,0110111001100100,9.80057,9.92871,9.92871,9.99674,0.06023
MA90,greedy_ssm,384,1,0110111001100111,9.78351,10.0121,10.0121,10.13303,0.06023
MA90,greedy_ssm,384,1,0110111001110010,9.63076,9.81806,9.81806,10.06058,0.06023
MA90,greedy_ssm,384,1,0110111001110101,9.80967,9.93278,9.93278,10.10212,0.06023
MA90,greedy_ssm,384,1,0110111011001000,9.54867,9.80636,9.80636,10.0625,0.06023
MA90,greedy_ssm,384,1,0110111011001010,9.4715,9.79896,9.79896,9.99903,0.06023
MA90,greedy_ssm,384,1,0110111100010100,9.53637,9.81533,9.81533,10.03744,0.06023
MA90,greedy_ssm,384,1,0110111100011100,9.60907,9.86671,9.86671,10.17252,0.06023
MA90,greedy_ssm,384,1,0110111101001111,9.71951,9.91204,9.91204,10.14085,0.06023
MA90,greedy_ssm,384,1,0110111101101110,9.88649,10.00683,10.00683,10.14085,0.06023
MA90,greedy_ssm,384,1,0110111110011110,9.59195,9.75398,9.75398,10.02994,0.06023
MA90,greedy_ssm,384,1,0110111110100010,9.76509,9.91604,9.91604,10.11246,0.06023
MA90,greedy_ssm,384,1,0111000001001101,9.00541,9.35164,9.35164,10.0101,0.06023
MA90,greedy_ssm,384,1,0111000011101010,9.40286,9.82367,9.82367,10.02992,0.06023
MA90,greedy_ssm,384,1,0111000011111111,9.62409,9.97374,9.97374,10.12084,0.06023
MA90,greedy_ssm,384,1,0111000100101000,9.46882,9.90807,9.90807,10.02438,0.06023
MA90,greedy_ssm,384,1,0111000101110000,9.63504,9.93864,9.93864,10.06807,0.06023
MA90,greedy_ssm,384,1,0111000101111011,9.7997,9.97182,9.97182,10.11273,0.06023
MA90,greedy_ssm,384,1,0111001000000011,9.35375,9.85673,9.85673,10.03672,0.06023
MA90,greedy_ssm,384,1,0111001010011001,9.31801,9.7713,9.7713,9.87972,0.06023
MA90,greedy_ssm,384,1,0111001011100000,9.69001,9.97029,9.97029,10.10562,0.06023
MA90,greedy_ssm,384,1,0111001100001001,9.5188,9.7757,9.7757,10.08783,0.06023
MA90,greedy_ssm,384,1,0111001110001111,9.45823,9.8625,9.8625,10.07507,0.06023
MA90,greedy_ssm,384,1,0111001110100110,9.61018,9.91558,9.91558,10.04732,0.06023
MA90,greedy_ssm,384,1,0111001110101010,9.6771,9.91558,9.91558,10.04732,0.06023
MA90,greedy_ssm,384,1,0111001111001111,9.48578,9.96347,9.96347,10.14085,0.06023
MA90,greedy_ssm,384,1,0111010001010110,8.97498,9.45013,9.45013,9.90335,0.06023
MA90,greedy_ssm,384,1,0111010001101101,9.39595,9.88648,9.88648,10.03638,0.06023
MA90,greedy_ssm,384,1,0111010011010010,8.98393,9.52883,9.52883,10.0423,0.06023
MA90,greedy_ssm,384,1,0111010110001100,9.22102,9.64179,9.64179,9.97089,0.06023
MA90,greedy_ssm,384,1,0111010110111101,9.64941,9.9452,9.9452,10.12084,0.06023
MA90,greedy_ssm,384,1,0111010111001111,9.33921,9.91054,9.91054,10.49653,0.06023
MA90,greedy_ssm,384,1,0111010111101111,9.91054,10.10161,10.10161,10.49653,0.06023
MA90,greedy_ssm,384,1,0111011000010011,9.44139,9.82011,9.82011,10.04384,0.06023
MA90,greedy_ssm,384,1,0111011011100000,9.67861,9.97484,9.97484,10.13012,0.06023
MA90,greedy_ssm,384,1,0111011110100001,9.88064,9.98143,9.98143,10.17966,0.06023
MA90,greedy_ssm,384,1,0111100000110001,9.79385,9.9485,9.9485,10.15038,0.06023
MA90,greedy_ssm,384,1,0111100001000001,9.35456,9.79032,9.79032,10.04708,0.06023
MA90,greedy_ssm,384,1,0111100001111111,9.95582,9.98269,9.98269,10.05991,0.06023
MA90,greedy_ssm,384,1,0111100011100010,9.76515,9.95494,9.95494,10.04498,0.06023
MA90,greedy_ssm,384,1,0111100011110100,9.97749,9.99895,9.99895,10.06922,0.06023
MA90,greedy_ssm,384,1,0111100111100101,9.94802,10.07259,10.07259,10.14958,0.06023
MA90,greedy_ssm,384,1,0111101001011100,9.76162,9.94224,9.94224,10.07576,0.06023
MA90,greedy_ssm,384,1,0111101001100010,9.85375,9.93227,9.93227,10.10305,0.06023
MA90,greedy_ssm,384,1,0111101010011011,9.77326,9.87029,9.87029,10.11544,0.06023
MA90,greedy_ssm,384,1,0111101011010111,9.77958,9.93261,9.93261,10.09201,0.06023
MA90,greedy_ssm,384,1,0111101110001110,9.73055,9.92248,9.92248,10.07507,0.06023
MA90,greedy_ssm,384,1,0111101110111100,9.96025,10.04487,10.04487,10.11619,0.06023
MA90,greedy_ssm,384,1,0111101111110000,10.03347,10.05481,10.05481,10.09197,0.06023
MA90,greedy_ssm,384,1,0111110000000010,9.33084,9.74478,9.74478,9.92137,0.06023
MA90,greedy_ssm,384,1,0111110000101011,9.86633,10.03304,10.03304,10.0359,0.06023
MA90,greedy_ssm,384,1,0111110000111011,9.852,9.98546,9.98546,10.0359,0.06023
MA90,greedy_ssm,384,1,0111110100010110,9.63837,9.81968,9.81968,10.0015,0.06023
MA90,greedy_ssm,384,1,0111110110001010,9.65893,9.88282,9.88282,10.07675,0.06023
MA90,greedy_ssm,384,1,0111111011000101,9.81466,9.98506,9.98506,10.11288,0.06023
MA90,greedy_ssm,384,1,0111111011010001,9.73257,9.96226,9.96226,10.11002,0.06023
MA90,greedy_ssm,384,1,0111111011011011,9.82138,9.94367,9.94367,10.12074,0.06023
MA90,greedy_ssm,384,1,0111111011101010,9.91282,9.99903,9.99903,10.14085,0.06023
MA90,greedy_ssm,384,1,0111111100001110,9.75498,9.87956,9.87956,10.10605,0.06023
MA90,greedy_ssm,384,1,1000000000100010,8.8594,9.42753,9.42753,9.91666,0.06023
MA90,greedy_ssm,384,1,1000000011111000,9.20278,9.79232,9.79232,10.02925,0.06023
MA90,greedy_ssm,384,1,1000000110001110,8.70336,9.41101,9.41101,9.95821,0.06023
MA90,greedy_ssm,384,1,1000000111110111,9.54436,10.02251,10.02251,10.10077,0.06023
MA90,greedy_ssm,384,1,1000001010010101,8.85129,9.61754,9.61754,9.76505,0.06023
MA90,greedy_ssm,384,1,1000001010111111,9.21301,9.68839,9.68839,10.03018,0.06023
MA90,greedy_ssm,384,1,1000001011000011,8.83853,9.63851,9.63851,10.01352,0.06023
MA90,greedy_ssm,384,1,1000001100000011,8.87252,9.67494,9.67494,10.01356,0.06023
MA90,greedy_ssm,384,1,1000001100101011,9.59663,9.89723,9.89723,10.02054,0.06023
MA90,greedy_ssm,384,1,1000001100110001,9.55304,9.85879,9.85879,10.07955,0.06023
MA90,greedy_ssm,384,1,1000001101000011,9.34989,9.82665,9.82665,10.13398,0.06023
MA90,greedy_ssm,384,1,1000001101111011,9.79214,9.95779,9.95779,10.08631,0.06023
MA90,greedy_ssm,384,1,1000001110000101,8.91918,9.68885,9.68885,10.11719,0.06023
MA90,greedy_ssm,384,1,1000001110101011,9.58616,9.91877,9.91877,10.12906,0.06023
MA90,greedy_ssm,384,1,1000010000011100,8.50843,9.2891,9.2891,9.9061,0.06023
MA90,greedy_ssm,384,1,1000010000111011,9.09235,9.71308,9.71308,9.97365,0.06023
MA90,greedy_ssm,384,1,1000010000111111,9.04263,9.69121,9.69121,10.00664,0.06023
MA90,greedy_ssm,384,1,1000010001010111,8.65238,9.53181,9.53181,9.9796,0.06023
MA90,greedy_ssm,384,1,1000010011011110,8.65543,9.50666,9.50666,9.9207,0.06023
MA90,greedy_ssm,384,1,1000010100110011,9.40209,9.89386,9.89386,10.00262,0.06023
MA90,greedy_ssm,384,1,1000010101000001,9.1043,9.63143,9.63143,10.07044,0.06023
MA90,greedy_ssm,384,1,1000010101011000,9.00009,9.70973,9.70973,9.98245,0.06023
MA90,greedy_ssm,384,1,1000010101101111,9.79189,10.01987,10.01987,10.10932,0.06023
MA90,greedy_ssm,384,1,1000011000011000,8.79712,9.56769,9.56769,9.88877,0.06023
MA90,greedy_ssm,384,1,1000011000101110,8.96104,9.578,9.578,9.95462,0.06023
MA90,greedy_ssm,384,1,1000011001000000,8.86892,9.52058,9.52058,10.08221,0.06023
MA90,greedy_ssm,384,1,1000011010100011,9.20682,9.687,9.687,10.01442,0.06023
MA90,greedy_ssm,384,1,1000011011001001,8.89844,9.68467,9.68467,10.16949,0.06023
MA90,greedy_ssm,384,1,1000011101100000,9.73428,10.08221,10.08221,10.13187,0.06023
MA90,greedy_ssm,384,1,1000011110011010,8.91307,9.58882,9.58882,9.9574,0.06023
MA90,greedy_ssm,384,1,1000011110111100,9.5528,9.97827,9.97827,10.09203,0.06023
MA90,greedy_ssm,384,1,1000100000011101,8.45892,9.28449,9.28449,9.85073,0.06023
MA90,greedy_ssm,384,1,1000100010111011,9.04407,9.5581,9.5581,9.94795,0.06023
MA90,greedy_ssm,384,1,1000100011010011,8.62222,9.41862,9.41862,9.98399,0.06023
MA90,greedy_ssm,384,1,1000100011011110,8.63166,9.19812,9.19812,9.82019,0.06023
MA90,greedy_ssm,384,1,1000100011100110,9.125,9.74019,9.74019,9.95561,0.06023
MA90,greedy_ssm,384,1,1000100011110110,9.08179,9.72394,9.72394,10.04074,0.06023
MA90,greedy_ssm,384,1,1000100100110011,9.38152,9.75609,9.75609,10.01692,0.06023
MA90,greedy_ssm,384,1,1000100101000100,9.09401,9.59976,9.59976,9.9748,0.06023
MA90,greedy_ssm,384,1,1000101000000101,8.76716,9.45376,9.45376,9.86321,0.06023
MA90,greedy_ssm,384,1,1000101000000111,8.74042,9.45466,9.45466,9.84906,0.06023
MA90,greedy_ssm,384,1,1000101001100011,9.41268,9.83672,9.83672,10.04312,0.06023
MA90,greedy_ssm,384,1,1000101011100111,9.5171,9.89782,9.89782,10.0742,0.06023
MA90,greedy_ssm,384,1,1000101100010010,8.68625,9.45273,9.45273,9.83441,0.06023
MA90,greedy_ssm,384,1,1000101100101001,9.47224,9.87106,9.87106,10.07431,0.06023
MA90,greedy_ssm,384,1,1000101110001100,8.9696,9.61107,9.61107,9.95804,0.06023
MA90,greedy_ssm,384,1,1000101110010111,8.82495,9.51083,9.51083,9.9748,0.06023
MA90,greedy_ssm,384,1,1000101110101100,9.52257,9.85621,9.85621,10.0174,0.06023
MA90,greedy_ssm,384,1,1000110000001001,8.48272,9.16731,9.16731,9.77539,0.06023
MA90,greedy_ssm,384,1,1000110001000011,8.63002,9.25161,9.25161,9.91992,0.06023
MA90,greedy_ssm,384,1,1000110001101100,9.22082,9.70994,9.70994,9.99453,0.06023
MA90,greedy_ssm,384,1,1000110011001000,8.74051,9.24501,9.24501,9.90794,0.06023
MA90,greedy_ssm,384,1,1000110011010000,8.69809,9.25364,9.25364,9.87361,0.06023
MA90,greedy_ssm,384,1,1000110011100000,9.29314,9.80049,9.80049,9.94953,0.06023
MA90,greedy_ssm,384,1,1000110100000000,8.66773,9.30096,9.30096,9.92946,0.06023
MA90,greedy_ssm,384,1,1000110100110111,9.32291,9.83093,9.83093,10.00333,0.06023
MA90,greedy_ssm,384,1,1000110110100111,9.36312,9.76106,9.76106,10.15082,0.06023
MA90,greedy_ssm,384,1,1000111000100101,8.98828,9.56762,9.56762,9.92522,0.06023
MA90,greedy_ssm,384,1,1000111001001100,8.89351,9.39164,9.39164,9.99453,0.06023
MA90,greedy_ssm,384,1,1000111010000001,8.73123,9.4671,9.4671,9.83775,0.06023
MA90,greedy_ssm,384,1,1000111011101101,9.47306,9.8868,9.8868,10.13806,0.06023
MA90,greedy_ssm,384,1,1000111100000111,8.84518,9.64369,9.64369,10.01018,0.06023
MA90,greedy_ssm,384,1,1000111100011111,8.84917,9.67024,9.67024,9.96596,0.06023
MA90,greedy_ssm,384,1,1000111100100110,9.3007,9.73662,9.73662,9.96292,0.06023
MA90,greedy_ssm,384,1,1000111100111110,9.36659,9.76661,9.76661,10.00074,0.06023
MA90,greedy_ssm,384,1,1000111101010101,9.39111,9.79389,9.79389,10.02071,0.06023
MA90,greedy_ssm,384,1,1000111101011101,9.49862,9.83943,9.83943,10.07164,0.06023
MA90,greedy_ssm,384,1,1000111101101011,9.74098,10.01969,10.01969,10.09796,0.06023
MA90,greedy_ssm,384,1,1000111101110101,9.70619,9.93416,9.93416,10.07968,0.06023
MA90,greedy_ssm,384,1,1000111110000010,8.79165,9.38284,9.38284,9.88229,0.06023
MA90,greedy_ssm,384,1,1000111111110001,9.74575,10.02069,10.02069,10.09913,0.06023
MA90,greedy_ssm,384,1,1000111111111110,9.64099,9.93499,9.93499,10.07271,0.06023
MA90,greedy_ssm,384,1,1001000000001011,8.23866,8.91294,8.91294,9.84171,0.06023
MA90,greedy_ssm,384,1,1001000001010000,8.31885,8.94653,8.94653,9.87234,0.06023
MA90,greedy_ssm,384,1,1001000010000101,8.43805,8.91193,8.91193,9.81943,0.06023
MA90,greedy_ssm,384,1,1001000011110000,8.95558,9.69953,9.69953,9.96556,0.06023
MA90,greedy_ssm,384,1,1001000011111100,8.96853,9.64327,9.64327,10.00644,0.06023
MA90,greedy_ssm,384,1,1001000011111101,8.92158,9.75515,9.75515,10.01655,0.06023
MA90,greedy_ssm,384,1,1001000100000001,8.46409,9.13575,9.13575,9.91254,0.06023
MA90,greedy_ssm,384,1,1001000101111100,9.24094,9.89069,9.89069,9.98719,0.06023
MA90,greedy_ssm,384,1,1001000110000110,8.44616,9.01316,9.01316,9.86688,0.06023
MA90,greedy_ssm,384,1,1001000111000101,8.76181,9.55353,9.55353,9.96641,0.06023
MA90,greedy_ssm,384,1,1001001001000101,8.66913,9.31929,9.31929,10.00343,0.06023
MA90,greedy_ssm,384,1,1001001001011010,8.50164,9.28985,9.28985,9.83069,0.06023
MA90,greedy_ssm,384,1,1001001111011010,8.76963,9.57678,9.57678,9.93825,0.06023
MA90,greedy_ssm,384,1,1001010010011110,8.3154,8.80676,8.80676,9.6445,0.06023
MA90,greedy_ssm,384,1,1001010100001111,8.46071,9.17378,9.17378,9.98627,0.06023
MA90,greedy_ssm,384,1,1001010101011110,8.76663,9.49352,9.49352,9.97672,0.06023
MA90,greedy_ssm,384,1,1001010110100111,9.09997,9.72894,9.72894,10.0347,0.06023
MA90,greedy_ssm,384,1,1001010110111100,9.04227,9.70562,9.70562,9.99789,0.06023
MA90,greedy_ssm,384,1,1001011000010110,8.47682,9.08856,9.08856,9.74494,0.06023
MA90,greedy_ssm,384,1,1001011001100000,8.96466,9.76794,9.76794,9.99991,0.06023
MA90,greedy_ssm,384,1,1001011010011100,8.60133,9.26196,9.26196,9.77422,0.06023
MA90,greedy_ssm,384,1,1001011011110100,8.99664,9.69968,9.69968,10.00458,0.06023
MA90,greedy_ssm,384,1,1001011100000001,8.71006,9.4027,9.4027,10.03862,0.06023
MA90,greedy_ssm,384,1,1001011100110000,9.16157,9.68395,9.68395,10.05102,0.06023
MA90,greedy_ssm,384,1,1001011101010101,8.91918,9.67884,9.67884,10.02071,0.06023
MA90,greedy_ssm,384,1,1001011101100110,9.22351,9.84066,9.84066,10.10137,0.06023
MA90,greedy_ssm,384,1,1001011110111010,9.17933,9.6593,9.6593,9.91915,0.06023
MA90,greedy_ssm,384,1,1001100000001011,8.91294,9.76172,9.76172,9.9547,0.06023
MA90,greedy_ssm,384,1,1001100001110000,9.73224,9.87234,9.87234,9.98652,0.06023
MA90,greedy_ssm,384,1,1001100010001011,8.91492,9.60017,9.60017,9.96531,0.06023
MA90,greedy_ssm,384,1,1001100110001011,9.14465,9.77164,9.77164,10.08711,0.06023
MA90,greedy_ssm,384,1,1001100110101001,9.70589,9.87484,9.87484,10.08711,0.06023
MA90,greedy_ssm,384,1,1001100110111011,9.69501,9.94768,9.94768,10.28605,0.06023
MA90,greedy_ssm,384,1,1001100111011100,9.50444,9.91786,9.91786,10.02107,0.06023
MA90,greedy_ssm,384,1,1001100111101100,9.85428,9.96641,9.96641,10.02716,0.06023
MA90,greedy_ssm,384,1,1001101000110101,9.60113,9.78544,9.78544,10.01696,0.06023
MA90,greedy_ssm,384,1,1001101001100100,9.74482,9.98545,9.98545,10.06008,0.06023
MA90,greedy_ssm,384,1,1001101010110011,9.53395,9.81915,9.81915,10.0492,0.06023
MA90,greedy_ssm,384,1,1001101011011011,9.43862,9.83065,9.83065,10.08272,0.06023
MA90,greedy_ssm,384,1,1001101011111111,9.83271,9.98117,9.98117,10.11496,0.06023
MA90,greedy_ssm,384,1,1001101100000011,9.36397,9.85477,9.85477,10.04312,0.06023
MA90,greedy_ssm,384,1,1001101100011011,9.41273,9.85681,9.85681,10.04075,0.06023
MA90,greedy_ssm,384,1,1001101101101010,9.80134,9.9372,9.9372,9.99844,0.06023
MA90,greedy_ssm,384,1,1001101110010011,9.37945,9.80547,9.80547,10.0492,0.06023
MA90,greedy_ssm,384,1,1001101111011111,9.71932,9.92572,9.92572,10.11496,0.06023
MA90,greedy_ssm,384,1,1001110000000110,8.79581,9.42109,9.42109,9.91938,0.06023
MA90,greedy_ssm,384,1,1001110001111110,9.56439,9.87042,9.87042,10.01351,0.06023
MA90,greedy_ssm,384,1,1001110010011010,8.86567,9.51512,9.51512,9.76456,0.06023
MA90,greedy_ssm,384,1,1001110010110101,9.43331,9.81422,9.81422,10.03175,0.06023
MA90,greedy_ssm,384,1,1001110100101000,9.78419,9.87605,9.87605,9.96027,0.06023
MA90,greedy_ssm,384,1,1001110100101110,9.66445,9.97672,9.97672,10.04176,0.06023
MA90,greedy_ssm,384,1,1001110101101000,9.77332,9.94116,9.94116,10.00681,0.06023
MA90,greedy_ssm,384,1,1001110101111100,9.85509,9.91489,9.91489,9.98719,0.06023
MA90,greedy_ssm,384,1,1001110110100111,9.72894,9.93891,9.93891,10.14238,0.06023
MA90,greedy_ssm,384,1,1001111000100110,9.31246,9.71215,9.71215,9.97624,0.06023
MA90,greedy_ssm,384,1,1001111010010100,9.27276,9.75215,9.75215,9.94094,0.06023
MA90,greedy_ssm,384,1,1001111010101011,9.58325,9.82501,9.82501,10.08444,0.06023
MA90,greedy_ssm,384,1,1001111010101110,9.3561,9.72587,9.72587,9.99955,0.06023
MA90,greedy_ssm,384,1,1001111011001001,9.50373,9.83634,9.83634,10.04679,0.06023
MA90,greedy_ssm,384,1,1001111011100001,9.8385,9.99519,9.99519,10.12237,0.06023
MA90,greedy_ssm,384,1,1001111011100110,9.67463,9.85539,9.85539,10.06505,0.06023
MA90,greedy_ssm,384,1,1001111110011110,9.28098,9.68113,9.68113,9.97275,0.06023
MA90,greedy_ssm,384,1,1010000011101110,9.72827,9.95821,9.95821,10.17099,0.06023
MA90,greedy_ssm,384,1,1010000101110110,9.87342,9.98114,9.98114,10.04203,0.06023
MA90,greedy_ssm,384,1,1010000111101011,10.0228,10.11306,10.11306,10.11306,0.06023
MA90,greedy_ssm,384,1,1010001010010110,9.38088,9.60553,9.60553,9.95398,0.06023
MA90,greedy_ssm,384,1,1010001010100010,9.47343,9.82631,9.82631,9.98706,0.06023
MA90,greedy_ssm,384,1,1010001010111110,9.5241,9.75588,9.75588,10.03018,0.06023
MA90,greedy_ssm,384,1,1010001100011110,9.58509,9.77382,9.77382,10.01115,0.06023
MA90,greedy_ssm,384,1,1010001101011010,9.66462,9.86391,9.86391,10.03488,0.06023
MA90,greedy_ssm,384,1,1010001101101111,10.12085,10.12085,10.12085,10.12085,0.06023
MA90,greedy_ssm,384,1,1010001110100100,9.86139,10.00743,10.00743,10.11977,0.06023
MA90,greedy_ssm,384,1,1010001111001101,9.78443,10.07958,10.07958,10.16949,0.06023
MA90,greedy_ssm,384,1,1010001111011010,9.67169,9.93023,9.93023,10.07909,0.06023
MA90,greedy_ssm,384,1,1010010000011001,9.40318,9.69334,9.69334,9.95724,0.06023
MA90,greedy_ssm,384,1,1010010001000110,9.20695,9.87911,9.87911,10.02104,0.06023
MA90,greedy_ssm,384,1,1010010010010101,9.3293,9.61399,9.61399,10.01912,0.06023
MA90,greedy_ssm,384,1,1010010010111110,9.39803,9.78128,9.78128,9.96024,0.06023
MA90,greedy_ssm,384,1,1010010011110000,9.84311,10.01912,10.01912,10.07925,0.06023
MA90,greedy_ssm,384,1,1010011000110101,9.58872,9.86336,9.86336,10.0791,0.06023
MA90,greedy_ssm,384,1,1010011100101011,9.88221,10.01293,10.01293,10.16949,0.06023
MA90,greedy_ssm,384,1,1010011101100001,10.07044,10.10981,10.10981,10.17966,0.06023
MA90,greedy_ssm,384,1,1010011110000011,9.63619,9.88318,9.88318,10.10097,0.06023
MA90,greedy_ssm,384,1,1010011111010011,9.82317,9.98785,9.98785,10.06745,0.06023
MA90,greedy_ssm,384,1,1010100001110100,9.65883,9.81621,9.81621,9.93406,0.06023
MA90,greedy_ssm,384,1,1010100011110011,9.83699,9.98399,9.98399,10.08052,0.06023
MA90,greedy_ssm,384,1,1010100100011100,9.51087,9.7566,9.7566,10.01539,0.06023
MA90,greedy_ssm,384,1,1010100100111001,9.69855,9.89197,9.89197,10.00067,0.06023
MA90,greedy_ssm,384,1,1010100101100100,9.61968,9.89419,9.89419,10.06008,0.06023
MA90,greedy_ssm,384,1,1010100110000000,9.26104,9.63326,9.63326,9.97658,0.06023
MA90,greedy_ssm,384,1,1010100110011010,9.33005,9.66892,9.66892,9.95335,0.06023
MA90,greedy_ssm,384,1,1010100110100001,9.61841,9.8711,9.8711,10.09275,0.06023
MA90,greedy_ssm,384,1,1010100110101111,9.77923,9.97312,9.97312,10.14238,0.06023
MA90,greedy_ssm,384,1,1010101000100110,9.41898,9.79606,9.79606,9.99529,0.06023
MA90,greedy_ssm,384,1,1010101001100000,9.74257,9.94098,9.94098,10.08221,0.06023
MA90,greedy_ssm,384,1,1010101001110100,9.7904,9.90798,9.90798,10.0576,0.06023
MA90,greedy_ssm,384,1,1010101100101111,9.88532,10.01339,10.01339,10.13717,0.06023
MA90,greedy_ssm,384,1,1010101101010101,9.74866,9.9732,9.9732,10.07337,0.06023
MA90,greedy_ssm,384,1,1010110000101001,9.50627,9.77539,9.77539,9.96804,0.06023
MA90,greedy_ssm,384,1,1010110000110110,9.33703,9.70237,9.70237,9.89428,0.06023
MA90,greedy_ssm,384,1,1010110010010111,9.1352,9.65557,9.65557,9.96948,0.06023
MA90,greedy_ssm,384,1,1010110010100000,9.35744,9.8441,9.8441,9.94953,0.06023
MA90,greedy_ssm,384,1,1010110100011100,9.41348,9.78957,9.78957,9.95196,0.06023
MA90,greedy_ssm,384,1,1010110110111001,9.78151,9.93782,9.93782,10.06354,0.06023
MA90,greedy_ssm,384,1,1010110111001100,9.44158,9.80086,9.80086,10.04137,0.06023
MA90,greedy_ssm,384,1,1010111010010110,9.39185,9.69366,9.69366,9.78396,0.06023
MA90,greedy_ssm,384,1,1010111010111011,9.61041,9.87408,9.87408,10.03812,0.06023
MA90,greedy_ssm,384,1,1010111011110001,9.87758,10.02069,10.02069,10.09913,0.06023
MA90,greedy_ssm,384,1,1010111011111010,9.68015,9.86015,9.86015,10.03812,0.06023
MA90,greedy_ssm,384,1,1010111101000010,9.55593,9.79726,9.79726,10.09093,0.06023
MA90,greedy_ssm,384,1,1010111101100000,9.85392,10.08221,10.08221,10.08221,0.06023
MA90,greedy_ssm,384,1,1011000001001110,8.85222,9.41088,9.41088,9.96037,0.06023
MA90,greedy_ssm,384,1,1011000100000100,9.14111,9.7849,9.7849,9.99529,0.06023
MA90,greedy_ssm,384,1,1011000101100010,9.4777,9.91666,9.91666,10.06603,0.06023
MA90,greedy_ssm,384,1,1011000110100101,9.5145,9.92961,9.92961,9.99382,0.06023
MA90,greedy_ssm,384,1,1011000110110111,9.66006,9.89918,9.89918,10.13581,0.06023
MA90,greedy_ssm,384,1,1011000111101001,9.6582,10.09128,10.09128,10.09128,0.06023
MA90,greedy_ssm,384,1,1011001001010100,9.12668,9.85586,9.85586,10.01796,0.06023
MA90,greedy_ssm,384,1,1011001001100011,9.4866,9.94032,9.94032,10.11473,0.06023
MA90,greedy_ssm,384,1,1011001001110101,9.44824,9.91092,9.91092,10.09772,0.06023
MA90,greedy_ssm,384,1,1011001010000001,9.25782,9.76882,9.76882,9.85074,0.06023
MA90,greedy_ssm,384,1,1011001010000111,9.21141,9.7339,9.7339,9.9081,0.06023
MA90,greedy_ssm,384,1,1011001010101110,9.17781,9.75504,9.75504,10.03699,0.06023
MA90,greedy_ssm,384,1,1011001011001110,9.01628,9.7254,9.7254,10.03699,0.06023
MA90,greedy_ssm,384,1,1011001011111010,9.38718,9.85071,9.85071,10.00262,0.06023
MA90,greedy_ssm,384,1,1011001100001101,9.3252,9.86308,9.86308,10.03626,0.06023
MA90,greedy_ssm,384,1,1011001100101111,9.7562,10.01339,10.01339,10.13717,0.06023
MA90,greedy_ssm,384,1,1011001100111100,9.66639,9.94911,9.94911,10.0387,0.06023
MA90,greedy_ssm,384,1,1011001110011101,9.39928,9.79381,9.79381,10.04514,0.06023
MA90,greedy_ssm,384,1,1011001110110100,9.7422,9.94419,9.94419,10.07728,0.06023
MA90,greedy_ssm,384,1,1011001110111100,9.74379,9.97897,9.97897,10.0644,0.06023
MA90,greedy_ssm,384,1,1011001111100010,9.73202,9.96089,9.96089,10.12237,0.06023
MA90,greedy_ssm,384,1,1011001111100111,9.91124,10.05735,10.05735,10.12854,0.06023
MA90,greedy_ssm,384,1,1011010011000010,8.9035,9.39439,9.39439,9.94994,0.06023
MA90,greedy_ssm,384,1,1011010011100100,9.45992,9.96718,9.96718,10.04266,0.06023
MA90,greedy_ssm,384,1,1011010011110000,9.45078,9.87361,9.87361,10.05577,0.06023
MA90,greedy_ssm,384,1,1011010100001110,8.99344,9.60365,9.60365,9.98627,0.06023
MA90,greedy_ssm,384,1,1011010100110100,9.53247,9.83486,9.83486,9.99231,0.06023
MA90,greedy_ssm,384,1,1011010101110100,9.66259,9.93325,9.93325,10.07925,0.06023
MA90,greedy_ssm,384,1,1011010101110111,9.88206,9.9796,9.9796,10.09711,0.06023
MA90,greedy_ssm,384,1,1011010110000101,9.08367,9.72802,9.72802,9.97887,0.06023
MA90,greedy_ssm,384,1,1011010111101000,9.6258,9.92448,9.92448,10.09825,0.06023
MA90,greedy_ssm,384,1,1011011001000111,9.10955,9.77298,9.77298,10.10137,0.06023
MA90,greedy_ssm,384,1,1011011010011010,9.10298,9.72447,9.72447,9.88825,0.06023
MA90,greedy_ssm,384,1,1011011010011011,9.16988,9.7326,9.7326,9.93069,0.06023
MA90,greedy_ssm,384,1,1011011101000100,9.37987,9.84299,9.84299,10.09567,0.06023
MA90,greedy_ssm,384,1,1011011101000111,9.42302,9.91173,9.91173,10.13258,0.06023
MA90,greedy_ssm,384,1,1011011111010111,9.52394,9.89043,9.89043,10.10097,0.06023
MA90,greedy_ssm,384,1,1011100000100111,9.91488,9.99148,9.99148,10.07077,0.06023
MA90,greedy_ssm,384,1,1011100001111111,9.96598,9.96598,9.96598,10.0644,0.06023
MA90,greedy_ssm,384,1,1011100010000101,9.50847,9.81943,9.81943,9.94208,0.06023
MA90,greedy_ssm,384,1,1011100010100100,9.80784,9.87484,9.87484,10.01655,0.06023
MA90,greedy_ssm,384,1,1011100011011110,9.6283,9.7864,9.7864,10.11496,0.06023
MA90,greedy_ssm,384,1,1011100011101111,9.92692,10.04262,10.04262,10.14238,0.06023
MA90,greedy_ssm,384,1,1011100100011011,9.87337,9.91713,9.91713,9.97852,0.06023
MA90,greedy_ssm,384,1,1011100110101010,9.82514,9.96531,9.96531,10.19812,0.06023
MA90,greedy_ssm,384,1,1011100111000110,9.67517,9.91077,9.91077,10.1172,0.06023
MA90,greedy_ssm,384,1,1011100111101011,10.08711,10.19812,10.19812,10.19812,0.06023
MA90,greedy_ssm,384,1,1011101010000010,9.66594,9.77314,9.77314,9.8337,0.06023
MA90,greedy_ssm,384,1,1011101010011110,9.66161,9.76946,9.76946,9.98117,0.06023
MA90,greedy_ssm,384,1,1011101011010001,9.80689,9.95817,9.95817,10.09275,0.06023
MA90,greedy_ssm,384,1,1011101101000000,9.86344,10.0045,10.0045,10.11473,0.06023
MA90,greedy_ssm,384,1,1011101101110010,9.87303,10.01561,10.01561,10.06996,0.06023
MA90,greedy_ssm,384,1,1011101110001100,9.76969,9.94034,9.94034,10.07844,0.06023
MA90,greedy_ssm,384,1,1011101111010000,9.81714,10.04613,10.04613,10.09197,0.06023
MA90,greedy_ssm,384,1,1011101111110000,10.04613,10.05577,10.05577,10.09197,0.06023
MA90,greedy_ssm,384,1,1011101111110001,10.0494,10.09275,10.09275,10.11473,0.06023
MA90,greedy_ssm,384,1,1011110001111101,9.95404,10.07682,10.07682,10.07682,0.06023
MA90,greedy_ssm,384,1,1011110010000101,9.5494,9.81977,9.81977,9.85326,0.06023
MA90,greedy_ssm,384,1,1011110010111111,9.73103,9.95772,9.95772,10.28605,0.06023
MA90,greedy_ssm,384,1,1011110011011011,9.6771,9.94754,9.94754,10.28605,0.06023
MA90,greedy_ssm,384,1,1011110100010100,9.6834,9.83486,9.83486,9.99231,0.06023
MA90,greedy_ssm,384,1,1011111000110010,9.69764,9.83217,9.83217,10.04468,0.06023
MA90,greedy_ssm,384,1,1011111010110100,9.71706,9.94094,9.94094,10.07271,0.06023
MA90,greedy_ssm,384,1,1011111111010000,9.82896,10.05577,10.05577,10.09197,0.06023
MA90,greedy_ssm,384,1,1100000000011100,8.54207,9.45694,9.45694,9.76801,0.06023
MA90,greedy_ssm,384,1,1100000001010110,8.57068,9.30952,9.30952,9.93015,0.06023
MA90,greedy_ssm,384,1,1100000001101110,9.1464,9.81617,9.81617,10.06853,0.06023
MA90,greedy_ssm,384,1,1100000010100111,9.10784,9.62401,9.62401,10.08982,0.06023
MA90,greedy_ssm,384,1,1100000011001001,8.87322,9.44039,9.44039,10.03547,0.06023
MA90,greedy_ssm,384,1,1100000100000111,8.82058,9.70323,9.70323,10.03976,0.06023
MA90,greedy_ssm,384,1,1100000100001000,8.8179,9.66834,9.66834,9.90807,0.06023
MA90,greedy_ssm,384,1,1100000100001100,8.94023,9.70728,9.70728,9.97327,0.06023
MA90,greedy_ssm,384,1,1100000100011110,8.76706,9.6322,9.6322,9.94025,0.06023
MA90,greedy_ssm,384,1,1100000100101000,9.35345,9.79868,9.79868,9.97327,0.06023
MA90,greedy_ssm,384,1,1100000101001000,9.12658,9.69244,9.69244,9.92166,0.06023
MA90,greedy_ssm,384,1,1100000101001101,9.14637,9.70319,9.70319,10.07753,0.06023
MA90,greedy_ssm,384,1,1100000101110100,9.73891,10.00968,10.00968,10.06807,0.06023
MA90,greedy_ssm,384,1,1100000111101110,9.60181,9.95606,9.95606,10.49653,0.06023
MA90,greedy_ssm,384,1,1100001000110110,9.01598,9.62734,9.62734,9.93388,0.06023
MA90,greedy_ssm,384,1,1100001000111110,9.04185,9.64996,9.64996,9.96827,0.06023
MA90,greedy_ssm,384,1,1100001001001110,8.7848,9.56913,9.56913,10.03155,0.06023
MA90,greedy_ssm,384,1,1100001001111001,9.32343,9.90146,9.90146,10.11328,0.06023
MA90,greedy_ssm,384,1,1100001011010001,8.90815,9.74305,9.74305,10.0661,0.06023
MA90,greedy_ssm,384,1,1100001100101000,9.55473,9.89021,9.89021,10.07562,0.06023
MA90,greedy_ssm,384,1,1100001100110101,9.63373,9.89613,9.89613,10.08059,0.06023
MA90,greedy_ssm,384,1,1100001101101100,9.79327,10.05858,10.05858,10.10964,0.06023
MA90,greedy_ssm,384,1,1100001110001000,9.00186,9.73649,9.73649,10.02522,0.06023
MA90,greedy_ssm,384,1,1100001110111100,9.56143,9.99487,9.99487,10.12791,0.06023
MA90,greedy_ssm,384,1,1100010000100111,9.04487,9.76753,9.76753,10.06968,0.06023
MA90,greedy_ssm,384,1,1100010011001010,8.77007,9.51357,9.51357,10.0097,0.06023
MA90,greedy_ssm,384,1,1100010011111000,9.31164,9.89124,9.89124,10.06241,0.06023
MA90,greedy_ssm,384,1,1100010101001010,9.10136,9.72267,9.72267,10.10226,0.06023
MA90,greedy_ssm,384,1,1100010101101010,9.72267,10.0058,10.0058,10.11846,0.06023
MA90,greedy_ssm,384,1,1100010101110011,9.70795,9.96797,9.96797,10.11026,0.06023
MA90,greedy_ssm,384,1,1100011000010100,8.93044,9.73375,9.73375,9.92607,0.06023
MA90,greedy_ssm,384,1,1100011010100110,8.95936,9.58281,9.58281,10.02107,0.06023
MA90,greedy_ssm,384,1,1100011011011011,8.9712,9.66897,9.66897,10.00434,0.06023
MA90,greedy_ssm,384,1,1100011011011110,8.83911,9.64461,9.64461,9.9666,0.06023
MA90,greedy_ssm,384,1,1100011100000111,9.11022,9.76891,9.76891,10.04955,0.06023
MA90,greedy_ssm,384,1,1100011100111000,9.51472,9.90676,9.90676,10.07481,0.06023
MA90,greedy_ssm,384,1,1100011101000011,9.38405,9.8723,9.8723,10.13398,0.06023
MA90,greedy_ssm,384,1,1100011101001100,9.37186,9.87976,9.87976,10.10964,0.06023
MA90,greedy_ssm,384,1,1100011110000000,9.02732,9.62344,9.62344,10.08115,0.06023
MA90,greedy_ssm,384,1,1100011110000101,9.09243,9.74635,9.74635,10.11077,0.06023
MA90,greedy_ssm,384,1,1100011110111110,9.57194,9.88292,9.88292,10.08118,0.06023
MA90,greedy_ssm,384,1,1100011111000011,9.42129,9.84346,9.84346,10.17966,0.06023
MA90,greedy_ssm,384,1,1100011111011110,9.18842,9.73268,9.73268,10.08118,0.06023
MA90,greedy_ssm,384,1,1100100000001010,8.51974,9.12427,9.12427,9.80328,0.06023
MA90,greedy_ssm,384,1,1100100000010100,8.48295,9.18554,9.18554,9.88627,0.06023
MA90,greedy_ssm,384,1,1100100000011011,8.6146,9.36734,9.36734,9.92861,0.06023
MA90,greedy_ssm,384,1,1100100011101000,9.31324,9.78156,9.78156,9.94536,0.06023
MA90,greedy_ssm,384,1,1100100011110100,9.34139,9.7373,9.7373,10.00936,0.06023
MA90,greedy_ssm,384,1,1100100100000110,8.68678,9.35234,9.35234,9.86773,0.06023
MA90,greedy_ssm,384,1,1100100101000011,9.17177,9.73594,9.73594,10.02454,0.06023
MA90,greedy_ssm,384,1,1100100110101001,9.3708,9.72431,9.72431,10.0115,0.06023
MA90,greedy_ssm,384,1,1100100111000100,9.06221,9.61544,9.61544,10.02507,0.06023
MA90,greedy_ssm,384,1,1100100111011000,9.10572,9.70045,9.70045,9.96841,0.06023
MA90,greedy_ssm,384,1,1100100111101011,9.79086,9.97534,9.97534,10.11989,0.06023
MA90,greedy_ssm,384,1,1100101000110101,9.18502,9.67597,9.67597,9.95465,0.06023
MA90,greedy_ssm,384,1,1100101001000010,8.79325,9.31748,9.31748,9.89049,0.06023
MA90,greedy_ssm,384,1,1100101001011001,8.99961,9.6038,9.6038,9.95373,0.06023
MA90,greedy_ssm,384,1,1100101010011000,8.80704,9.52452,9.52452,9.83391,0.06023
MA90,greedy_ssm,384,1,1100101011000010,8.83951,9.39876,9.39876,9.83126,0.06023
MA90,greedy_ssm,384,1,1100101101110011,9.70016,9.95104,9.95104,10.15038,0.06023
MA90,greedy_ssm,384,1,1100101110111110,9.48275,9.82448,9.82448,10.05238,0.06023
MA90,greedy_ssm,384,1,1100101111110111,9.83977,9.95266,9.95266,10.15038,0.06023
MA90,greedy_ssm,384,1,1100110001000110,8.68639,9.1672,9.1672,9.86587,0.06023
MA90,greedy_ssm,384,1,1100110001010101,8.7953,9.3631,9.3631,9.92219,0.06023
MA90,greedy_ssm,384,1,1100110010000011,8.57415,9.24441,9.24441,9.79289,0.06023
MA90,greedy_ssm,384,1,1100110010000100,8.60269,9.19787,9.19787,9.81741,0.06023
MA90,greedy_ssm,384,1,1100110011000011,8.78826,9.58691,9.58691,9.97246,0.06023
MA90,greedy_ssm,384,1,1100110101010001,9.32356,9.84756,9.84756,10.00553,0.06023
MA90,greedy_ssm,384,1,1100111001110001,9.44499,9.83559,9.83559,10.09686,0.06023
MA90,greedy_ssm,384,1,1100111100011010,8.80224,9.52945,9.52945,9.90592,0.06023
MA90,greedy_ssm,384,1,1100111101101110,9.72482,9.93611,9.93611,10.10964,0.06023
MA90,greedy_ssm,384,1,1100111101110010,9.69313,9.92285,9.92285,10.05419,0.06023
MA90,greedy_ssm,384,1,1100111110000111,8.99649,9.6426,9.6426,10.02235,0.06023
MA90,greedy_ssm,384,1,1101000001101000,8.94271,9.67504,9.67504,10.01602,0.06023
MA90,greedy_ssm,384,1,1101000010100101,8.84227,9.50183,9.50183,9.95924,0.06023
MA90,greedy_ssm,384,1,1101000011000100,8.61236,9.11067,9.11067,9.94055,0.06023
MA90,greedy_ssm,384,1,1101000011011100,8.64409,9.28035,9.28035,9.92796,0.06023
MA90,greedy_ssm,384,1,1101000011100111,8.92855,9.79327,9.79327,10.1172,0.06023
MA90,greedy_ssm,384,1,1101000100000110,8.4725,9.11403,9.11403,9.86773,0.06023
MA90,greedy_ssm,384,1,1101000101011001,8.83275,9.79935,9.79935,10.00553,0.06023
MA90,greedy_ssm,384,1,1101000101100010,9.16034,9.79768,9.79768,10.02454,0.06023
MA90,greedy_ssm,384,1,1101000110110101,9.12431,9.73613,9.73613,10.02817,0.06023
MA90,greedy_ssm,384,1,1101000110111001,9.17533,9.70021,9.70021,10.04164,0.06023
MA90,greedy_ssm,384,1,1101000110111101,9.17571,9.79008,9.79008,10.02971,0.06023
MA90,greedy_ssm,384,1,1101000111000101,8.75795,9.53059,9.53059,10.01332,0.06023
MA90,greedy_ssm,384,1,1101001000011110,8.59601,9.20899,9.20899,9.8323,0.06023
MA90,greedy_ssm,384,1,1101001001111000,8.95424,9.76051,9.76051,10.00407,0.06023
MA90,greedy_ssm,384,1,1101001011110010,8.74488,9.62513,9.62513,9.96593,0.06023
MA90,greedy_ssm,384,1,1101001110101011,9.52428,9.85848,9.85848,10.11396,0.06023
MA90,greedy_ssm,384,1,1101001110111101,9.32451,9.90456,9.90456,10.11619,0.06023
MA90,greedy_ssm,384,1,1101001111001010,8.8873,9.69036,9.69036,10.00726,0.06023
MA90,greedy_ssm,384,1,1101001111101001,9.6655,9.97135,9.97135,10.12428,0.06023
MA90,greedy_ssm,384,1,1101010001000101,8.50625,9.10003,9.10003,9.99742,0.06023
MA90,greedy_ssm,384,1,1101010001010011,8.53186,9.13262,9.13262,9.99321,0.06023
MA90,greedy_ssm,384,1,1101010010100010,8.70412,9.27676,9.27676,9.90754,0.06023
MA90,greedy_ssm,384,1,1101010010101100,8.88982,9.44236,9.44236,9.96477,0.06023
MA90,greedy_ssm,384,1,1101010011101000,9.00207,9.84793,9.84793,9.92985,0.06023
MA90,greedy_ssm,384,1,1101010100001100,8.62259,9.29117,9.29117,9.87515,0.06023
MA90,greedy_ssm,384,1,1101010110000110,8.50121,9.09552,9.09552,9.89637,0.06023
MA90,greedy_ssm,384,1,1101010110001110,8.56492,9.16782,9.16782,9.90123,0.06023
MA90,greedy_ssm,384,1,1101010110101110,9.06593,9.63805,9.63805,10.00126,0.06023
MA90,greedy_ssm,384,1,1101010110111001,9.17526,9.73996,9.73996,10.03021,0.06023
MA90,greedy_ssm,384,1,1101010110111011,9.2716,9.76692,9.76692,10.08334,0.06023
MA90,greedy_ssm,384,1,1101010111000110,8.6396,9.49722,9.49722,9.95633,0.06023
MA90,greedy_ssm,384,1,1101011000000110,8.57373,9.22469,9.22469,9.86378,0.06023
MA90,greedy_ssm,384,1,1101011001110110,8.74578,9.66859,9.66859,9.99269,0.06023
MA90,greedy_ssm,384,1,1101011010010111,8.72002,9.47238,9.47238,9.83455,0.06023
MA90,greedy_ssm,384,1,1101011010101100,8.92265,9.59229,9.59229,10.06162,0.06023
MA90,greedy_ssm,384,1,1101011011001000,8.70823,9.6706,9.6706,9.93934,0.06023
MA90,greedy_ssm,384,1,1101011011011011,8.71073,9.59372,9.59372,9.94184,0.06023
MA90,greedy_ssm,384,1,1101011100100111,9.46445,9.84455,9.84455,10.13258,0.06023
MA90,greedy_ssm,384,1,1101011110011100,8.83096,9.48187,9.48187,9.971,0.06023
MA90,greedy_ssm,384,1,1101011110101110,9.34634,9.71155,9.71155,10.00568,0.06023
MA90,greedy_ssm,384,1,1101011111000001,8.91935,9.67935,9.67935,10.05198,0.06023
MA90,greedy_ssm,384,1,1101100011000100,9.11067,9.89233,9.89233,9.95924,0.06023
MA90,greedy_ssm,384,1,1101100100000110,9.10422,9.76596,9.76596,9.94522,0.06023
MA90,greedy_ssm,384,1,1101100101100111,9.94522,10.01348,10.01348,10.14366,0.06023
MA90,greedy_ssm,384,1,1101100110000000,9.16761,9.72012,9.72012,9.98394,0.06023
MA90,greedy_ssm,384,1,1101100110111010,9.63587,9.88776,9.88776,10.11989,0.06023
MA90,greedy_ssm,384,1,1101101000010110,9.20145,9.78486,9.78486,9.89094,0.06023
MA90,greedy_ssm,384,1,1101101000011011,9.51718,9.77831,9.77831,10.00266,0.06023
MA90,greedy_ssm,384,1,1101101000101011,9.59797,9.89881,9.89881,10.09686,0.06023
MA90,greedy_ssm,384,1,1101101001001101,9.52906,9.81717,9.81717,10.0973,0.06023
MA90,greedy_ssm,384,1,1101101001100010,9.72341,9.89049,9.89049,10.07586,0.06023
MA90,greedy_ssm,384,1,1101101010000111,9.50205,9.76204,9.76204,9.95754,0.06023
MA90,greedy_ssm,384,1,1101101011000010,9.2572,9.69706,9.69706,9.9764,0.06023
MA90,greedy_ssm,384,1,1101101011001010,9.41035,9.73153,9.73153,10.03508,0.06023
MA90,greedy_ssm,384,1,1101101011101001,9.85915,10.0327,10.0327,10.12428,0.06023
MA90,greedy_ssm,384,1,1101101110011101,9.52789,9.87391,9.87391,10.11619,0.06023
MA90,greedy_ssm,384,1,1101101110110100,9.82664,9.97835,9.97835,10.11415,0.06023
MA90,greedy_ssm,384,1,1101101111111100,9.93109,10.0644,10.0644,10.13268,0.06023
MA90,greedy_ssm,384,1,1101110000000110,8.87728,9.44771,9.44771,9.96621,0.06023
MA90,greedy_ssm,384,1,1101110000101110,9.49525,9.78726,9.78726,9.96477,0.06023
MA90,greedy_ssm,384,1,1101110001000011,9.08959,9.7664,9.7664,10.00264,0.06023
MA90,greedy_ssm,384,1,1101110001001011,9.14932,9.83688,9.83688,9.99082,0.06023
MA90,greedy_ssm,384,1,1101110010001011,9.07005,9.67295,9.67295,10.06914,0.06023
MA90,greedy_ssm,384,1,1101110011111100,9.76924,9.99686,9.99686,10.06138,0.06023
MA90,greedy_ssm,384,1,1101110111001110,9.56311,9.85884,9.85884,10.11708,0.06023
MA90,greedy_ssm,384,1,1101110111011100,9.66648,9.89573,9.89573,10.06138,0.06023
MA90,greedy_ssm,384,1,1101111000011000,9.43843,9.74705,9.74705,9.89213,0.06023
MA90,greedy_ssm,384,1,1101111001110001,9.76782,9.94778,9.94778,10.07968,0.06023
MA90,greedy_ssm,384,1,1101111010101101,9.63837,9.83055,9.83055,10.11106,0.06023
MA90,greedy_ssm,384,1,1101111100000010,9.29369,9.74062,9.74062,10.05702,0.06023
MA90,greedy_ssm,384,1,1101111101011101,9.75262,10.02416,10.02416,10.15461,0.06023
MA90,greedy_ssm,384,1,1101111110000010,9.19502,9.7415,9.7415,10.01564,0.06023
MA90,greedy_ssm,384,1,1101111110100110,9.68684,9.93689,9.93689,10.08638,0.06023
MA90,greedy_ssm,384,1,1101111111000100,9.70379,10.00656,10.00656,10.10496,0.06023
MA90,greedy_ssm,384,1,1101111111100110,9.82397,10.00869,10.00869,10.14511,0.06023
MA90,greedy_ssm,384,1,1110000000100101,9.70783,9.95674,9.95674,10.08059,0.06023
MA90,greedy_ssm,384,1,1110000011100001,9.93978,10.03158,10.03158,10.08677,0.06023
MA90,greedy_ssm,384,1,1110000101100000,9.81083,10.05147,10.05147,10.11359,0.06023
MA90,greedy_ssm,384,1,1110001001000111,9.70066,9.91913,9.91913,10.13398,0.06023
MA90,greedy_ssm,384,1,1110001001011111,9.70575,9.86839,9.86839,10.10671,0.06023
MA90,greedy_ssm,384,1,1110001010110101,9.6683,9.96224,9.96224,10.12791,0.06023
MA90,greedy_ssm,384,1,1110001010111000,9.66346,9.94282,9.94282,10.11328,0.06023
MA90,greedy_ssm,384,1,1110001011001011,9.77994,9.94173,9.94173,10.12906,0.06023
MA90,greedy_ssm,384,1,1110001100001101,9.75002,9.99769,9.99769,10.0947,0.06023
MA90,greedy_ssm,384,1,1110001100011101,9.74662,9.92725,9.92725,10.12791,0.06023
MA90,greedy_ssm,384,1,1110001100011110,9.73379,9.88195,9.88195,9.99487,0.06023
MA90,greedy_ssm,384,1,1110001100100100,9.9628,10.04229,10.04229,10.11977,0.06023
MA90,greedy_ssm,384,1,1110001101100001,10.08157,10.13398,10.13398,10.13398,0.06023
MA90,greedy_ssm,384,1,1110001110010101,9.70396,9.96224,9.96224,10.12791,0.06023
MA90,greedy_ssm,384,1,1110001110101110,9.8979,10.00687,10.00687,10.17099,0.06023
MA90,greedy_ssm,384,1,1110001111001001,9.86483,10.11387,10.11387,10.17966,0.06023
MA90,greedy_ssm,384,1,1110010000100010,9.50311,9.81753,9.81753,10.03739,0.06023
MA90,greedy_ssm,384,1,1110010001010000,9.43016,9.91876,9.91876,10.0905,0.06023
MA90,greedy_ssm,384,1,1110010101101011,10.10226,10.11846,10.11846,10.49653,0.06023
MA90,greedy_ssm,384,1,1110010110010010,9.47219,9.74879,9.74879,10.0905,0.06023
MA90,greedy_ssm,384,1,1110010110101110,9.86478,10.00361,10.00361,10.49653,0.06023
MA90,greedy_ssm,384,1,1110010110111010,9.79793,9.96911,9.96911,10.52605,0.06023
MA90,greedy_ssm,384,1,1110011000000010,9.58869,9.73982,9.73982,9.75824,0.06023
MA90,greedy_ssm,384,1,1110011000000110,9.51131,9.72181,9.72181,9.95547,0.06023
MA90,greedy_ssm,384,1,1110011000100001,9.75233,10.00443,10.00443,10.17966,0.06023
MA90,greedy_ssm,384,1,1110011001001101,9.69252,10.02333,10.02333,10.12477,0.06023
MA90,greedy_ssm,384,1,1110011010100111,9.77289,9.95849,9.95849,10.12854,0.06023
MA90,greedy_ssm,384,1,1110011100000101,9.65682,9.93462,9.93462,10.11544,0.06023
MA90,greedy_ssm,384,1,1110011100101111,9.95712,10.07595,10.07595,10.13303,0.06023
MA90,greedy_ssm,384,1,1110011101111111,10.04511,10.0833,10.0833,10.09874,0.06023
MA90,greedy_ssm,384,1,1110011111001110,9.72491,10.02238,10.02238,10.12477,0.06023
MA90,greedy_ssm,384,1,1110100000001101,9.28652,9.62796,9.62796,9.99082,0.06023
MA90,greedy_ssm,384,1,1110100000110001,9.53236,9.9485,9.9485,10.11719,0.06023
MA90,greedy_ssm,384,1,1110100001111100,9.69435,9.87618,9.87618,9.98759,0.06023
MA90,greedy_ssm,384,1,1110100010000010,9.18765,9.49156,9.49156,9.88635,0.06023
MA90,greedy_ssm,384,1,1110100100001101,9.44229,9.81649,9.81649,10.02438,0.06023
MA90,greedy_ssm,384,1,1110100101001110,9.43741,9.69798,9.69798,10.07106,0.06023
MA90,greedy_ssm,384,1,1110100101101001,9.48418,9.93993,9.93993,10.12428,0.06023
MA90,greedy_ssm,384,1,1110100101110101,9.79209,10.01795,10.01795,10.08059,0.06023
MA90,greedy_ssm,384,1,1110100110000010,9.30378,9.59931,9.59931,9.91594,0.06023
MA90,greedy_ssm,384,1,1110100110100000,9.60134,9.8558,9.8558,10.05244,0.06023
MA90,greedy_ssm,384,1,1110100110101111,9.75979,10.01095,10.01095,10.49653,0.06023
MA90,greedy_ssm,384,1,1110100111000110,9.41463,9.77776,9.77776,10.08982,0.06023
MA90,greedy_ssm,384,1,1110100111100111,9.98081,10.1172,10.1172,10.14958,0.06023
MA90,greedy_ssm,384,1,1110101010000000,9.56834,9.8147,9.8147,9.9764,0.06023
MA90,greedy_ssm,384,1,1110101101000010,9.60654,9.8502,9.8502,10.13398,0.06023
MA90,greedy_ssm,384,1,1110101101111011,10.03142,10.05888,10.05888,10.13717,0.06023
MA90,greedy_ssm,384,1,1110101110110100,9.963,10.0094,10.0094,10.11415,0.06023
MA90,greedy_ssm,384,1,1110101111001111,9.86544,10.09302,10.09302,10.14511,0.06023
MA90,greedy_ssm,384,1,1110101111010111,9.82056,9.94823,9.94823,10.15038,0.06023
MA90,greedy_ssm,384,1,1110110000010111,9.23424,9.74289,9.74289,9.97086,0.06023
MA90,greedy_ssm,384,1,1110110000011010,9.12826,9.54936,9.54936,9.79988,0.06023
MA90,greedy_ssm,384,1,1110110010101110,9.3542,9.79401,9.79401,10.00126,0.06023
MA90,greedy_ssm,384,1,1110110100110111,9.77615,9.97086,9.97086,10.08772,0.06023
MA90,greedy_ssm,384,1,1110110101111100,9.65281,9.97991,9.97991,10.10964,0.06023
MA90,greedy_ssm,384,1,1110110111011100,9.70928,9.89573,9.89573,10.06138,0.06023
MA90,greedy_ssm,384,1,1110111001010011,9.60355,9.8238,9.8238,10.05419,0.06023
MA90,greedy_ssm,384,1,1110111001101110,9.75732,9.93611,9.93611,10.10964,0.06023
MA90,greedy_ssm,384,1,1110111010000011,9.54619,9.67203,9.67203,9.92225,0.06023
MA90,greedy_ssm,384,1,1110111010010100,9.50121,9.75941,9.75941,9.99138,0.06023
MA90,greedy_ssm,384,1,1110111010110010,9.39174,9.75076,9.75076,10.01818,0.06023
MA90,greedy_ssm,384,1,1110111011010010,9.47635,9.71799,9.71799,10.02417,0.06023
MA90,greedy_ssm,384,1,1110111011101100,9.81933,10.06162,10.06162,10.11106,0.06023
MA90,greedy_ssm,384,1,1110111100011000,9.62583,9.82776,9.82776,10.02578,0.06023
MA90,greedy_ssm,384,1,1110111101111001,9.95337,10.05493,10.05493,10.15461,0.06023
MA90,greedy_ssm,384,1,1110111111100100,9.99501,10.1197,10.1197,10.13012,0.06023
MA90,greedy_ssm,384,1,1111000011000000,9.04134,9.45819,9.45819,9.9764,0.06023
MA90,greedy_ssm,384,1,1111000011001000,9.01868,9.50631,9.50631,9.94536,0.06023
MA90,greedy_ssm,384,1,1111000100110100,9.56098,9.90496,9.90496,10.0549,0.06023
MA90,greedy_ssm,384,1,1111000100111110,9.62193,9.90894,9.90894,10.03627,0.06023
MA90,greedy_ssm,384,1,1111000111010111,9.42736,9.86559,9.86559,10.12203,0.06023
MA90,greedy_ssm,384,1,1111001000111100,9.35346,9.87946,9.87946,10.0387,0.06023
MA90,greedy_ssm,384,1,1111001001010011,9.19709,9.74348,9.74348,10.08075,0.06023
MA90,greedy_ssm,384,1,1111001100011010,9.25867,9.73314,9.73314,10.00266,0.06023
MA90,greedy_ssm,384,1,1111001111101110,9.80073,10.01249,10.01249,10.14511,0.06023
MA90,greedy_ssm,384,1,1111001111111100,9.79755,10.0644,10.0644,10.13268,0.06023
MA90,greedy_ssm,384,1,1111010001100011,9.50205,9.99563,9.99563,10.08781,0.06023
MA90,greedy_ssm,384,1,1111010011010100,9.12407,9.67296,9.67296,10.07925,0.06023
MA90,greedy_ssm,384,1,1111010011110000,9.60788,9.87018,9.87018,10.09197,0.06023
MA90,greedy_ssm,384,1,1111010100101110,9.58306,9.90614,9.90614,10.1045,0.06023
MA90,greedy_ssm,384,1,1111010101001001,9.31796,9.75482,9.75482,10.10278,0.06023
MA90,greedy_ssm,384,1,1111010101101010,9.59098,10.0058,10.0058,10.11846,0.06023
MA90,greedy_ssm,384,1,1111010110101010,9.55882,9.87685,9.87685,10.02168,0.06023
MA90,greedy_ssm,384,1,1111011011011111,9.29914,9.86011,9.86011,10.10263,0.06023
MA90,greedy_ssm,384,1,1111011011100000,9.70174,9.99872,9.99872,10.09825,0.06023
MA90,greedy_ssm,384,1,1111011011111010,9.56546,9.89982,9.89982,10.10152,0.06023
MA90,greedy_ssm,384,1,1111011100011010,9.24932,9.75729,9.75729,10.05758,0.06023
MA90,greedy_ssm,384,1,1111100000110000,9.84746,9.9719,9.9719,10.00235,0.06023
MA90,greedy_ssm,384,1,1111100001001001,9.44601,9.76242,9.76242,10.09328,0.06023
MA90,greedy_ssm,384,1,1111100001001011,9.67902,9.95807,9.95807,10.09686,0.06023
MA90,greedy_ssm,384,1,1111100001011001,9.69601,9.83417,9.83417,10.02522,0.06023
MA90,greedy_ssm,384,1,1111100001110101,9.84715,9.97237,9.97237,10.12203,0.06023
MA90,greedy_ssm,384,1,1111100010100001,9.87132,9.92851,9.92851,9.96804,0.06023
MA90,greedy_ssm,384,1,1111100010110000,9.80731,9.92838,9.92838,10.03478,0.06023
MA90,greedy_ssm,384,1,1111100011001111,9.62888,9.93752,9.93752,10.12971,0.06023
MA90,greedy_ssm,384,1,1111100100001000,9.74513,9.91735,9.91735,10.04728,0.06023
MA90,greedy_ssm,384,1,1111100100010010,9.65482,9.83944,9.83944,9.9719,0.06023
MA90,greedy_ssm,384,1,1111100101010110,9.61867,9.85894,9.85894,10.12203,0.06023
MA90,greedy_ssm,384,1,1111100110100111,10.01603,10.1172,10.1172,10.14958,0.06023
MA90,greedy_ssm,384,1,1111100111101001,10.0403,10.12428,10.12428,10.12428,0.06023
MA90,greedy_ssm,384,1,1111100111101010,9.8883,10.10745,10.10745,10.11989,0.06023
MA90,greedy_ssm,384,1,1111101000010101,9.77558,9.91423,9.91423,10.13303,0.06023
MA90,greedy_ssm,384,1,1111101000011010,9.71078,9.80328,9.80328,9.82829,0.06023
MA90,greedy_ssm,384,1,1111101000110100,9.83775,9.98229,9.98229,10.07728,0.06023
MA90,greedy_ssm,384,1,1111101010001101,9.79163,9.88697,9.88697,10.11106,0.06023
MA90,greedy_ssm,384,1,1111101011000100,9.88108,9.90804,9.90804,10.14958,0.06023
MA90,greedy_ssm,384,1,1111101110001001,9.89647,10.0115,10.0115,10.12428,0.06023
MA90,greedy_ssm,384,1,1111101110100101,10.02643,10.14958,10.14958,10.14958,0.06023
MA90,greedy_ssm,384,1,1111110000101000,9.91928,9.96477,9.96477,10.10183,0.06023
MA90,greedy_ssm,384,1,1111110001111010,9.87105,9.95404,9.95404,10.06882,0.06023
MA90,greedy_ssm,384,1,1111110001111011,9.95404,10.01351,10.01351,10.07362,0.06023
MA90,greedy_ssm,384,1,1111110010001101,9.74631,9.92999,9.92999,9.96804,0.06023
MA90,greedy_ssm,384,1,1111110011100000,9.89637,9.99872,9.99872,10.09825,0.06023
MA90,greedy_ssm,384,1,1111110101001101,9.63288,9.9405,9.9405,10.15461,0.06023
MA90,greedy_ssm,384,1,1111110111001011,9.86738,10.10867,10.10867,10.14511,0.06023
MA90,greedy_ssm,384,1,1111110111111101,10.05444,10.13268,10.13268,10.15461,0.06023
MA90,greedy_ssm,384,1,1111111001011110,9.70524,9.94519,9.94519,10.10881,0.06023
MA90,greedy_ssm,384,1,1111111010001011,9.80139,9.87838,9.87838,10.1244,0.06023
MA90,greedy_ssm,384,1,1111111111110111,10.07963,10.10263,10.10263,10.14511,0.06023
MA90,greedy_ssm,384,1,1111111111111100,10.06138,10.13268,10.13268,10.15461,0.06023
MA90,greedy_ssm,384,2,0000000001111010,9.041,9.98803,9.98803,9.98803,0.06023
MA90,greedy_ssm,384,2,0000000011101110,9.14296,10.00352,10.00352,10.05404,0.06023
MA90,greedy_ssm,384,2,0000000100010011,8.69219,9.88543,9.88543,9.94512,0.06023
MA90,greedy_ssm,384,2,0000000101001100,9.06296,9.89248,9.89248,10.04506,0.06023
MA90,greedy_ssm,384,2,0000001000100001,9.03571,9.95152,9.95152,10.04747,0.06023
MA90,greedy_ssm,384,2,0000001000100100,9.04951,10.01417,10.01417,10.01417,0.06023
MA90,greedy_ssm,384,2,0000001001001100,8.90129,9.92425,9.92425,10.02485,0.06023
MA90,greedy_ssm,384,2,0000001001101010,9.10341,10.00175,10.00175,10.08631,0.06023
MA90,greedy_ssm,384,2,0000001011101110,9.24336,9.98061,9.98061,10.10122,0.06023
MA90,greedy_ssm,384,2,0000001101011001,9.45667,10.01199,10.01199,10.10752,0.06023
MA90,greedy_ssm,384,2,0000001110001001,8.96512,9.96797,9.96797,10.08817,0.06023
MA90,greedy_ssm,384,2,0000001111001001,9.25449,10.08817,10.08817,10.12708,0.06023
MA90,greedy_ssm,384,2,0000001111001111,9.34167,10.10122,10.10122,10.12959,0.06023
MA90,greedy_ssm,384,2,0000010000001100,8.65619,9.65979,9.65979,9.9261,0.06023
MA90,greedy_ssm,384,2,0000010000100100,8.98025,9.94542,9.94542,9.99203,0.06023
MA90,greedy_ssm,384,2,0000010000110110,8.87145,9.7776,9.7776,9.94124,0.06023
MA90,greedy_ssm,384,2,0000010001000101,8.69105,9.81082,9.81082,9.98304,0.06023
MA90,greedy_ssm,384,2,0000010001100000,9.16307,10.01022,10.01022,10.06308,0.06023
MA90,greedy_ssm,384,2,0000010001101100,9.20161,9.93662,9.93662,9.99215,0.06023
MA90,greedy_ssm,384,2,0000010010001101,8.62193,9.72187,9.72187,9.90946,0.06023
MA90,greedy_ssm,384,2,0000010010110010,8.85247,9.73026,9.73026,9.90042,0.06023
MA90,greedy_ssm,384,2,0000010010110100,8.95742,9.88668,9.88668,10.01912,0.06023
MA90,greedy_ssm,384,2,0000010110100101,9.31539,10.08215,10.08215,10.08215,0.06023
MA90,greedy_ssm,384,2,0000010110101010,9.25184,9.9374,9.9374,10.06019,0.06023
MA90,greedy_ssm,384,2,0000011001101010,9.18487,9.9817,9.9817,10.02434,0.06023
MA90,greedy_ssm,384,2,0000011001111100,9.20043,10.04304,10.04304,10.07431,0.06023
MA90,greedy_ssm,384,2,0000011010000101,8.86303,9.70357,9.70357,9.9432,0.06023
MA90,greedy_ssm,384,2,0000011010101011,9.16065,9.95623,9.95623,10.04727,0.06023
MA90,greedy_ssm,384,2,0000011010111000,9.04233,9.85174,9.85174,10.02563,0.06023
MA90,greedy_ssm,384,2,0000011100001111,8.97816,9.90878,9.90878,10.0726,0.06023
MA90,greedy_ssm,384,2,0000011110100011,9.59416,10.06745,10.06745,10.11246,0.06023
MA90,greedy_ssm,384,2,0000011111110000,9.76668,10.08697,10.08697,10.09203,0.06023
MA90,greedy_ssm,384,2,0000100010001000,8.47622,9.67688,9.67688,9.75283,0.06023
MA90,greedy_ssm,384,2,0000100011100101,9.30015,9.90949,9.90949,9.90949,0.06023
MA90,greedy_ssm,384,2,0000100011101100,9.2312,9.88668,9.88668,9.98209,0.06023
MA90,greedy_ssm,384,2,0000100100000010,8.52675,9.6546,9.6546,9.81173,0.06023
MA90,greedy_ssm,384,2,0000100100001010,8.67733,9.7287,9.7287,9.89955,0.06023
MA90,greedy_ssm,384,2,0000100101000010,8.95766,9.83935,9.83935,9.97314,0.06023
MA90,greedy_ssm,384,2,0000100110101011,9.38366,9.95839,9.95839,10.05233,0.06023
MA90,greedy_ssm,384,2,0000101001011010,8.77064,9.83069,9.83069,9.83721,0.06023
MA90,greedy_ssm,384,2,0000101001110000,9.30927,9.94399,9.94399,9.98982,0.06023
MA90,greedy_ssm,384,2,0000101001111101,9.43768,9.94899,9.94899,10.10752,0.06023
MA90,greedy_ssm,384,2,0000101010010011,8.78574,9.71227,9.71227,9.7992,0.06023
MA90,greedy_ssm,384,2,0000101010110011,9.11125,9.88047,9.88047,9.93572,0.06023
MA90,greedy_ssm,384,2,0000101011010110,8.65303,9.6921,9.6921,9.8421,0.06023
MA90,greedy_ssm,384,2,0000101100001011,8.89773,9.88172,9.88172,10.00146,0.06023
MA90,greedy_ssm,384,2,0000101100011001,8.88719,9.8671,9.8671,9.92517,0.06023
MA90,greedy_ssm,384,2,0000101110010100,8.91717,9.91789,9.91789,9.93066,0.06023
MA90,greedy_ssm,384,2,0000101111100000,9.77527,10.08475,10.08475,10.08475,0.06023
MA90,greedy_ssm,384,2,0000101111100101,9.81175,10.12596,10.12596,10.12596,0.06023
MA90,greedy_ssm,384,2,0000101111110111,9.79991,10.08996,10.08996,10.08996,0.06023
MA90,greedy_ssm,384,2,0000110001000111,8.72195,9.79219,9.79219,9.98974,0.06023
MA90,greedy_ssm,384,2,0000110001111101,9.28174,9.99492,9.99492,10.00348,0.06023
MA90,greedy_ssm,384,2,0000110010111011,9.03761,9.86427,9.86427,9.94391,0.06023
MA90,greedy_ssm,384,2,0000110100010010,8.48821,9.72736,9.72736,9.83188,0.06023
MA90,greedy_ssm,384,2,0000110100111110,9.20061,9.88057,9.88057,9.91489,0.06023
MA90,greedy_ssm,384,2,0000110101010101,9.22526,9.90558,9.90558,9.96699,0.06023
MA90,greedy_ssm,384,2,0000111010001011,8.90927,9.7015,9.7015,9.72878,0.06023
MA90,greedy_ssm,384,2,0000111010010101,8.79025,9.74861,9.74861,9.88207,0.06023
MA90,greedy_ssm,384,2,0000111010011101,8.81866,9.88207,9.88207,9.88814,0.06023
MA90,greedy_ssm,384,2,0000111011000001,8.94194,9.87417,9.87417,9.98268,0.06023
MA90,greedy_ssm,384,2,0000111100001111,8.89332,9.86071,9.86071,9.96637,0.06023
MA90,greedy_ssm,384,2,0000111100011100,8.89521,9.83941,9.83941,9.9856,0.06023
MA90,greedy_ssm,384,2,0000111100100010,9.33834,9.8789,9.8789,10.00518,0.06023
MA90,greedy_ssm,384,2,0000111101010100,9.53707,9.92367,9.92367,10.07623,0.06023
MA90,greedy_ssm,384,2,0000111101011001,9.58788,10.00866,10.00866,10.04652,0.06023
MA90,greedy_ssm,384,2,0001000000011101,8.27196,9.79649,9.79649,9.82168,0.06023
MA90,greedy_ssm,384,2,0001000001101111,8.97541,9.97643,9.97643,10.00784,0.06023
MA90,greedy_ssm,384,2,0001000100011011,8.4001,9.79597,9.79597,9.89878,0.06023
MA90,greedy_ssm,384,2,0001000110000110,8.43908,9.62491,9.62491,9.83001,0.06023
MA90,greedy_ssm,384,2,0001000110001000,8.56106,9.70855,9.70855,9.88532,0.06023
MA90,greedy_ssm,384,2,0001000110001111,8.54754,9.8526,9.8526,9.96331,0.06023
MA90,greedy_ssm,384,2,0001000110011111,8.49197,9.7306,9.7306,9.96787,0.06023
MA90,greedy_ssm,384,2,0001000111001010,8.60265,9.81112,9.81112,9.95839,0.06023
MA90,greedy_ssm,384,2,0001000111111111,8.82291,10.05404,10.05404,10.11496,0.06023
MA90,greedy_ssm,384,2,0001001001011110,8.53672,9.77223,9.77223,9.83069,0.06023
MA90,greedy_ssm,384,2,0001001011011010,8.48186,9.7268,9.7268,9.84729,0.06023
MA90,greedy_ssm,384,2,0001001011110100,8.92394,9.96799,9.96799,10.02803,0.06023
MA90,greedy_ssm,384,2,0001001100000000,8.63916,9.83057,9.83057,9.97753,0.06023
MA90,greedy_ssm,384,2,0001001100011011,8.69822,9.7908,9.7908,9.99174,0.06023
MA90,greedy_ssm,384,2,0001001101100000,9.31162,10.05405,10.05405,10.05405,0.06023
MA90,greedy_ssm,384,2,0001010001100100,8.9489,9.89436,9.89436,9.99476,0.06023
MA90,greedy_ssm,384,2,0001010010000100,8.45455,9.60515,9.60515,9.85614,0.06023
MA90,greedy_ssm,384,2,0001010010001110,8.31537,9.56465,9.56465,9.84115,0.06023
MA90,greedy_ssm,384,2,0001010100001010,8.47188,9.68945,9.68945,9.86496,0.06023
MA90,greedy_ssm,384,2,0001010110100011,9.15264,9.90502,9.90502,10.08421,0.06023
MA90,greedy_ssm,384,2,0001010111100111,9.23327,10.06278,10.06278,10.15082,0.06023
MA90,greedy_ssm,384,2,0001011000010110,8.43743,9.70394,9.70394,9.74393,0.06023
MA90,greedy_ssm,384,2,0001011000100011,8.85678,9.84877,9.84877,9.98199,0.06023
MA90,greedy_ssm,384,2,0001011011000010,8.56526,9.64796,9.64796,9.91962,0.06023
MA90,greedy_ssm,384,2,0001011011011110,8.53128,9.7244,9.7244,9.86854,0.06023
MA90,greedy_ssm,384,2,0001011100000011,8.68322,9.84877,9.84877,9.98199,0.06023
MA90,greedy_ssm,384,2,0001011100010100,8.64996,9.8379,9.8379,9.89374,0.06023
MA90,greedy_ssm,384,2,0001011111001110,8.85762,9.87021,9.87021,9.98794,0.06023
MA90,greedy_ssm,384,2,0001011111010011,8.96353,9.96847,9.96847,10.05986,0.06023
MA90,greedy_ssm,384,2,0001011111110011,9.62441,10.06269,10.06269,10.10994,0.06023
MA90,greedy_ssm,384,2,0001100001000110,8.92753,9.82124,9.82124,9.95496,0.06023
MA90,greedy_ssm,384,2,0001100010110100,9.48854,9.9737,9.9737,10.02014,0.06023
MA90,greedy_ssm,384,2,0001100011001010,9.00658,9.89499,9.89499,10.00549,0.06023
MA90,greedy_ssm,384,2,0001100011111011,9.7614,10.10183,10.10183,10.19812,0.06023
MA90,greedy_ssm,384,2,0001100110000011,9.17197,9.92003,9.92003,10.05412,0.06023
MA90,greedy_ssm,384,2,0001100111001010,9.48513,9.95839,9.95839,10.19812,0.06023
MA90,greedy_ssm,384,2,0001100111100110,9.779,10.05937,10.05937,10.06836,0.06023
MA90,greedy_ssm,384,2,0001101001000000,9.28547,9.97668,9.97668,10.05405,0.06023
MA90,greedy_ssm,384,2,0001101100010110,9.25167,9.87085,9.87085,9.88073,0.06023
MA90,greedy_ssm,384,2,0001101110011000,9.31745,9.93348,9.93348,10.02353,0.06023
MA90,greedy_ssm,384,2,0001101111010111,9.75504,10.08996,10.08996,10.08996,0.06023
MA90,greedy_ssm,384,2,0001101111110011,9.92587,10.08996,10.08996,10.08996,0.06023
MA90,greedy_ssm,384,2,0001110000101011,9.54137,10.0359,10.0359,10.0359,0.06023
MA90,greedy_ssm,384,2,0001110000111011,9.6289,9.92198,9.92198,9.99814,0.06023
MA90,greedy_ssm,384,2,0001110001011111,9.18886,9.93138,9.93138,10.0772,0.06023
MA90,greedy_ssm,384,2,0001110100100100,9.75647,9.99476,9.99476,10.02071,0.06023
MA90,greedy_ssm,384,2,0001110101000000,9.55826,9.99476,9.99476,10.12511,0.06023
MA90,greedy_ssm,384,2,0001110101001110,9.47574,9.97672,9.97672,9.98569,0.06023
MA90,greedy_ssm,384,2,0001110101100101,9.99258,10.0603,10.0603,10.10183,0.06023
MA90,greedy_ssm,384,2,0001110110010100,9.04283,9.89507,9.89507,10.06922,0.06023
MA90,greedy_ssm,384,2,0001110111000110,9.40479,9.92852,9.92852,10.06278,0.06023
MA90,greedy_ssm,384,2,0001110111001100,9.49,10.10059,10.10059,10.10059,0.06023
MA90,greedy_ssm,384,2,0001111000001101,9.31439,9.91303,9.91303,10.01752,0.06023
MA90,greedy_ssm,384,2,0001111001001101,9.43772,10.01752,10.01752,10.12863,0.06023
MA90,greedy_ssm,384,2,0001111001010100,9.45542,9.92367,9.92367,10.07623,0.06023
MA90,greedy_ssm,384,2,0001111010010100,9.33595,9.82623,9.82623,9.82623,0.06023
MA90,greedy_ssm,384,2,0001111100001100,9.35268,9.96525,9.96525,10.06257,0.06023
MA90,greedy_ssm,384,2,0001111100010111,9.41603,10.06488,10.06488,10.03377,0.06023
MA90,greedy_ssm,384,2,0001111100101111,9.84935,10.09096,10.09096,10.12863,0.06023
MA90,greedy_ssm,384,2,0001111101000111,9.69604,10.07046,10.07046,10.11338,0.06023
MA90,greedy_ssm,384,2,0001111101101011,9.98977,10.12967,10.12967,10.12967,0.06023
MA90,greedy_ssm,384,2,0001111101110001,9.95558,10.11399,10.11399,10.11399,0.06023
MA90,greedy_ssm,384,2,0010000001101011,9.90199,10.11306,10.11306,10.11306,0.06023
MA90,greedy_ssm,384,2,0010000011101000,9.79055,10.04652,10.04652,10.03565,0.06023
MA90,greedy_ssm,384,2,0010000011101111,10.00352,10.11306,10.11306,10.11306,0.06023
MA90,greedy_ssm,384,2,0010000100001001,9.67425,9.97518,9.97518,9.99062,0.06023
MA90,greedy_ssm,384,2,0010000100110011,9.88543,10.10533,10.10533,10.10533,0.06023
MA90,greedy_ssm,384,2,0010000111101100,9.96862,10.1109,10.1109,10.15374,0.06023
MA90,greedy_ssm,384,2,0010001000001110,9.61737,9.87887,9.87887,9.99226,0.06023
MA90,greedy_ssm,384,2,0010001001101101,9.92505,10.1109,10.1109,10.15374,0.06023
MA90,greedy_ssm,384,2,0010001010110100,9.68153,9.9872,9.9872,10.01695,0.06023
MA90,greedy_ssm,384,2,0010001101100000,10.03392,10.09516,10.09516,10.08475,0.06023
MA90,greedy_ssm,384,2,0010001110001111,9.67088,10.10122,10.10122,10.12959,0.06023
MA90,greedy_ssm,384,2,0010001110010111,9.64862,10.03843,10.03843,10.0403,0.06023
MA90,greedy_ssm,384,2,0010001110101001,9.96797,10.12708,10.12708,10.16949,0.06023
MA90,greedy_ssm,384,2,0010001111101110,9.98061,10.12959,10.12959,10.12959,0.06023
MA90,greedy_ssm,384,2,0010010010100011,9.70551,10.01839,10.01839,10.06745,0.06023
MA90,greedy_ssm,384,2,0010010010101110,9.49712,9.9849,9.9849,10.10307,0.06023
MA90,greedy_ssm,384,2,0010010011011001,9.71001,10.03565,10.03565,10.09328,0.06023
MA90,greedy_ssm,384,2,0010010100011010,9.51028,9.90948,9.90948,9.97949,0.06023
MA90,greedy_ssm,384,2,0010010100111100,9.87095,10.04506,10.04506,10.04506,0.06023
MA90,greedy_ssm,384,2,0010010101011101,9.88462,10.07431,10.07431,10.10752,0.06023
MA90,greedy_ssm,384,2,0010010110010111,9.64994,10.07379,10.07379,10.16834,0.06023
MA90,greedy_ssm,384,2,0010010111011000,9.79985,9.9934,9.9934,10.09203,0.06023
MA90,greedy_ssm,384,2,0010011001000111,9.67848,10.08539,10.08539,10.13303,0.06023
MA90,greedy_ssm,384,2,0010011001010001,9.70936,10.01873,10.01873,10.05762,0.06023
MA90,greedy_ssm,384,2,0010011011110011,9.86726,10.06745,10.06745,10.11246,0.06023
MA90,greedy_ssm,384,2,0010011111101110,9.96849,10.15374,10.15374,10.15374,0.06023
MA90,greedy_ssm,384,2,0010100011111001,9.79291,10.03565,10.03565,10.03565,0.06023
MA90,greedy_ssm,384,2,0010100100001000,9.35232,9.86621,9.86621,9.96536,0.06023
MA90,greedy_ssm,384,2,0010100101111010,9.68949,10.00593,10.00593,10.04652,0.06023
MA90,greedy_ssm,384,2,0010101000010000,9.53933,9.87035,9.87035,10.08631,0.06023
MA90,greedy_ssm,384,2,0010101101010100,9.81083,10.0576,10.0576,10.07623,0.06023
MA90,greedy_ssm,384,2,0010101110011010,9.45104,9.88789,9.88789,10.01773,0.06023
MA90,greedy_ssm,384,2,0010101110111010,9.73054,10.01773,10.01773,9.95744,0.06023
MA90,greedy_ssm,384,2,0010101111001001,9.74896,10.09664,10.09664,10.12917,0.06023
MA90,greedy_ssm,384,2,0010101111101011,10.05233,10.19812,10.19812,10.19812,0.06023
MA90,greedy_ssm,384,2,0010110000110101,9.58905,9.93976,9.93976,9.99492,0.06023
MA90,greedy_ssm,384,2,0010110001100100,9.56273,9.97382,9.97382,10.07258,0.06023
MA90,greedy_ssm,384,2,0010110010010010,9.10092,9.66409,9.66409,9.74584,0.06023
MA90,greedy_ssm,384,2,0010110101011010,9.60239,9.91969,9.91969,9.97949,0.06023
MA90,greedy_ssm,384,2,0010111000011111,9.55176,9.88814,9.88814,9.88814,0.06023
MA90,greedy_ssm,384,2,0010111010101010,9.42706,9.94017,9.94017,10.01761,0.06023
MA90,greedy_ssm,384,2,0010111011101011,9.84002,10.12967,10.12967,10.12967,0.06023
MA90,greedy_ssm,384,2,0010111011110010,9.68599,10.02745,10.02745,10.03451,0.06023
MA90,greedy_ssm,384,2,0010111100001111,9.54382,10.03289,10.03289,10.09096,0.06023
MA90,greedy_ssm,384,2,0010111100010000,9.6274,9.93714,9.93714,10.01351,0.06023
MA90,greedy_ssm,384,2,0010111101110011,9.92721,10.07638,10.07638,10.07638,0.06023
MA90,greedy_ssm,384,2,0010111111010100,9.79332,10.08697,10.08697,10.09203,0.06023
MA90,greedy_ssm,384,2,0010111111101110,9.94314,10.10684,10.10684,10.14135,0.06023
MA90,greedy_ssm,384,2,0011000000011001,8.96251,9.89878,9.89878,9.89878,0.06023
MA90,greedy_ssm,384,2,0011000011010100,8.9548,9.9737,9.9737,10.02014,0.06023
MA90,greedy_ssm,384,2,0011000100101010,9.43878,9.97075,9.97075,10.0359,0.06023
MA90,greedy_ssm,384,2,0011000101110010,9.57931,10.06529,10.06529,10.10533,0.06023
MA90,greedy_ssm,384,2,0011000110000100,9.10807,9.88712,9.88712,9.99079,0.06023
MA90,greedy_ssm,384,2,0011000110011011,9.15392,9.92188,9.92188,10.10183,0.06023
MA90,greedy_ssm,384,2,0011000110011111,9.16415,9.96787,9.96787,10.05404,0.06023
MA90,greedy_ssm,384,2,0011001000000100,9.21697,9.87413,9.87413,9.87413,0.06023
MA90,greedy_ssm,384,2,0011001000110011,9.39733,9.92983,9.92983,10.01884,0.06023
MA90,greedy_ssm,384,2,0011001001010100,9.13271,9.92066,9.92066,10.0576,0.06023
MA90,greedy_ssm,384,2,0011001001110011,9.54775,10.01427,10.01427,10.11399,0.06023
MA90,greedy_ssm,384,2,0011001011011000,9.12204,9.83579,9.83579,10.02353,0.06023
MA90,greedy_ssm,384,2,0011001011011001,9.19677,9.95098,9.95098,10.05803,0.06023
MA90,greedy_ssm,384,2,0011001100000001,9.34526,10.03496,10.03496,10.04708,0.06023
MA90,greedy_ssm,384,2,0011001100010100,9.38328,9.90278,9.90278,10.0576,0.06023
MA90,greedy_ssm,384,2,0011001101100000,9.81739,10.08475,10.08475,10.14511,0.06023
MA90,greedy_ssm,384,2,0011001101110001,9.8526,10.11399,10.11399,10.11399,0.06023
MA90,greedy_ssm,384,2,0011001111011110,9.31719,9.97273,9.97273,10.02395,0.06023
MA90,greedy_ssm,384,2,0011001111100110,9.76216,10.08203,10.08203,10.12511,0.06023
MA90,greedy_ssm,384,2,0011010000101100,9.25468,9.93871,9.93871,9.96525,0.06023
MA90,greedy_ssm,384,2,0011010000111000,9.25134,9.96257,9.96257,9.99983,0.06023
MA90,greedy_ssm,384,2,0011010001000100,8.90383,9.87568,9.87568,9.96816,0.06023
MA90,greedy_ssm,384,2,0011010011111000,9.44357,10.03565,10.03565,9.99279,0.06023
MA90,greedy_ssm,384,2,0011010100100101,9.52479,10.00441,10.00441,10.05151,0.06023
MA90,greedy_ssm,384,2,0011010101101000,9.56299,10.02434,10.02434,10.07411,0.06023
MA90,greedy_ssm,384,2,0011010110010010,8.92686,9.80803,9.80803,9.94754,0.06023
MA90,greedy_ssm,384,2,0011010111000000,9.2111,10.06029,10.06029,10.06029,0.06023
MA90,greedy_ssm,384,2,0011010111011011,9.46087,10.06142,10.06142,10.28605,0.06023
MA90,greedy_ssm,384,2,0011011000100111,9.3882,10.03377,10.03377,10.07046,0.06023
MA90,greedy_ssm,384,2,0011011010010011,9.32523,9.86096,9.86096,9.91696,0.06023
MA90,greedy_ssm,384,2,0011011010111101,9.36061,9.96231,9.96231,10.06886,0.06023
MA90,greedy_ssm,384,2,0011011011111011,9.61761,10.05388,10.05388,10.08487,0.06023
MA90,greedy_ssm,384,2,0011011110100011,9.77707,10.07114,10.07114,10.12967,0.06023
MA90,greedy_ssm,384,2,0011011111011101,9.54751,10.06886,10.06886,10.14135,0.06023
MA90,greedy_ssm,384,2,0011011111111101,9.89291,10.15374,10.15374,10.14135,0.06023
MA90,greedy_ssm,384,2,0011100000000001,9.65979,9.97577,9.97577,10.01603,0.06023
MA90,greedy_ssm,384,2,0011100000111011,9.84399,10.028,10.028,10.028,0.06023
MA90,greedy_ssm,384,2,0011100000111101,9.80329,10.01539,10.01539,10.00348,0.06023
MA90,greedy_ssm,384,2,0011100010001011,9.72644,10.00549,10.00549,10.19812,0.06023
MA90,greedy_ssm,384,2,0011100100010011,9.77767,10.06529,10.06529,9.97682,0.06023
MA90,greedy_ssm,384,2,0011100100011101,9.82168,10.01539,10.01539,10.01539,0.06023
MA90,greedy_ssm,384,2,0011100101010010,9.61807,10.06529,10.06529,10.08552,0.06023
MA90,greedy_ssm,384,2,0011100101010101,9.83401,10.02934,10.02934,10.11399,0.06023
MA90,greedy_ssm,384,2,0011100101011010,9.66313,10.00593,10.00593,10.10183,0.06023
MA90,greedy_ssm,384,2,0011100110010010,9.54037,9.91738,9.91738,10.08552,0.06023
MA90,greedy_ssm,384,2,0011100111100111,10.05937,10.19812,10.19812,10.06997,0.06023
MA90,greedy_ssm,384,2,0011101000101010,9.76264,10.00146,10.00146,10.07903,0.06023
MA90,greedy_ssm,384,2,0011101001111100,9.93482,10.06744,10.06744,10.07644,0.06023
MA90,greedy_ssm,384,2,0011101100001100,9.7871,10.17252,10.17252,10.06295,0.06023
MA90,greedy_ssm,384,2,0011101101011000,9.90737,10.05942,10.05942,10.11399,0.06023
MA90,greedy_ssm,384,2,0011101101110111,10.02279,10.11399,10.11399,10.11338,0.06023
MA90,greedy_ssm,384,2,0011110001000100,9.45379,9.96911,9.96911,10.00656,0.06023
MA90,greedy_ssm,384,2,0011110001000111,9.71281,10.0772,10.0772,10.0772,0.06023
MA90,greedy_ssm,384,2,0011110001010100,9.63328,9.99279,9.99279,10.06922,0.06023
MA90,greedy_ssm,384,2,0011110001101110,9.90291,10.0772,10.0772,10.0772,0.06023
MA90,greedy_ssm,384,2,0011110010000001,9.62198,9.95238,9.95238,10.04796,0.06023
MA90,greedy_ssm,384,2,0011110010101010,9.67991,10.00641,10.00641,10.07701,0.06023
MA90,greedy_ssm,384,2,0011110011100000,9.93814,10.06782,10.06782,10.1149,0.06023
MA90,greedy_ssm,384,2,0011110011110100,9.99279,10.06922,10.06922,10.07271,0.06023
MA90,greedy_ssm,384,2,0011110100000111,9.87554,10.03377,10.03377,10.07046,0.06023
MA90,greedy_ssm,384,2,0011110100010111,9.77731,10.04782,10.04782,10.06412,0.06023
MA90,greedy_ssm,384,2,0011110101111010,9.88393,10.06142,10.06142,10.28605,0.06023
MA90,greedy_ssm,384,2,0011110110010110,9.63135,9.93645,9.93645,10.06922,0.06023
MA90,greedy_ssm,384,2,0011110111101001,9.98692,10.19812,10.19812,10.14135,0.06023
MA90,greedy_ssm,384,2,0011111010010100,9.7357,9.91563,9.91563,10.03417,0.06023
MA90,greedy_ssm,384,2,0011111010100100,9.77572,10.08892,10.08892,10.10496,0.06023
MA90,greedy_ssm,384,2,0011111011100101,10.03852,10.14135,10.14135,10.14135,0.06023
MA90,greedy_ssm,384,2,0011111011111101,9.90975,10.14135,10.14135,10.14135,0.06023
MA90,greedy_ssm,384,2,0011111100111000,9.87411,10.05763,10.05763,10.07644,0.06023
MA90,greedy_ssm,384,2,0011111110110001,9.98684,10.1149,10.1149,10.1149,0.06023
MA90,greedy_ssm,384,2,0011111110110010,9.8215,10.05986,10.05986,10.10994,0.06023
MA90,greedy_ssm,384,2,0011111111011001,9.96297,10.11002,10.11002,10.11002,0.06023
MA90,greedy_ssm,384,2,0011111111111000,9.96085,10.11002,10.11002,10.1149,0.06023
MA90,greedy_ssm,384,2,0100000000000101,8.63163,9.75007,9.75007,9.88471,0.06023
MA90,greedy_ssm,384,2,0100000000010011,8.6021,9.74136,9.74136,9.92476,0.06023
MA90,greedy_ssm,384,2,0100000000101010,8.94239,9.93957,9.93957,10.02705,0.06023
MA90,greedy_ssm,384,2,0100000010111011,9.16188,10.00628,10.00628,10.11273,0.06023
MA90,greedy_ssm,384,2,0100000101101110,9.6458,10.03417,10.03417,10.06853,0.06023
MA90,greedy_ssm,384,2,0100000101111110,9.66001,10.01346,10.01346,10.06107,0.06023
MA90,greedy_ssm,384,2,0100000110111101,9.45993,10.0876,10.0876,10.104,0.06023
MA90,greedy_ssm,384,2,0100000111101011,9.63554,10.11306,10.11306,10.11306,0.06023
MA90,greedy_ssm,384,2,0100000111110110,9.56595,10.06451,10.06451,10.16834,0.06023
MA90,greedy_ssm,384,2,0100001001100011,9.33445,10.11936,10.11936,10.13398,0.06023
MA90,greedy_ssm,384,2,0100001010010111,8.92914,9.76505,9.76505,9.78377,0.06023
MA90,greedy_ssm,384,2,0100001011101000,9.3891,10.04971,10.04971,10.09522,0.06023
MA90,greedy_ssm,384,2,0100001100000011,8.99045,9.95133,9.95133,10.11936,0.06023
MA90,greedy_ssm,384,2,0100001100001110,8.86674,9.86491,9.86491,9.98558,0.06023
MA90,greedy_ssm,384,2,0100001100010100,8.97441,9.85577,9.85577,10.06807,0.06023
MA90,greedy_ssm,384,2,0100001100011101,9.03874,9.94847,9.94847,10.07772,0.06023
MA90,greedy_ssm,384,2,0100001101110110,9.71792,10.06807,10.06807,10.06807,0.06023
MA90,greedy_ssm,384,2,0100001110101111,9.64761,10.12959,10.12959,10.12959,0.06023
MA90,greedy_ssm,384,2,0100001111011010,9.17254,9.88808,9.88808,10.07426,0.06023
MA90,greedy_ssm,384,2,0100010000010110,8.41068,9.5598,9.5598,9.71357,0.06023
MA90,greedy_ssm,384,2,0100010000100001,9.05752,9.94802,9.94802,9.99328,0.06023
MA90,greedy_ssm,384,2,0100010100010011,8.76037,9.83183,9.83183,9.9693,0.06023
MA90,greedy_ssm,384,2,0100010100010111,8.74683,9.83692,9.83692,10.03033,0.06023
MA90,greedy_ssm,384,2,0100010111000110,8.97919,9.89867,9.89867,10.07145,0.06023
MA90,greedy_ssm,384,2,0100010111101111,9.65058,10.49653,10.49653,10.49653,0.06023
MA90,greedy_ssm,384,2,0100011000101010,8.95183,9.86941,9.86941,9.96807,0.06023
MA90,greedy_ssm,384,2,0100011000110010,8.93194,9.77785,9.77785,9.91458,0.06023
MA90,greedy_ssm,384,2,0100011001101010,9.21145,9.96807,9.96807,10.08769,0.06023
MA90,greedy_ssm,384,2,0100011001110100,9.25968,10.0305,10.0305,10.06807,0.06023
MA90,greedy_ssm,384,2,0100011010010001,8.87465,9.76683,9.76683,9.94998,0.06023
MA90,greedy_ssm,384,2,0100011100001010,8.84108,9.84015,9.84015,9.95677,0.06023
MA90,greedy_ssm,384,2,0100011100100000,9.62111,10.03348,10.03348,10.08619,0.06023
MA90,greedy_ssm,384,2,0100011111011111,9.44168,10.07447,10.07447,10.12126,0.06023
MA90,greedy_ssm,384,2,0100100010000010,8.47716,9.443,9.443,9.73732,0.06023
MA90,greedy_ssm,384,2,0100100010010111,8.61423,9.81029,9.81029,9.81029,0.06023
MA90,greedy_ssm,384,2,0100100101011100,9.22641,9.89505,9.89505,10.0083,0.06023
MA90,greedy_ssm,384,2,0100100111011001,9.23261,9.91541,9.91541,10.02099,0.06023
MA90,greedy_ssm,384,2,0100101000011000,8.84976,9.82679,9.82679,9.85312,0.06023
MA90,greedy_ssm,384,2,0100101000111110,9.00319,9.76182,9.76182,9.85657,0.06023
MA90,greedy_ssm,384,2,0100101001100111,9.37893,10.03647,10.03647,10.05422,0.06023
MA90,greedy_ssm,384,2,0100101010110010,8.92928,9.69535,9.69535,9.85252,0.06023
MA90,greedy_ssm,384,2,0100101011000011,8.9222,9.90031,9.90031,9.96681,0.06023
MA90,greedy_ssm,384,2,0100101011110101,9.49809,9.9988,9.9988,10.06863,0.06023
MA90,greedy_ssm,384,2,0100101011111110,9.29505,9.90543,9.90543,9.99044,0.06023
MA90,greedy_ssm,384,2,0100101100011111,8.95274,9.89683,9.89683,9.97394,0.06023
MA90,greedy_ssm,384,2,0100101101111100,9.79394,10.02771,10.02771,9.98915,0.06023
MA90,greedy_ssm,384,2,0100110001001111,8.75821,9.85739,9.85739,9.89819,0.06023
MA90,greedy_ssm,384,2,0100110001111111,9.43602,9.96821,9.96821,9.97226,0.06023
MA90,greedy_ssm,384,2,0100110011100110,9.21642,9.83283,9.83283,9.93596,0.06023
MA90,greedy_ssm,384,2,0100110100100001,9.38894,9.96171,9.96171,10.0424,0.06023
MA90,greedy_ssm,384,2,0100110101100000,9.63438,9.99476,9.99476,9.99476,0.06023
MA90,greedy_ssm,384,2,0100110101110011,9.73682,9.98843,9.98843,10.02312,0.06023
MA90,greedy_ssm,384,2,0100110110110010,9.24462,9.82645,9.82645,9.92385,0.06023
MA90,greedy_ssm,384,2,0100111000111100,9.17345,9.87791,9.87791,9.94169,0.06023
MA90,greedy_ssm,384,2,0100111010100110,8.94923,9.78097,9.78097,9.88363,0.06023
MA90,greedy_ssm,384,2,0100111011001001,8.99402,9.88165,9.88165,10.0211,0.06023
MA90,greedy_ssm,384,2,0100111011001100,8.95614,9.87558,9.87558,9.93145,0.06023
MA90,greedy_ssm,384,2,0100111101011000,9.5637,9.88217,9.88217,9.99708,0.06023
MA90,greedy_ssm,384,2,0100111101101110,9.74387,10.00683,10.00683,10.10605,0.06023
MA90,greedy_ssm,384,2,0101000000011011,8.3573,9.80859,9.80859,9.84983,0.06023
MA90,greedy_ssm,384,2,0101000010000101,8.44252,9.67937,9.67937,9.78299,0.06023
MA90,greedy_ssm,384,2,0101000010011000,8.40066,9.64341,9.64341,9.79988,0.06023
MA90,greedy_ssm,384,2,0101000011000101,8.56077,9.90949,9.90949,9.90949,0.06023
MA90,greedy_ssm,384,2,0101000100000100,8.64895,9.73932,9.73932,9.84973,0.06023
MA90,greedy_ssm,384,2,0101000100010101,8.45902,9.76035,9.76035,9.90103,0.06023
MA90,greedy_ssm,384,2,0101000111000011,8.70089,9.85119,9.85119,10.01772,0.06023
MA90,greedy_ssm,384,2,0101001001101100,8.96916,9.94993,9.94993,9.9935,0.06023
MA90,greedy_ssm,384,2,0101001101010100,9.00184,9.93157,9.93157,10.04097,0.06023
MA90,greedy_ssm,384,2,0101001111010101,8.9681,9.93407,9.93407,10.03653,0.06023
MA90,greedy_ssm,384,2,0101010000111001,8.84441,9.8654,9.8654,9.89808,0.06023
MA90,greedy_ssm,384,2,0101010001111000,8.94487,9.94388,9.94388,9.89808,0.06023
MA90,greedy_ssm,384,2,0101010010010010,8.29875,9.45361,9.45361,9.66482,0.06023
MA90,greedy_ssm,384,2,0101010011100100,9.08714,9.93874,9.93874,9.93874,0.06023
MA90,greedy_ssm,384,2,0101010100110011,9.18801,9.88081,9.88081,9.98843,0.06023
MA90,greedy_ssm,384,2,0101010101100010,9.15348,9.9278,9.9278,9.99558,0.06023
MA90,greedy_ssm,384,2,0101010110011110,8.51958,9.68698,9.68698,9.81826,0.06023
MA90,greedy_ssm,384,2,0101010110110100,9.15169,9.9019,9.9019,10.03603,0.06023
MA90,greedy_ssm,384,2,0101010110111111,9.22526,9.94213,9.94213,10.12084,0.06023
MA90,greedy_ssm,384,2,0101010111001011,8.79153,9.92918,9.92918,10.07675,0.06023
MA90,greedy_ssm,384,2,0101011000010001,8.66868,9.81444,9.81444,9.89061,0.06023
MA90,greedy_ssm,384,2,0101011000011000,8.66954,9.78548,9.78548,9.88226,0.06023
MA90,greedy_ssm,384,2,0101011000101111,8.88283,9.79884,9.79884,10.00558,0.06023
MA90,greedy_ssm,384,2,0101011010011010,8.57631,9.7107,9.7107,9.75145,0.06023
MA90,greedy_ssm,384,2,0101011010101101,8.90805,9.89224,9.89224,9.9822,0.06023
MA90,greedy_ssm,384,2,0101011010111001,8.96653,9.87455,9.87455,10.0048,0.06023
MA90,greedy_ssm,384,2,0101011011011100,8.5628,9.7711,9.7711,9.93387,0.06023
MA90,greedy_ssm,384,2,0101011101110101,9.61829,10.07057,10.07057,10.10212,0.06023
MA90,greedy_ssm,384,2,0101011110000001,8.86878,9.88064,9.88064,9.98143,0.06023
MA90,greedy_ssm,384,2,0101011110001001,8.85466,9.87199,9.87199,10.04858,0.06023
MA90,greedy_ssm,384,2,0101011110110010,9.21293,9.8735,9.8735,9.9532,0.06023
MA90,greedy_ssm,384,2,0101011111000011,8.92749,9.99039,9.99039,10.10617,0.06023
MA90,greedy_ssm,384,2,0101100000100101,9.59455,9.98669,9.98669,9.94131,0.06023
MA90,greedy_ssm,384,2,0101100010010000,8.93443,9.74725,9.74725,9.82966,0.06023
MA90,greedy_ssm,384,2,0101101010101111,9.63582,10.04732,10.04732,10.07507,0.06023
MA90,greedy_ssm,384,2,0101101011000011,9.55867,9.96681,9.96681,10.09622,0.06023
MA90,greedy_ssm,384,2,0101101011010001,9.46447,9.91948,9.91948,10.03948,0.06023
MA90,greedy_ssm,384,2,0101101011010010,9.23632,9.85236,9.85236,9.95009,0.06023
MA90,greedy_ssm,384,2,0101101100010000,9.40929,9.96928,9.96928,10.01809,0.06023
MA90,greedy_ssm,384,2,0101101110100111,9.82904,10.08889,10.08889,10.14366,0.06023
MA90,greedy_ssm,384,2,0101101111110001,9.91948,10.08489,10.08489,10.15038,0.06023
MA90,greedy_ssm,384,2,0101101111111011,9.97149,10.09945,10.09945,10.12917,0.06023
MA90,greedy_ssm,384,2,0101110010001100,9.01219,9.85157,9.85157,9.95331,0.06023
MA90,greedy_ssm,384,2,0101110011101010,9.71363,10.07487,10.07487,10.07675,0.06023
MA90,greedy_ssm,384,2,0101110110000001,9.16997,9.91883,9.91883,9.98725,0.06023
MA90,greedy_ssm,384,2,0101110110101000,9.72154,10.10059,10.10059,10.04858,0.06023
MA90,greedy_ssm,384,2,0101110110101110,9.64318,9.99615,9.99615,10.02382,0.06023
MA90,greedy_ssm,384,2,0101110110111110,9.68698,9.94213,9.94213,10.12084,0.06023
MA90,greedy_ssm,384,2,0101110111001000,9.46013,10.10059,10.10059,10.10059,0.06023
MA90,greedy_ssm,384,2,0101111010001111,9.45617,9.93294,9.93294,9.98574,0.06023
MA90,greedy_ssm,384,2,0101111011000110,9.30735,9.87839,9.87839,9.99009,0.06023
MA90,greedy_ssm,384,2,0101111011110010,9.62938,9.95342,9.95342,10.02931,0.06023
MA90,greedy_ssm,384,2,0101111011111100,9.64435,10.02144,10.02144,10.09222,0.06023
MA90,greedy_ssm,384,2,0101111100010010,9.2958,9.87134,9.87134,9.92666,0.06023
MA90,greedy_ssm,384,2,0101111100101000,9.81255,10.03001,10.03001,10.04858,0.06023
MA90,greedy_ssm,384,2,0101111100101011,9.79174,10.07209,10.07209,10.12074,0.06023
MA90,greedy_ssm,384,2,0101111110000011,9.37197,10.03971,10.03971,10.10617,0.06023
MA90,greedy_ssm,384,2,0101111110011101,9.46342,9.98808,9.98808,10.09222,0.06023
MA90,greedy_ssm,384,2,0101111110111011,9.8782,10.06292,10.06292,10.12074,0.06023
MA90,greedy_ssm,384,2,0110000001010010,9.20992,9.90023,9.90023,9.97903,0.06023
MA90,greedy_ssm,384,2,0110000001101001,9.90088,10.07513,10.07513,10.104,0.06023
MA90,greedy_ssm,384,2,0110000001110110,9.73853,10.01654,10.01654,10.06451,0.06023
MA90,greedy_ssm,384,2,0110000010011011,9.5761,10.00628,10.00628,10.11273,0.06023
MA90,greedy_ssm,384,2,0110000011011001,9.74212,10.02992,10.02992,10.05043,0.06023
MA90,greedy_ssm,384,2,0110000011111011,10.00628,10.11273,10.11273,10.11273,0.06023
MA90,greedy_ssm,384,2,0110000100100111,9.9092,10.06402,10.06402,10.06402,0.06023
MA90,greedy_ssm,384,2,0110000100101111,9.97393,10.06853,10.06853,10.17099,0.06023
MA90,greedy_ssm,384,2,0110000101110111,10.01417,10.16834,10.16834,10.16834,0.06023
MA90,greedy_ssm,384,2,0110000110000010,9.46503,9.88039,9.88039,9.98538,0.06023
MA90,greedy_ssm,384,2,0110001000010011,9.72327,9.87541,9.87541,10.04484,0.06023
MA90,greedy_ssm,384,2,0110001000011111,9.68757,9.94432,9.94432,10.09092,0.06023
MA90,greedy_ssm,384,2,0110001000110101,9.65921,10.04533,10.04533,10.07772,0.06023
MA90,greedy_ssm,384,2,0110001001010000,9.73612,10.05894,10.05894,10.06807,0.06023
MA90,greedy_ssm,384,2,0110001100000011,9.73187,10.11936,10.11936,10.13398,0.06023
MA90,greedy_ssm,384,2,0110001100111110,9.84056,10.032,10.032,10.07772,0.06023
MA90,greedy_ssm,384,2,0110001110101001,9.95385,10.16513,10.16513,10.16513,0.06023
MA90,greedy_ssm,384,2,0110001111010001,9.84469,10.06863,10.06863,10.06863,0.06023
MA90,greedy_ssm,384,2,0110010010110101,9.75279,10.09881,10.09881,10.09881,0.06023
MA90,greedy_ssm,384,2,0110010100000101,9.67306,9.99203,9.99203,10.00952,0.06023
MA90,greedy_ssm,384,2,0110010101101000,9.8085,10.12259,10.12259,10.16513,0.06023
MA90,greedy_ssm,384,2,0110010110100101,9.86069,10.10556,10.10556,10.13012,0.06023
MA90,greedy_ssm,384,2,0110010111101110,9.92945,10.49653,10.49653,10.49653,0.06023
MA90,greedy_ssm,384,2,0110010111110100,10.08,10.16834,10.13012,10.17099,0.06023
MA90,greedy_ssm,384,2,0110011001010010,9.57155,9.94827,9.94827,10.01771,0.06023
MA90,greedy_ssm,384,2,0110011010001100,9.71537,9.99843,9.99843,10.11818,0.06023
MA90,greedy_ssm,384,2,0110011010100001,9.74462,10.07735,10.07735,10.17966,0.06023
MA90,greedy_ssm,384,2,0110011010101011,9.69276,10.12078,10.12078,10.16513,0.06023
MA90,greedy_ssm,384,2,0110011011110001,9.94998,10.10524,10.10524,10.16513,0.06023
MA90,greedy_ssm,384,2,0110011011110011,9.93821,10.11246,10.11246,10.12078,0.06023
MA90,greedy_ssm,384,2,0110011110100111,9.94819,10.13303,10.13303,10.13303,0.06023
MA90,greedy_ssm,384,2,0110011111100000,10.05683,10.17966,10.17966,10.13012,0.06023
MA90,greedy_ssm,384,2,0110011111111110,10.02994,10.12126,10.12126,10.12959,0.06023
MA90,greedy_ssm,384,2,0110100001001101,9.15057,9.84499,9.84499,10.0101,0.06023
MA90,greedy_ssm,384,2,0110100010100101,9.49605,9.93662,9.93662,9.95924,0.06023
MA90,greedy_ssm,384,2,0110100010101100,9.38319,9.88555,9.88555,9.89012,0.06023
MA90,greedy_ssm,384,2,0110100011010101,9.31592,9.90904,9.90904,9.98222,0.06023
MA90,greedy_ssm,384,2,0110100100000001,9.45269,9.93194,9.93194,9.98414,0.06023
MA90,greedy_ssm,384,2,0110100101100001,9.54688,10.07424,10.07424,10.11936,0.06023
MA90,greedy_ssm,384,2,0110100101101000,9.46081,10.01576,10.01576,10.07562,0.06023
MA90,greedy_ssm,384,2,0110100110001111,9.479,9.99433,9.99433,10.06634,0.06023
MA90,greedy_ssm,384,2,0110100110010101,9.47451,9.8986,9.8986,9.98145,0.06023
MA90,greedy_ssm,384,2,0110100110100111,9.79135,10.05572,10.05572,10.1172,0.06023
MA90,greedy_ssm,384,2,0110101000110010,9.44229,9.86041,9.86041,10.02278,0.06023
MA90,greedy_ssm,384,2,0110101001001010,9.39146,9.91322,9.91322,10.02407,0.06023
MA90,greedy_ssm,384,2,0110101001100001,9.75384,10.07424,10.07424,10.11936,0.06023
MA90,greedy_ssm,384,2,0110101001100101,9.77451,10.06836,10.06836,10.09516,0.06023
MA90,greedy_ssm,384,2,0110101011000101,9.49763,9.99134,9.99134,10.07259,0.06023
MA90,greedy_ssm,384,2,0110101011111010,9.72066,10.03733,10.03733,10.07426,0.06023
MA90,greedy_ssm,384,2,0110101100000111,9.64593,10.03647,10.03647,10.05422,0.06023
MA90,greedy_ssm,384,2,0110101101000110,9.6531,10.03647,10.03647,10.05422,0.06023
MA90,greedy_ssm,384,2,0110101101101101,9.93924,10.12575,10.12575,10.12959,0.06023
MA90,greedy_ssm,384,2,0110101110010011,9.72465,10.02127,10.02127,10.06058,0.06023
MA90,greedy_ssm,384,2,0110101110011011,9.61709,10.03733,10.03733,10.07426,0.06023
MA90,greedy_ssm,384,2,0110110001101001,9.48421,9.99946,9.99946,10.12259,0.06023
MA90,greedy_ssm,384,2,0110110001110001,9.67513,10.02818,10.02818,10.04872,0.06023
MA90,greedy_ssm,384,2,0110110010101110,9.3688,9.90252,9.90252,9.95331,0.06023
MA90,greedy_ssm,384,2,0110110011100101,9.63851,10.05365,10.05365,10.10556,0.06023
MA90,greedy_ssm,384,2,0110111001100010,9.61493,10.00999,10.00999,10.10305,0.06023
MA90,greedy_ssm,384,2,0110111001100100,9.80057,10.03657,10.03657,9.99674,0.06023
MA90,greedy_ssm,384,2,0110111001100111,9.78351,10.13303,10.13303,10.13303,0.06023
MA90,greedy_ssm,384,2,0110111001110010,9.63076,9.94827,9.94827,10.06058,0.06023
MA90,greedy_ssm,384,2,0110111001110101,9.80967,10.07057,10.07057,10.10212,0.06023
MA90,greedy_ssm,384,2,0110111011001000,9.54867,9.9382,9.9382,10.0625,0.06023
MA90,greedy_ssm,384,2,0110111011001010,9.4715,9.91282,9.91282,9.99903,0.06023
MA90,greedy_ssm,384,2,0110111100010100,9.53637,9.97877,9.97877,10.03744,0.06023
MA90,greedy_ssm,384,2,0110111100011100,9.60907,10.17252,10.17252,10.17252,0.06023
MA90,greedy_ssm,384,2,0110111101001111,9.71951,10.10605,10.10605,10.14085,0.06023
MA90,greedy_ssm,384,2,0110111101101110,9.88649,10.10605,10.10605,10.14085,0.06023
MA90,greedy_ssm,384,2,0110111110011110,9.59195,9.88494,9.88494,10.02994,0.06023
MA90,greedy_ssm,384,2,0110111110100010,9.76509,10.05228,10.05228,10.11246,0.06023
MA90,greedy_ssm,384,2,0111000001001101,9.00541,9.84499,9.84499,10.0101,0.06023
MA90,greedy_ssm,384,2,0111000011101010,9.40286,9.96556,9.96556,10.02992,0.06023
MA90,greedy_ssm,384,2,0111000011111111,9.62409,10.09092,10.09092,10.12084,0.06023
MA90,greedy_ssm,384,2,0111000100101000,9.46882,9.98414,9.98414,10.02438,0.06023
MA90,greedy_ssm,384,2,0111000101110000,9.63504,10.05894,10.05894,10.06807,0.06023
MA90,greedy_ssm,384,2,0111000101111011,9.7997,10.11273,10.11273,10.11273,0.06023
MA90,greedy_ssm,384,2,0111001000000011,9.35375,9.85673,9.85673,10.03672,0.06023
MA90,greedy_ssm,384,2,0111001010011001,9.31801,9.86683,9.86683,9.87972,0.06023
MA90,greedy_ssm,384,2,0111001011100000,9.69001,10.07601,10.07601,10.10562,0.06023
MA90,greedy_ssm,384,2,0111001100001001,9.5188,9.97197,9.97197,10.08783,0.06023
MA90,greedy_ssm,384,2,0111001110001111,9.45823,10.04732,10.04732,10.07507,0.06023
MA90,greedy_ssm,384,2,0111001110100110,9.61018,10.0153,10.0153,10.04732,0.06023
MA90,greedy_ssm,384,2,0111001110101010,9.6771,10.00708,10.00708,10.04732,0.06023
MA90,greedy_ssm,384,2,0111001111001111,9.48578,10.12959,10.12959,10.14085,0.06023
MA90,greedy_ssm,384,2,0111010001010110,8.97498,9.85396,9.85396,9.90335,0.06023
MA90,greedy_ssm,384,2,0111010001101101,9.39595,10.00226,10.00226,10.03638,0.06023
MA90,greedy_ssm,384,2,0111010011010010,8.98393,9.79948,9.79948,10.0423,0.06023
MA90,greedy_ssm,384,2,0111010110001100,9.22102,9.86707,9.86707,9.97089,0.06023
MA90,greedy_ssm,384,2,0111010110111101,9.64941,10.03925,10.03925,10.12084,0.06023
MA90,greedy_ssm,384,2,0111010111001111,9.33921,10.10161,10.10161,10.49653,0.06023
MA90,greedy_ssm,384,2,0111010111101111,9.91054,10.49653,10.49653,10.49653,0.06023
MA90,greedy_ssm,384,2,0111011000010011,9.44139,9.85808,9.85808,10.04384,0.06023
MA90,greedy_ssm,384,2,0111011011100000,9.67861,10.07846,10.07846,10.13012,0.06023
MA90,greedy_ssm,384,2,0111011110100001,9.88064,10.07735,10.07735,10.17966,0.06023
MA90,greedy_ssm,384,2,0111100000110001,9.79385,9.98333,9.98333,10.15038,0.06023
MA90,greedy_ssm,384,2,0111100001000001,9.35456,9.97225,9.97225,10.04708,0.06023
MA90,greedy_ssm,384,2,0111100001111111,9.95582,10.09092,10.09092,10.05991,0.06023
MA90,greedy_ssm,384,2,0111100011100010,9.76515,10.02703,10.02703,10.04498,0.06023
MA90,greedy_ssm,384,2,0111100011110100,9.97749,10.03603,10.03603,10.06922,0.06023
MA90,greedy_ssm,384,2,0111100111100101,9.94802,10.14958,10.14958,10.14958,0.06023
MA90,greedy_ssm,384,2,0111101001011100,9.76162,10.17252,10.17252,10.07576,0.06023
MA90,greedy_ssm,384,2,0111101001100010,9.85375,10.06488,10.06488,10.10305,0.06023
MA90,greedy_ssm,384,2,0111101010011011,9.77326,10.015,10.015,10.11544,0.06023
MA90,greedy_ssm,384,2,0111101011010111,9.77958,10.01885,10.01885,10.09201,0.06023
MA90,greedy_ssm,384,2,0111101110001110,9.73055,10.04732,10.04732,10.07507,0.06023
MA90,greedy_ssm,384,2,0111101110111100,9.96025,10.17252,10.17252,10.11619,0.06023
MA90,greedy_ssm,384,2,0111101111110000,10.03347,10.10562,10.10562,10.09197,0.06023
MA90,greedy_ssm,384,2,0111110000000010,9.33084,9.8318,9.8318,9.92137,0.06023
MA90,greedy_ssm,384,2,0111110000101011,9.86633,10.07487,10.07487,10.0359,0.06023
MA90,greedy_ssm,384,2,0111110000111011,9.852,10.03304,10.03304,10.0359,0.06023
MA90,greedy_ssm,384,2,0111110100010110,9.63837,9.94024,9.94024,10.0015,0.06023
MA90,greedy_ssm,384,2,0111110110001010,9.65893,9.93043,9.93043,10.07675,0.06023
MA90,greedy_ssm,384,2,0111111011000101,9.81466,10.06353,10.06353,10.11288,0.06023
MA90,greedy_ssm,384,2,0111111011010001,9.73257,10.06816,10.06816,10.11002,0.06023
MA90,greedy_ssm,384,2,0111111011011011,9.82138,10.0394,10.0394,10.12074,0.06023
MA90,greedy_ssm,384,2,0111111011101010,9.91282,10.12074,10.12074,10.14085,0.06023
MA90,greedy_ssm,384,2,0111111100001110,9.75498,10.00683,10.00683,10.10605,0.06023
MA90,greedy_ssm,384,2,1000000000100010,8.8594,9.75467,9.75467,9.91666,0.06023
MA90,greedy_ssm,384,2,1000000011111000,9.20278,9.92608,9.92608,10.02925,0.06023
MA90,greedy_ssm,384,2,1000000110001110,8.70336,9.79504,9.79504,9.95821,0.06023
MA90,greedy_ssm,384,2,1000000111110111,9.54436,10.10077,10.10077,10.10077,0.06023
MA90,greedy_ssm,384,2,1000001010010101,8.85129,9.72034,9.72034,9.76505,0.06023
MA90,greedy_ssm,384,2,1000001010111111,9.21301,9.89577,9.89577,10.03018,0.06023
MA90,greedy_ssm,384,2,1000001011000011,8.83853,9.89092,9.89092,10.01352,0.06023
MA90,greedy_ssm,384,2,1000001100000011,8.87252,9.9009,9.9009,10.01356,0.06023
MA90,greedy_ssm,384,2,1000001100101011,9.59663,9.98884,9.98884,10.02054,0.06023
MA90,greedy_ssm,384,2,1000001100110001,9.55304,9.97547,9.97547,10.07955,0.06023
MA90,greedy_ssm,384,2,1000001101000011,9.34989,10.01356,10.01356,10.13398,0.06023
MA90,greedy_ssm,384,2,1000001101111011,9.79214,10.03488,10.03488,10.08631,0.06023
MA90,greedy_ssm,384,2,1000001110000101,8.91918,9.83721,9.83721,10.11719,0.06023
MA90,greedy_ssm,384,2,1000001110101011,9.58616,10.04701,10.04701,10.12906,0.06023
MA90,greedy_ssm,384,2,1000010000011100,8.50843,9.64165,9.64165,9.9061,0.06023
MA90,greedy_ssm,384,2,1000010000111011,9.09235,9.85735,9.85735,9.97365,0.06023
MA90,greedy_ssm,384,2,1000010000111111,9.04263,9.87223,9.87223,10.00664,0.06023
MA90,greedy_ssm,384,2,1000010001010111,8.65238,9.82339,9.82339,9.9796,0.06023
MA90,greedy_ssm,384,2,1000010011011110,8.65543,9.78128,9.78128,9.9207,0.06023
MA90,greedy_ssm,384,2,1000010100110011,9.40209,9.93127,9.93127,10.00262,0.06023
MA90,greedy_ssm,384,2,1000010101000001,9.1043,9.93198,9.93198,10.07044,0.06023
MA90,greedy_ssm,384,2,1000010101011000,9.00009,9.91969,9.91969,9.98245,0.06023
MA90,greedy_ssm,384,2,1000010101101111,9.79189,10.10932,10.10932,10.10932,0.06023
MA90,greedy_ssm,384,2,1000011000011000,8.79712,9.6946,9.6946,9.88877,0.06023
MA90,greedy_ssm,384,2,1000011000101110,8.96104,9.84894,9.84894,9.95462,0.06023
MA90,greedy_ssm,384,2,1000011001000000,8.86892,9.89003,9.89003,10.08221,0.06023
MA90,greedy_ssm,384,2,1000011010100011,9.20682,9.88318,9.88318,10.01442,0.06023
MA90,greedy_ssm,384,2,1000011011001001,8.89844,9.87489,9.87489,10.16949,0.06023
MA90,greedy_ssm,384,2,1000011101100000,9.73428,10.08221,10.08221,10.13187,0.06023
MA90,greedy_ssm,384,2,1000011110011010,8.91307,9.82445,9.82445,9.9574,0.06023
MA90,greedy_ssm,384,2,1000011110111100,9.5528,10.03917,10.03917,10.09203,0.06023
MA90,greedy_ssm,384,2,1000100000011101,8.45892,9.66019,9.66019,9.85073,0.06023
MA90,greedy_ssm,384,2,1000100010111011,9.04407,9.83202,9.83202,9.94795,0.06023
MA90,greedy_ssm,384,2,1000100011010011,8.62222,9.83699,9.83699,9.98399,0.06023
MA90,greedy_ssm,384,2,1000100011011110,8.63166,9.7053,9.7053,9.82019,0.06023
MA90,greedy_ssm,384,2,1000100011100110,9.125,9.93562,9.93562,9.95561,0.06023
MA90,greedy_ssm,384,2,1000100011110110,9.08179,9.82499,9.82499,10.04074,0.06023
MA90,greedy_ssm,384,2,1000100100110011,9.38152,9.91818,9.91818,10.01692,0.06023
MA90,greedy_ssm,384,2,1000100101000100,9.09401,9.90814,9.90814,9.9748,0.06023
MA90,greedy_ssm,384,2,1000101000000101,8.76716,9.76661,9.76661,9.86321,0.06023
MA90,greedy_ssm,384,2,1000101000000111,8.74042,9.76984,9.76984,9.84906,0.06023
MA90,greedy_ssm,384,2,1000101001100011,9.41268,9.94032,9.94032,10.04312,0.06023
MA90,greedy_ssm,384,2,1000101011100111,9.5171,9.98994,9.98994,10.0742,0.06023
MA90,greedy_ssm,384,2,1000101100010010,8.68625,9.73423,9.73423,9.83441,0.06023
MA90,greedy_ssm,384,2,1000101100101001,9.47224,9.98133,9.98133,10.07431,0.06023
MA90,greedy_ssm,384,2,1000101110001100,8.9696,9.85621,9.85621,9.95804,0.06023
MA90,greedy_ssm,384,2,1000101110010111,8.82495,9.86129,9.86129,9.9748,0.06023
MA90,greedy_ssm,384,2,1000101110101100,9.52257,9.95804,9.95804,10.0174,0.06023
MA90,greedy_ssm,384,2,1000110000001001,8.48272,9.58751,9.58751,9.77539,0.06023
MA90,greedy_ssm,384,2,1000110001000011,8.63002,9.8132,9.8132,9.91992,0.06023
MA90,greedy_ssm,384,2,1000110001101100,9.22082,9.86699,9.86699,9.99453,0.06023
MA90,greedy_ssm,384,2,1000110011001000,8.74051,9.82279,9.82279,9.90794,0.06023
MA90,greedy_ssm,384,2,1000110011010000,8.69809,9.78835,9.78835,9.87361,0.06023
MA90,greedy_ssm,384,2,1000110011100000,9.29314,9.91571,9.91571,9.94953,0.06023
MA90,greedy_ssm,384,2,1000110100000000,8.66773,9.7675,9.7675,9.92946,0.06023
MA90,greedy_ssm,384,2,1000110100110111,9.32291,9.91954,9.91954,10.00333,0.06023
MA90,greedy_ssm,384,2,1000110110100111,9.36312,9.93891,9.93891,10.15082,0.06023
MA90,greedy_ssm,384,2,1000111000100101,8.98828,9.85956,9.85956,9.92522,0.06023
MA90,greedy_ssm,384,2,1000111001001100,8.89351,9.84237,9.84237,9.99453,0.06023
MA90,greedy_ssm,384,2,1000111010000001,8.73123,9.77526,9.77526,9.83775,0.06023
MA90,greedy_ssm,384,2,1000111011101101,9.47306,10.03584,10.03584,10.13806,0.06023
MA90,greedy_ssm,384,2,1000111100000111,8.84518,9.89793,9.89793,10.01018,0.06023
MA90,greedy_ssm,384,2,1000111100011111,8.84917,9.90608,9.90608,9.96596,0.06023
MA90,greedy_ssm,384,2,1000111100100110,9.3007,9.89793,9.89793,9.96292,0.06023
MA90,greedy_ssm,384,2,1000111100111110,9.36659,9.90608,9.90608,10.00074,0.06023
MA90,greedy_ssm,384,2,1000111101010101,9.39111,9.93416,9.93416,10.02071,0.06023
MA90,greedy_ssm,384,2,1000111101011101,9.49862,9.95615,9.95615,10.07164,0.06023
MA90,greedy_ssm,384,2,1000111101101011,9.74098,10.06323,10.06323,10.09796,0.06023
MA90,greedy_ssm,384,2,1000111101110101,9.70619,10.02071,10.02071,10.07968,0.06023
MA90,greedy_ssm,384,2,1000111110000010,8.79165,9.72978,9.72978,9.88229,0.06023
MA90,greedy_ssm,384,2,1000111111110001,9.74575,10.05473,10.05473,10.09913,0.06023
MA90,greedy_ssm,384,2,1000111111111110,9.64099,9.96885,9.96885,10.07271,0.06023
MA90,greedy_ssm,384,2,1001000000001011,8.23866,9.76172,9.76172,9.84171,0.06023
MA90,greedy_ssm,384,2,1001000001010000,8.31885,9.73224,9.73224,9.87234,0.06023
MA90,greedy_ssm,384,2,1001000010000101,8.43805,9.50847,9.50847,9.81943,0.06023
MA90,greedy_ssm,384,2,1001000011110000,8.95558,9.96556,9.96556,9.96556,0.06023
MA90,greedy_ssm,384,2,1001000011111100,8.96853,9.88211,9.88211,10.00644,0.06023
MA90,greedy_ssm,384,2,1001000011111101,8.92158,9.93573,9.93573,10.01655,0.06023
MA90,greedy_ssm,384,2,1001000100000001,8.46409,9.75242,9.75242,9.91254,0.06023
MA90,greedy_ssm,384,2,1001000101111100,9.24094,9.98719,9.98719,9.98719,0.06023
MA90,greedy_ssm,384,2,1001000110000110,8.44616,9.59939,9.59939,9.86688,0.06023
MA90,greedy_ssm,384,2,1001000111000101,8.76181,9.88428,9.88428,9.96641,0.06023
MA90,greedy_ssm,384,2,1001001001000101,8.66913,9.7509,9.7509,10.00343,0.06023
MA90,greedy_ssm,384,2,1001001001011010,8.50164,9.66296,9.66296,9.83069,0.06023
MA90,greedy_ssm,384,2,1001001111011010,8.76963,9.77496,9.77496,9.93825,0.06023
MA90,greedy_ssm,384,2,1001010010011110,8.3154,9.43389,9.43389,9.6445,0.06023
MA90,greedy_ssm,384,2,1001010100001111,8.46071,9.84219,9.84219,9.98627,0.06023
MA90,greedy_ssm,384,2,1001010101011110,8.76663,9.72822,9.72822,9.97672,0.06023
MA90,greedy_ssm,384,2,1001010110100111,9.09997,9.93891,9.93891,10.0347,0.06023
MA90,greedy_ssm,384,2,1001010110111100,9.04227,9.90919,9.90919,9.99789,0.06023
MA90,greedy_ssm,384,2,1001011000010110,8.47682,9.64179,9.64179,9.74494,0.06023
MA90,greedy_ssm,384,2,1001011001100000,8.96466,9.93536,9.93536,9.99991,0.06023
MA90,greedy_ssm,384,2,1001011010011100,8.60133,9.76225,9.76225,9.77422,0.06023
MA90,greedy_ssm,384,2,1001011011110100,8.99664,9.90691,9.90691,10.00458,0.06023
MA90,greedy_ssm,384,2,1001011100000001,8.71006,9.84138,9.84138,10.03862,0.06023
MA90,greedy_ssm,384,2,1001011100110000,9.16157,9.91176,9.91176,10.05102,0.06023
MA90,greedy_ssm,384,2,1001011101010101,8.91918,9.93416,9.93416,10.02071,0.06023
MA90,greedy_ssm,384,2,1001011101100110,9.22351,9.96292,9.96292,10.10137,0.06023
MA90,greedy_ssm,384,2,1001011110111010,9.17933,9.88825,9.88825,9.91915,0.06023
MA90,greedy_ssm,384,2,1001100000001011,8.91294,9.84171,9.84171,9.9547,0.06023
MA90,greedy_ssm,384,2,1001100001110000,9.73224,9.98652,9.98652,9.98652,0.06023
MA90,greedy_ssm,384,2,1001100010001011,8.91492,9.83619,9.83619,9.96531,0.06023
MA90,greedy_ssm,384,2,1001100110001011,9.14465,9.96531,9.96531,10.08711,0.06023
MA90,greedy_ssm,384,2,1001100110101001,9.70589,9.9841,9.9841,10.08711,0.06023
MA90,greedy_ssm,384,2,1001100110111011,9.69501,10.05405,10.05405,10.28605,0.06023
MA90,greedy_ssm,384,2,1001100111011100,9.50444,9.99333,9.99333,10.02107,0.06023
MA90,greedy_ssm,384,2,1001100111101100,9.85428,10.0174,10.0174,10.02716,0.06023
MA90,greedy_ssm,384,2,1001101000110101,9.60113,9.9528,9.9528,10.01696,0.06023
MA90,greedy_ssm,384,2,1001101001100100,9.74482,10.00478,10.00478,10.06008,0.06023
MA90,greedy_ssm,384,2,1001101010110011,9.53395,9.96074,9.96074,10.0492,0.06023
MA90,greedy_ssm,384,2,1001101011011011,9.43862,9.93825,9.93825,10.08272,0.06023
MA90,greedy_ssm,384,2,1001101011111111,9.83271,10.02235,10.02235,10.11496,0.06023
MA90,greedy_ssm,384,2,1001101100000011,9.36397,9.97341,9.97341,10.04312,0.06023
MA90,greedy_ssm,384,2,1001101100011011,9.41273,9.94572,9.94572,10.04075,0.06023
MA90,greedy_ssm,384,2,1001101101101010,9.80134,10.03528,10.03528,9.99844,0.06023
MA90,greedy_ssm,384,2,1001101110010011,9.37945,9.96074,9.96074,10.0492,0.06023
MA90,greedy_ssm,384,2,1001101111011111,9.71932,10.02235,10.02235,10.11496,0.06023
MA90,greedy_ssm,384,2,1001110000000110,8.79581,9.74337,9.74337,9.91938,0.06023
MA90,greedy_ssm,384,2,1001110001111110,9.56439,9.97672,9.97672,10.01351,0.06023
MA90,greedy_ssm,384,2,1001110010011010,8.86567,9.72447,9.72447,9.76456,0.06023
MA90,greedy_ssm,384,2,1001110010110101,9.43331,9.9982,9.9982,10.03175,0.06023
MA90,greedy_ssm,384,2,1001110100101000,9.78419,9.94116,9.94116,9.96027,0.06023
MA90,greedy_ssm,384,2,1001110100101110,9.66445,9.98627,9.98627,10.04176,0.06023
MA90,greedy_ssm,384,2,1001110101101000,9.77332,10.10059,10.10059,10.00681,0.06023
MA90,greedy_ssm,384,2,1001110101111100,9.85509,9.99789,9.99789,9.98719,0.06023
MA90,greedy_ssm,384,2,1001110110100111,9.72894,10.0347,10.0347,10.14238,0.06023
MA90,greedy_ssm,384,2,1001111000100110,9.31246,9.92668,9.92668,9.97624,0.06023
MA90,greedy_ssm,384,2,1001111010010100,9.27276,9.79197,9.79197,9.94094,0.06023
MA90,greedy_ssm,384,2,1001111010101011,9.58325,9.98713,9.98713,10.08444,0.06023
MA90,greedy_ssm,384,2,1001111010101110,9.3561,9.89501,9.89501,9.99955,0.06023
MA90,greedy_ssm,384,2,1001111011001001,9.50373,10.00757,10.00757,10.04679,0.06023
MA90,greedy_ssm,384,2,1001111011100001,9.8385,10.09913,10.09913,10.12237,0.06023
MA90,greedy_ssm,384,2,1001111011100110,9.67463,10.00145,10.00145,10.06505,0.06023
MA90,greedy_ssm,384,2,1001111110011110,9.28098,9.8592,9.8592,9.97275,0.06023
MA90,greedy_ssm,384,2,1010000011101110,9.72827,10.0623,10.0623,10.17099,0.06023
MA90,greedy_ssm,384,2,1010000101110110,9.87342,10.04203,10.04203,10.04203,0.06023
MA90,greedy_ssm,384,2,1010000111101011,10.0228,10.17099,10.17099,10.11306,0.06023
MA90,greedy_ssm,384,2,1010001010010110,9.38088,9.73623,9.73623,9.95398,0.06023
MA90,greedy_ssm,384,2,1010001010100010,9.47343,9.92915,9.92915,9.98706,0.06023
MA90,greedy_ssm,384,2,1010001010111110,9.5241,9.914,9.914,10.03018,0.06023
MA90,greedy_ssm,384,2,1010001100011110,9.58509,9.89131,9.89131,10.01115,0.06023
MA90,greedy_ssm,384,2,1010001101011010,9.66462,9.96425,9.96425,10.03488,0.06023
MA90,greedy_ssm,384,2,1010001101101111,10.12085,10.12085,10.12085,10.12085,0.06023
MA90,greedy_ssm,384,2,1010001110100100,9.86139,10.11719,10.11719,10.11977,0.06023
MA90,greedy_ssm,384,2,1010001111001101,9.78443,10.13676,10.13676,10.16949,0.06023
MA90,greedy_ssm,384,2,1010001111011010,9.67169,9.99941,9.99941,10.07909,0.06023
MA90,greedy_ssm,384,2,1010010000011001,9.40318,9.90147,9.90147,9.95724,0.06023
MA90,greedy_ssm,384,2,1010010001000110,9.20695,9.87911,9.87911,10.02104,0.06023
MA90,greedy_ssm,384,2,1010010010010101,9.3293,9.85707,9.85707,10.01912,0.06023
MA90,greedy_ssm,384,2,1010010010111110,9.39803,9.9207,9.9207,9.96024,0.06023
MA90,greedy_ssm,384,2,1010010011110000,9.84311,10.0905,10.0905,10.07925,0.06023
MA90,greedy_ssm,384,2,1010011000110101,9.58872,9.99656,9.99656,10.0791,0.06023
MA90,greedy_ssm,384,2,1010011100101011,9.88221,10.08569,10.08569,10.16949,0.06023
MA90,greedy_ssm,384,2,1010011101100001,10.07044,10.17966,10.17966,10.17966,0.06023
MA90,greedy_ssm,384,2,1010011110000011,9.63619,10.01442,10.01442,10.10097,0.06023
MA90,greedy_ssm,384,2,1010011111010011,9.82317,10.06269,10.06269,10.06745,0.06023
MA90,greedy_ssm,384,2,1010100001110100,9.65883,10.01654,10.01654,9.93406,0.06023
MA90,greedy_ssm,384,2,1010100011110011,9.83699,10.04074,10.04074,10.08052,0.06023
MA90,greedy_ssm,384,2,1010100100011100,9.51087,9.95944,9.95944,10.01539,0.06023
MA90,greedy_ssm,384,2,1010100100111001,9.69855,10.01314,10.01314,10.00067,0.06023
MA90,greedy_ssm,384,2,1010100101100100,9.61968,10.00478,10.00478,10.06008,0.06023
MA90,greedy_ssm,384,2,1010100110000000,9.26104,9.87642,9.87642,9.97658,0.06023
MA90,greedy_ssm,384,2,1010100110011010,9.33005,9.83314,9.83314,9.95335,0.06023
MA90,greedy_ssm,384,2,1010100110100001,9.61841,10.07544,10.07544,10.09275,0.06023
MA90,greedy_ssm,384,2,1010100110101111,9.77923,10.0623,10.0623,10.14238,0.06023
MA90,greedy_ssm,384,2,1010101000100110,9.41898,9.90987,9.90987,9.99529,0.06023
MA90,greedy_ssm,384,2,1010101001100000,9.74257,10.01867,10.01867,10.08221,0.06023
MA90,greedy_ssm,384,2,1010101001110100,9.7904,10.01796,10.01796,10.0576,0.06023
MA90,greedy_ssm,384,2,1010101100101111,9.88532,10.12085,10.12085,10.13717,0.06023
MA90,greedy_ssm,384,2,1010101101010101,9.74866,10.01696,10.01696,10.07337,0.06023
MA90,greedy_ssm,384,2,1010110000101001,9.50627,9.95087,9.95087,9.96804,0.06023
MA90,greedy_ssm,384,2,1010110000110110,9.33703,9.87064,9.87064,9.89428,0.06023
MA90,greedy_ssm,384,2,1010110010010111,9.1352,9.75522,9.75522,9.96948,0.06023
MA90,greedy_ssm,384,2,1010110010100000,9.35744,9.90908,9.90908,9.94953,0.06023
MA90,greedy_ssm,384,2,1010110100011100,9.41348,9.9061,9.9061,9.95196,0.06023
MA90,greedy_ssm,384,2,1010110110111001,9.78151,10.02225,10.02225,10.06354,0.06023
MA90,greedy_ssm,384,2,1010110111001100,9.44158,10.01167,10.01167,10.04137,0.06023
MA90,greedy_ssm,384,2,1010111010010110,9.39185,9.75215,9.75215,9.78396,0.06023
MA90,greedy_ssm,384,2,1010111010111011,9.61041,10.00991,10.00991,10.03812,0.06023
MA90,greedy_ssm,384,2,1010111011110001,9.87758,10.05473,10.05473,10.09913,0.06023
MA90,greedy_ssm,384,2,1010111011111010,9.68015,10.00991,10.00991,10.03812,0.06023
MA90,greedy_ssm,384,2,1010111101000010,9.55593,9.96594,9.96594,10.09093,0.06023
MA90,greedy_ssm,384,2,1010111101100000,9.85392,10.08221,10.08221,10.08221,0.06023
MA90,greedy_ssm,384,2,1011000001001110,8.85222,9.84567,9.84567,9.96037,0.06023
MA90,greedy_ssm,384,2,1011000100000100,9.14111,9.95636,9.95636,9.99529,0.06023
MA90,greedy_ssm,384,2,1011000101100010,9.4777,10.01494,10.01494,10.06603,0.06023
MA90,greedy_ssm,384,2,1011000110100101,9.5145,9.9981,9.9981,9.99382,0.06023
MA90,greedy_ssm,384,2,1011000110110111,9.66006,10.08052,10.08052,10.13581,0.06023
MA90,greedy_ssm,384,2,1011000111101001,9.6582,10.09128,10.09128,10.09128,0.06023
MA90,greedy_ssm,384,2,1011001001010100,9.12668,9.90265,9.90265,10.01796,0.06023
MA90,greedy_ssm,384,2,1011001001100011,9.4866,10.04312,10.04312,10.11473,0.06023
MA90,greedy_ssm,384,2,1011001001110101,9.44824,10.01696,10.01696,10.09772,0.06023
MA90,greedy_ssm,384,2,1011001010000001,9.25782,9.82454,9.82454,9.85074,0.06023
MA90,greedy_ssm,384,2,1011001010000111,9.21141,9.82426,9.82426,9.9081,0.06023
MA90,greedy_ssm,384,2,1011001010101110,9.17781,9.89417,9.89417,10.03699,0.06023
MA90,greedy_ssm,384,2,1011001011001110,9.01628,9.89417,9.89417,10.03699,0.06023
MA90,greedy_ssm,384,2,1011001011111010,9.38718,9.94976,9.94976,10.00262,0.06023
MA90,greedy_ssm,384,2,1011001100001101,9.3252,10.00889,10.00889,10.03626,0.06023
MA90,greedy_ssm,384,2,1011001100101111,9.7562,10.12085,10.12085,10.13717,0.06023
MA90,greedy_ssm,384,2,1011001100111100,9.66639,10.03537,10.03537,10.0387,0.06023
MA90,greedy_ssm,384,2,1011001110011101,9.39928,9.93693,9.93693,10.04514,0.06023
MA90,greedy_ssm,384,2,1011001110110100,9.7422,10.04156,10.04156,10.07728,0.06023
MA90,greedy_ssm,384,2,1011001110111100,9.74379,10.03179,10.03179,10.0644,0.06023
MA90,greedy_ssm,384,2,1011001111100010,9.73202,10.08849,10.08849,10.12237,0.06023
MA90,greedy_ssm,384,2,1011001111100111,9.91124,10.14366,10.14366,10.12854,0.06023
MA90,greedy_ssm,384,2,1011010011000010,8.9035,9.85542,9.85542,9.94994,0.06023
MA90,greedy_ssm,384,2,1011010011100100,9.45992,10.01912,10.01912,10.04266,0.06023
MA90,greedy_ssm,384,2,1011010011110000,9.45078,10.01912,10.01912,10.05577,0.06023
MA90,greedy_ssm,384,2,1011010100001110,8.99344,9.88423,9.88423,9.98627,0.06023
MA90,greedy_ssm,384,2,1011010100110100,9.53247,9.93325,9.93325,9.99231,0.06023
MA90,greedy_ssm,384,2,1011010101110100,9.66259,10.04266,10.04266,10.07925,0.06023
MA90,greedy_ssm,384,2,1011010101110111,9.88206,10.13581,10.13581,10.09711,0.06023
MA90,greedy_ssm,384,2,1011010110000101,9.08367,9.8629,9.8629,9.97887,0.06023
MA90,greedy_ssm,384,2,1011010111101000,9.6258,10.03433,10.03433,10.09825,0.06023
MA90,greedy_ssm,384,2,1011011001000111,9.10955,9.97624,9.97624,10.10137,0.06023
MA90,greedy_ssm,384,2,1011011010011010,9.10298,9.76456,9.76456,9.88825,0.06023
MA90,greedy_ssm,384,2,1011011010011011,9.16988,9.85742,9.85742,9.93069,0.06023
MA90,greedy_ssm,384,2,1011011101000100,9.37987,10.05686,10.05686,10.09567,0.06023
MA90,greedy_ssm,384,2,1011011101000111,9.42302,10.10137,10.10137,10.13258,0.06023
MA90,greedy_ssm,384,2,1011011111010111,9.52394,10.04287,10.04287,10.10097,0.06023
MA90,greedy_ssm,384,2,1011100000100111,9.91488,10.07077,10.07077,10.07077,0.06023
MA90,greedy_ssm,384,2,1011100001111111,9.96598,10.11496,10.11496,10.0644,0.06023
MA90,greedy_ssm,384,2,1011100010000101,9.50847,9.97933,9.97933,9.94208,0.06023
MA90,greedy_ssm,384,2,1011100010100100,9.80784,9.97933,9.97933,10.01655,0.06023
MA90,greedy_ssm,384,2,1011100011011110,9.6283,9.93371,9.93371,10.11496,0.06023
MA90,greedy_ssm,384,2,1011100011101111,9.92692,10.14238,10.14238,10.14238,0.06023
MA90,greedy_ssm,384,2,1011100100011011,9.87337,9.97852,9.97852,9.97852,0.06023
MA90,greedy_ssm,384,2,1011100110101010,9.82514,10.08711,10.08711,10.19812,0.06023
MA90,greedy_ssm,384,2,1011100111000110,9.67517,9.99504,9.99504,10.1172,0.06023
MA90,greedy_ssm,384,2,1011100111101011,10.08711,10.28605,10.28605,10.19812,0.06023
MA90,greedy_ssm,384,2,1011101010000010,9.66594,9.90881,9.90881,9.8337,0.06023
MA90,greedy_ssm,384,2,1011101010011110,9.66161,9.87371,9.87371,9.98117,0.06023
MA90,greedy_ssm,384,2,1011101011010001,9.80689,10.0494,10.0494,10.09275,0.06023
MA90,greedy_ssm,384,2,1011101101000000,9.86344,10.11473,10.11473,10.11473,0.06023
MA90,greedy_ssm,384,2,1011101101110010,9.87303,10.08075,10.08075,10.06996,0.06023
MA90,greedy_ssm,384,2,1011101110001100,9.76969,10.0174,10.0174,10.07844,0.06023
MA90,greedy_ssm,384,2,1011101111010000,9.81714,10.05577,10.05577,10.09197,0.06023
MA90,greedy_ssm,384,2,1011101111110000,10.04613,10.09275,10.09275,10.09197,0.06023
MA90,greedy_ssm,384,2,1011101111110001,10.0494,10.15038,10.15038,10.11473,0.06023
MA90,greedy_ssm,384,2,1011110001111101,9.95404,10.07682,10.07682,10.07682,0.06023
MA90,greedy_ssm,384,2,1011110010000101,9.5494,9.93283,9.93283,9.85326,0.06023
MA90,greedy_ssm,384,2,1011110010111111,9.73103,10.1231,10.1231,10.28605,0.06023
MA90,greedy_ssm,384,2,1011110011011011,9.6771,10.28605,10.28605,10.28605,0.06023
MA90,greedy_ssm,384,2,1011110100010100,9.6834,9.92841,9.92841,9.99231,0.06023
MA90,greedy_ssm,384,2,1011111000110010,9.69764,9.92982,9.92982,10.04468,0.06023
MA90,greedy_ssm,384,2,1011111010110100,9.71706,10.00458,10.00458,10.07271,0.06023
MA90,greedy_ssm,384,2,1011111111010000,9.82896,10.09197,10.09197,10.09197,0.06023
MA90,greedy_ssm,384,2,1100000000011100,8.54207,9.76801,9.76801,9.76801,0.06023
MA90,greedy_ssm,384,2,1100000001010110,8.57068,9.79473,9.79473,9.93015,0.06023
MA90,greedy_ssm,384,2,1100000001101110,9.1464,9.96197,9.96197,10.06853,0.06023
MA90,greedy_ssm,384,2,1100000010100111,9.10784,10.04356,10.04356,10.08982,0.06023
MA90,greedy_ssm,384,2,1100000011001001,8.87322,10.03158,10.03158,10.03547,0.06023
MA90,greedy_ssm,384,2,1100000100000111,8.82058,9.89154,9.89154,10.03976,0.06023
MA90,greedy_ssm,384,2,1100000100001000,8.8179,9.79868,9.79868,9.90807,0.06023
MA90,greedy_ssm,384,2,1100000100001100,8.94023,9.89153,9.89153,9.97327,0.06023
MA90,greedy_ssm,384,2,1100000100011110,8.76706,9.83196,9.83196,9.94025,0.06023
MA90,greedy_ssm,384,2,1100000100101000,9.35345,9.90807,9.90807,9.97327,0.06023
MA90,greedy_ssm,384,2,1100000101001000,9.12658,9.8105,9.8105,9.92166,0.06023
MA90,greedy_ssm,384,2,1100000101001101,9.14637,9.94259,9.94259,10.07753,0.06023
MA90,greedy_ssm,384,2,1100000101110100,9.73891,10.05797,10.05797,10.06807,0.06023
MA90,greedy_ssm,384,2,1100000111101110,9.60181,10.17099,10.17099,10.49653,0.06023
MA90,greedy_ssm,384,2,1100001000110110,9.01598,9.7847,9.7847,9.93388,0.06023
MA90,greedy_ssm,384,2,1100001000111110,9.04185,9.88195,9.88195,9.96827,0.06023
MA90,greedy_ssm,384,2,1100001001001110,8.7848,9.84015,9.84015,10.03155,0.06023
MA90,greedy_ssm,384,2,1100001001111001,9.32343,10.05279,10.05279,10.11328,0.06023
MA90,greedy_ssm,384,2,1100001011010001,8.90815,9.88093,9.88093,10.0661,0.06023
MA90,greedy_ssm,384,2,1100001100101000,9.55473,10.07562,10.07562,10.07562,0.06023
MA90,greedy_ssm,384,2,1100001100110101,9.63373,10.06496,10.06496,10.08059,0.06023
MA90,greedy_ssm,384,2,1100001101101100,9.79327,10.10964,10.10964,10.10964,0.06023
MA90,greedy_ssm,384,2,1100001110001000,9.00186,9.95072,9.95072,10.02522,0.06023
MA90,greedy_ssm,384,2,1100001110111100,9.56143,10.06119,10.06119,10.12791,0.06023
MA90,greedy_ssm,384,2,1100010000100111,9.04487,9.91114,9.91114,10.06968,0.06023
MA90,greedy_ssm,384,2,1100010011001010,8.77007,9.85643,9.85643,10.0097,0.06023
MA90,greedy_ssm,384,2,1100010011111000,9.31164,9.97991,9.97991,10.06241,0.06023
MA90,greedy_ssm,384,2,1100010101001010,9.10136,10.0058,10.0058,10.10226,0.06023
MA90,greedy_ssm,384,2,1100010101101010,9.72267,10.10226,10.10226,10.11846,0.06023
MA90,greedy_ssm,384,2,1100010101110011,9.70795,10.05595,10.05595,10.11026,0.06023
MA90,greedy_ssm,384,2,1100011000010100,8.93044,9.74056,9.74056,9.92607,0.06023
MA90,greedy_ssm,384,2,1100011010100110,8.95936,9.81095,9.81095,10.02107,0.06023
MA90,greedy_ssm,384,2,1100011011011011,8.9712,9.92658,9.92658,10.00434,0.06023
MA90,greedy_ssm,384,2,1100011011011110,8.83911,9.82734,9.82734,9.9666,0.06023
MA90,greedy_ssm,384,2,1100011100000111,9.11022,9.93995,9.93995,10.04955,0.06023
MA90,greedy_ssm,384,2,1100011100111000,9.51472,10.02578,10.02578,10.07481,0.06023
MA90,greedy_ssm,384,2,1100011101000011,9.38405,10.08123,10.08123,10.13398,0.06023
MA90,greedy_ssm,384,2,1100011101001100,9.37186,10.10964,10.10964,10.10964,0.06023
MA90,greedy_ssm,384,2,1100011110000000,9.02732,9.8946,9.8946,10.08115,0.06023
MA90,greedy_ssm,384,2,1100011110000101,9.09243,9.92721,9.92721,10.11077,0.06023
MA90,greedy_ssm,384,2,1100011110111110,9.57194,9.97049,9.97049,10.08118,0.06023
MA90,greedy_ssm,384,2,1100011111000011,9.42129,10.07469,10.07469,10.17966,0.06023
MA90,greedy_ssm,384,2,1100011111011110,9.18842,9.9666,9.9666,10.08118,0.06023
MA90,greedy_ssm,384,2,1100100000001010,8.51974,9.52387,9.52387,9.80328,0.06023
MA90,greedy_ssm,384,2,1100100000010100,8.48295,9.7023,9.7023,9.88627,0.06023
MA90,greedy_ssm,384,2,1100100000011011,8.6146,9.72634,9.72634,9.92861,0.06023
MA90,greedy_ssm,384,2,1100100011101000,9.31324,9.94672,9.94672,9.94536,0.06023
MA90,greedy_ssm,384,2,1100100011110100,9.34139,9.93303,9.93303,10.00936,0.06023
MA90,greedy_ssm,384,2,1100100100000110,8.68678,9.76596,9.76596,9.86773,0.06023
MA90,greedy_ssm,384,2,1100100101000011,9.17177,9.93994,9.93994,10.02454,0.06023
MA90,greedy_ssm,384,2,1100100110101001,9.3708,9.91154,9.91154,10.0115,0.06023
MA90,greedy_ssm,384,2,1100100111000100,9.06221,9.83201,9.83201,10.02507,0.06023
MA90,greedy_ssm,384,2,1100100111011000,9.10572,9.8151,9.8151,9.96841,0.06023
MA90,greedy_ssm,384,2,1100100111101011,9.79086,10.11007,10.11007,10.11989,0.06023
MA90,greedy_ssm,384,2,1100101000110101,9.18502,9.88229,9.88229,9.95465,0.06023
MA90,greedy_ssm,384,2,1100101001000010,8.79325,9.72341,9.72341,9.89049,0.06023
MA90,greedy_ssm,384,2,1100101001011001,8.99961,9.84441,9.84441,9.95373,0.06023
MA90,greedy_ssm,384,2,1100101010011000,8.80704,9.83391,9.83391,9.83391,0.06023
MA90,greedy_ssm,384,2,1100101011000010,8.83951,9.69706,9.69706,9.83126,0.06023
MA90,greedy_ssm,384,2,1100101101110011,9.70016,10.08075,10.08075,10.15038,0.06023
MA90,greedy_ssm,384,2,1100101110111110,9.48275,9.92976,9.92976,10.05238,0.06023
MA90,greedy_ssm,384,2,1100101111110111,9.83977,10.09187,10.09187,10.15038,0.06023
MA90,greedy_ssm,384,2,1100110001000110,8.68639,9.72897,9.72897,9.86587,0.06023
MA90,greedy_ssm,384,2,1100110001010101,8.7953,9.80812,9.80812,9.92219,0.06023
MA90,greedy_ssm,384,2,1100110010000011,8.57415,9.77594,9.77594,9.79289,0.06023
MA90,greedy_ssm,384,2,1100110010000100,8.60269,9.65132,9.65132,9.81741,0.06023
MA90,greedy_ssm,384,2,1100110011000011,8.78826,9.91079,9.91079,9.97246,0.06023
MA90,greedy_ssm,384,2,1100110101010001,9.32356,9.91478,9.91478,10.00553,0.06023
MA90,greedy_ssm,384,2,1100111001110001,9.44499,9.99651,9.99651,10.09686,0.06023
MA90,greedy_ssm,384,2,1100111100011010,8.80224,9.75729,9.75729,9.90592,0.06023
MA90,greedy_ssm,384,2,1100111101101110,9.72482,10.02559,10.02559,10.10964,0.06023
MA90,greedy_ssm,384,2,1100111101110010,9.69313,9.96533,9.96533,10.05419,0.06023
MA90,greedy_ssm,384,2,1100111110000111,8.99649,9.99818,9.99818,10.02235,0.06023
MA90,greedy_ssm,384,2,1101000001101000,8.94271,9.84611,9.84611,10.01602,0.06023
MA90,greedy_ssm,384,2,1101000010100101,8.84227,9.85527,9.85527,9.95924,0.06023
MA90,greedy_ssm,384,2,1101000011000100,8.61236,9.89233,9.89233,9.94055,0.06023
MA90,greedy_ssm,384,2,1101000011011100,8.64409,9.77692,9.77692,9.92796,0.06023
MA90,greedy_ssm,384,2,1101000011100111,8.92855,10.04356,10.04356,10.1172,0.06023
MA90,greedy_ssm,384,2,1101000100000110,8.4725,9.76596,9.76596,9.86773,0.06023
MA90,greedy_ssm,384,2,1101000101011001,8.83275,9.94325,9.94325,10.00553,0.06023
MA90,greedy_ssm,384,2,1101000101100010,9.16034,9.93994,9.93994,10.02454,0.06023
MA90,greedy_ssm,384,2,1101000110110101,9.12431,9.9544,9.9544,10.02817,0.06023
MA90,greedy_ssm,384,2,1101000110111001,9.17533,9.91186,9.91186,10.04164,0.06023
MA90,greedy_ssm,384,2,1101000110111101,9.17571,9.96871,9.96871,10.02971,0.06023
MA90,greedy_ssm,384,2,1101000111000101,8.75795,9.92759,9.92759,10.01332,0.06023
MA90,greedy_ssm,384,2,1101001000011110,8.59601,9.69655,9.69655,9.8323,0.06023
MA90,greedy_ssm,384,2,1101001001111000,8.95424,9.96301,9.96301,10.00407,0.06023
MA90,greedy_ssm,384,2,1101001011110010,8.74488,9.8612,9.8612,9.96593,0.06023
MA90,greedy_ssm,384,2,1101001110101011,9.52428,10.00221,10.00221,10.11396,0.06023
MA90,greedy_ssm,384,2,1101001110111101,9.32451,10.0219,10.0219,10.11619,0.06023
MA90,greedy_ssm,384,2,1101001111001010,8.8873,9.85435,9.85435,10.00726,0.06023
MA90,greedy_ssm,384,2,1101001111101001,9.6655,10.12428,10.12428,10.12428,0.06023
MA90,greedy_ssm,384,2,1101010001000101,8.50625,9.87071,9.87071,9.99742,0.06023
MA90,greedy_ssm,384,2,1101010001010011,8.53186,9.73171,9.73171,9.99321,0.06023
MA90,greedy_ssm,384,2,1101010010100010,8.70412,9.711,9.711,9.90754,0.06023
MA90,greedy_ssm,384,2,1101010010101100,8.88982,9.76696,9.76696,9.96477,0.06023
MA90,greedy_ssm,384,2,1101010011101000,9.00207,9.89686,9.89686,9.92985,0.06023
MA90,greedy_ssm,384,2,1101010100001100,8.62259,9.81688,9.81688,9.87515,0.06023
MA90,greedy_ssm,384,2,1101010110000110,8.50121,9.64793,9.64793,9.89637,0.06023
MA90,greedy_ssm,384,2,1101010110001110,8.56492,9.66961,9.66961,9.90123,0.06023
MA90,greedy_ssm,384,2,1101010110101110,9.06593,9.90123,9.90123,10.00126,0.06023
MA90,greedy_ssm,384,2,1101010110111001,9.17526,9.91157,9.91157,10.03021,0.06023
MA90,greedy_ssm,384,2,1101010110111011,9.2716,9.99587,9.99587,10.08334,0.06023
MA90,greedy_ssm,384,2,1101010111000110,8.6396,9.8162,9.8162,9.95633,0.06023
MA90,greedy_ssm,384,2,1101011000000110,8.57373,9.69487,9.69487,9.86378,0.06023
MA90,greedy_ssm,384,2,1101011001110110,8.74578,9.8515,9.8515,9.99269,0.06023
MA90,greedy_ssm,384,2,1101011010010111,8.72002,9.77807,9.77807,9.83455,0.06023
MA90,greedy_ssm,384,2,1101011010101100,8.92265,9.81994,9.81994,10.06162,0.06023
MA90,greedy_ssm,384,2,1101011011001000,8.70823,9.8057,9.8057,9.93934,0.06023
MA90,greedy_ssm,384,2,1101011011011011,8.71073,9.85763,9.85763,9.94184,0.06023
MA90,greedy_ssm,384,2,1101011100100111,9.46445,10.02449,10.02449,10.13258,0.06023
MA90,greedy_ssm,384,2,1101011110011100,8.83096,9.8072,9.8072,9.971,0.06023
MA90,greedy_ssm,384,2,1101011110101110,9.34634,9.96559,9.96559,10.00568,0.06023
MA90,greedy_ssm,384,2,1101011111000001,8.91935,9.94415,9.94415,10.05198,0.06023
MA90,greedy_ssm,384,2,1101100011000100,9.11067,9.94055,9.94055,9.95924,0.06023
MA90,greedy_ssm,384,2,1101100100000110,9.10422,9.90466,9.90466,9.94522,0.06023
MA90,greedy_ssm,384,2,1101100101100111,9.94522,10.1172,10.1172,10.14366,0.06023
MA90,greedy_ssm,384,2,1101100110000000,9.16761,9.91337,9.91337,9.98394,0.06023
MA90,greedy_ssm,384,2,1101100110111010,9.63587,9.98757,9.98757,10.11989,0.06023
MA90,greedy_ssm,384,2,1101101000010110,9.20145,9.88627,9.88627,9.89094,0.06023
MA90,greedy_ssm,384,2,1101101000011011,9.51718,9.9646,9.9646,10.00266,0.06023
MA90,greedy_ssm,384,2,1101101000101011,9.59797,10.0564,10.0564,10.09686,0.06023
MA90,greedy_ssm,384,2,1101101001001101,9.52906,10.01957,10.01957,10.0973,0.06023
MA90,greedy_ssm,384,2,1101101001100010,9.72341,10.00448,10.00448,10.07586,0.06023
MA90,greedy_ssm,384,2,1101101010000111,9.50205,9.86971,9.86971,9.95754,0.06023
MA90,greedy_ssm,384,2,1101101011000010,9.2572,9.83769,9.83769,9.9764,0.06023
MA90,greedy_ssm,384,2,1101101011001010,9.41035,9.90478,9.90478,10.03508,0.06023
MA90,greedy_ssm,384,2,1101101011101001,9.85915,10.12428,10.12428,10.12428,0.06023
MA90,greedy_ssm,384,2,1101101110011101,9.52789,10.0219,10.0219,10.11619,0.06023
MA90,greedy_ssm,384,2,1101101110110100,9.82664,10.07728,10.07728,10.11415,0.06023
MA90,greedy_ssm,384,2,1101101111111100,9.93109,10.11619,10.11619,10.13268,0.06023
MA90,greedy_ssm,384,2,1101110000000110,8.87728,9.83553,9.83553,9.96621,0.06023
MA90,greedy_ssm,384,2,1101110000101110,9.49525,9.96477,9.96477,9.96477,0.06023
MA90,greedy_ssm,384,2,1101110001000011,9.08959,9.99563,9.99563,10.00264,0.06023
MA90,greedy_ssm,384,2,1101110001001011,9.14932,9.9728,9.9728,9.99082,0.06023
MA90,greedy_ssm,384,2,1101110010001011,9.07005,9.88578,9.88578,10.06914,0.06023
MA90,greedy_ssm,384,2,1101110011111100,9.76924,10.03225,10.03225,10.06138,0.06023
MA90,greedy_ssm,384,2,1101110111001110,9.56311,9.98822,9.98822,10.11708,0.06023
MA90,greedy_ssm,384,2,1101110111011100,9.66648,10.03225,10.03225,10.06138,0.06023
MA90,greedy_ssm,384,2,1101111000011000,9.43843,9.89213,9.89213,9.89213,0.06023
MA90,greedy_ssm,384,2,1101111001110001,9.76782,10.05424,10.05424,10.07968,0.06023
MA90,greedy_ssm,384,2,1101111010101101,9.63837,10.11106,10.11106,10.11106,0.06023
MA90,greedy_ssm,384,2,1101111100000010,9.29369,9.90313,9.90313,10.05702,0.06023
MA90,greedy_ssm,384,2,1101111101011101,9.75262,10.15461,10.15461,10.15461,0.06023
MA90,greedy_ssm,384,2,1101111110000010,9.19502,9.89769,9.89769,10.01564,0.06023
MA90,greedy_ssm,384,2,1101111110100110,9.68684,10.02235,10.02235,10.08638,0.06023
MA90,greedy_ssm,384,2,1101111111000100,9.70379,10.07512,10.07512,10.10496,0.06023
MA90,greedy_ssm,384,2,1101111111100110,9.82397,10.08638,10.08638,10.14511,0.06023
MA90,greedy_ssm,384,2,1110000000100101,9.70783,10.00648,10.00648,10.08059,0.06023
MA90,greedy_ssm,384,2,1110000011100001,9.93978,10.10252,10.10252,10.08677,0.06023
MA90,greedy_ssm,384,2,1110000101100000,9.81083,10.11359,10.11359,10.11359,0.06023
MA90,greedy_ssm,384,2,1110001001000111,9.70066,10.08694,10.08694,10.13398,0.06023
MA90,greedy_ssm,384,2,1110001001011111,9.70575,10.02705,10.02705,10.10671,0.06023
MA90,greedy_ssm,384,2,1110001010110101,9.6683,10.05915,10.05915,10.12791,0.06023
MA90,greedy_ssm,384,2,1110001010111000,9.66346,10.0093,10.0093,10.11328,0.06023
MA90,greedy_ssm,384,2,1110001011001011,9.77994,10.12906,10.12906,10.12906,0.06023
MA90,greedy_ssm,384,2,1110001100001101,9.75002,10.07753,10.07753,10.0947,0.06023
MA90,greedy_ssm,384,2,1110001100011101,9.74662,10.05941,10.05941,10.12791,0.06023
MA90,greedy_ssm,384,2,1110001100011110,9.73379,9.96827,9.96827,9.99487,0.06023
MA90,greedy_ssm,384,2,1110001100100100,9.9628,10.08594,10.08594,10.11977,0.06023
MA90,greedy_ssm,384,2,1110001101100001,10.08157,10.17966,10.17966,10.13398,0.06023
MA90,greedy_ssm,384,2,1110001110010101,9.70396,10.05915,10.05915,10.12791,0.06023
MA90,greedy_ssm,384,2,1110001110101110,9.8979,10.11324,10.11324,10.17099,0.06023
MA90,greedy_ssm,384,2,1110001111001001,9.86483,10.13187,10.13187,10.17966,0.06023
MA90,greedy_ssm,384,2,1110010000100010,9.50311,9.90895,9.90895,10.03739,0.06023
MA90,greedy_ssm,384,2,1110010001010000,9.43016,9.96535,9.96535,10.0905,0.06023
MA90,greedy_ssm,384,2,1110010101101011,10.10226,10.49653,10.49653,10.49653,0.06023
MA90,greedy_ssm,384,2,1110010110010010,9.47219,9.92237,9.92237,10.0905,0.06023
MA90,greedy_ssm,384,2,1110010110101110,9.86478,10.49653,10.49653,10.49653,0.06023
MA90,greedy_ssm,384,2,1110010110111010,9.79793,10.06947,10.06947,10.52605,0.06023
MA90,greedy_ssm,384,2,1110011000000010,9.58869,9.87148,9.76956,9.75824,0.06023
MA90,greedy_ssm,384,2,1110011000000110,9.51131,9.87728,9.87728,9.95547,0.06023
MA90,greedy_ssm,384,2,1110011000100001,9.75233,10.06049,10.06049,10.17966,0.06023
MA90,greedy_ssm,384,2,1110011001001101,9.69252,10.07314,10.07314,10.12477,0.06023
MA90,greedy_ssm,384,2,1110011010100111,9.77289,10.09141,10.09141,10.12854,0.06023
MA90,greedy_ssm,384,2,1110011100000101,9.65682,10.11544,10.11544,10.11544,0.06023
MA90,greedy_ssm,384,2,1110011100101111,9.95712,10.1045,10.08722,10.13303,0.06023
MA90,greedy_ssm,384,2,1110011101111111,10.04511,10.12645,10.12645,10.09874,0.06023
MA90,greedy_ssm,384,2,1110011111001110,9.72491,10.08669,10.08669,10.12477,0.06023
MA90,greedy_ssm,384,2,1110100000001101,9.28652,9.92234,9.92234,9.99082,0.06023
MA90,greedy_ssm,384,2,1110100000110001,9.53236,9.9485,9.9485,10.11719,0.06023
MA90,greedy_ssm,384,2,1110100001111100,9.69435,9.96776,9.96776,9.98759,0.06023
MA90,greedy_ssm,384,2,1110100010000010,9.18765,9.66947,9.66947,9.88635,0.06023
MA90,greedy_ssm,384,2,1110100100001101,9.44229,9.99082,9.99082,10.02438,0.06023
MA90,greedy_ssm,384,2,1110100101001110,9.43741,9.90796,9.90796,10.07106,0.06023
MA90,greedy_ssm,384,2,1110100101101001,9.48418,10.09328,10.09328,10.12428,0.06023
MA90,greedy_ssm,384,2,1110100101110101,9.79209,10.06496,10.06496,10.08059,0.06023
MA90,greedy_ssm,384,2,1110100110000010,9.30378,9.88635,9.88635,9.91594,0.06023
MA90,greedy_ssm,384,2,1110100110100000,9.60134,10.00242,10.00242,10.05244,0.06023
MA90,greedy_ssm,384,2,1110100110101111,9.75979,10.17099,10.17099,10.49653,0.06023
MA90,greedy_ssm,384,2,1110100111000110,9.41463,9.9884,9.9884,10.08982,0.06023
MA90,greedy_ssm,384,2,1110100111100111,9.98081,10.17099,10.17099,10.14958,0.06023
MA90,greedy_ssm,384,2,1110101010000000,9.56834,9.87251,9.87251,9.9764,0.06023
MA90,greedy_ssm,384,2,1110101101000010,9.60654,10.01923,10.01923,10.13398,0.06023
MA90,greedy_ssm,384,2,1110101101111011,10.03142,10.09686,10.09686,10.13717,0.06023
MA90,greedy_ssm,384,2,1110101110110100,9.963,10.07728,10.07728,10.11415,0.06023
MA90,greedy_ssm,384,2,1110101111001111,9.86544,10.12971,10.12971,10.14511,0.06023
MA90,greedy_ssm,384,2,1110101111010111,9.82056,10.09187,10.09187,10.15038,0.06023
MA90,greedy_ssm,384,2,1110110000010111,9.23424,9.93128,9.93128,9.97086,0.06023
MA90,greedy_ssm,384,2,1110110000011010,9.12826,9.79459,9.79459,9.79988,0.06023
MA90,greedy_ssm,384,2,1110110010101110,9.3542,9.92575,9.92575,10.00126,0.06023
MA90,greedy_ssm,384,2,1110110100110111,9.77615,10.02415,10.02415,10.08772,0.06023
MA90,greedy_ssm,384,2,1110110101111100,9.65281,10.07186,10.07186,10.10964,0.06023
MA90,greedy_ssm,384,2,1110110111011100,9.70928,10.03225,10.03225,10.06138,0.06023
MA90,greedy_ssm,384,2,1110111001010011,9.60355,9.96765,9.96765,10.05419,0.06023
MA90,greedy_ssm,384,2,1110111001101110,9.75732,10.02559,10.02559,10.10964,0.06023
MA90,greedy_ssm,384,2,1110111010000011,9.54619,9.87397,9.87397,9.92225,0.06023
MA90,greedy_ssm,384,2,1110111010010100,9.50121,9.90279,9.90279,9.99138,0.06023
MA90,greedy_ssm,384,2,1110111010110010,9.39174,9.9532,9.9532,10.01818,0.06023
MA90,greedy_ssm,384,2,1110111011010010,9.47635,9.85038,9.85038,10.02417,0.06023
MA90,greedy_ssm,384,2,1110111011101100,9.81933,10.11106,10.11106,10.11106,0.06023
MA90,greedy_ssm,384,2,1110111100011000,9.62583,9.97115,9.97115,10.02578,0.06023
MA90,greedy_ssm,384,2,1110111101111001,9.95337,10.15461,10.15461,10.15461,0.06023
MA90,greedy_ssm,384,2,1110111111100100,9.99501,10.13012,10.13012,10.13012,0.06023
MA90,greedy_ssm,384,2,1111000011000000,9.04134,9.93276,9.93276,9.9764,0.06023
MA90,greedy_ssm,384,2,1111000011001000,9.01868,9.94672,9.94672,9.94536,0.06023
MA90,greedy_ssm,384,2,1111000100110100,9.56098,10.00968,10.00968,10.0549,0.06023
MA90,greedy_ssm,384,2,1111000100111110,9.62193,9.96016,9.96016,10.03627,0.06023
MA90,greedy_ssm,384,2,1111000111010111,9.42736,10.12203,10.12203,10.12203,0.06023
MA90,greedy_ssm,384,2,1111001000111100,9.35346,10.03537,10.03537,10.0387,0.06023
MA90,greedy_ssm,384,2,1111001001010011,9.19709,9.92689,9.92689,10.08075,0.06023
MA90,greedy_ssm,384,2,1111001100011010,9.25867,9.85476,9.85476,10.00266,0.06023
MA90,greedy_ssm,384,2,1111001111101110,9.80073,10.12971,10.12971,10.14511,0.06023
MA90,greedy_ssm,384,2,1111001111111100,9.79755,10.12791,10.12791,10.13268,0.06023
MA90,greedy_ssm,384,2,1111010001100011,9.50205,10.03739,10.03739,10.08781,0.06023
MA90,greedy_ssm,384,2,1111010011010100,9.12407,9.92602,9.92602,10.07925,0.06023
MA90,greedy_ssm,384,2,1111010011110000,9.60788,10.0905,10.0905,10.09197,0.06023
MA90,greedy_ssm,384,2,1111010100101110,9.58306,10.00491,10.00491,10.1045,0.06023
MA90,greedy_ssm,384,2,1111010101001001,9.31796,9.98644,9.98644,10.10278,0.06023
MA90,greedy_ssm,384,2,1111010101101010,9.59098,10.10226,10.10226,10.11846,0.06023
MA90,greedy_ssm,384,2,1111010110101010,9.55882,10.0097,10.0097,10.02168,0.06023
MA90,greedy_ssm,384,2,1111011011011111,9.29914,9.98811,9.98811,10.10263,0.06023
MA90,greedy_ssm,384,2,1111011011100000,9.70174,10.08705,10.08705,10.09825,0.06023
MA90,greedy_ssm,384,2,1111011011111010,9.56546,9.97176,9.97176,10.10152,0.06023
MA90,greedy_ssm,384,2,1111011100011010,9.24932,9.90592,9.90592,10.05758,0.06023
MA90,greedy_ssm,384,2,1111100000110000,9.84746,9.99332,9.99332,10.00235,0.06023
MA90,greedy_ssm,384,2,1111100001001001,9.44601,9.99883,9.99883,10.09328,0.06023
MA90,greedy_ssm,384,2,1111100001001011,9.67902,10.0564,10.0564,10.09686,0.06023
MA90,greedy_ssm,384,2,1111100001011001,9.69601,10.03478,10.03478,10.02522,0.06023
MA90,greedy_ssm,384,2,1111100001110101,9.84715,10.02825,10.02825,10.12203,0.06023
MA90,greedy_ssm,384,2,1111100010100001,9.87132,10.02703,10.02703,9.96804,0.06023
MA90,greedy_ssm,384,2,1111100010110000,9.80731,10.02539,10.02539,10.03478,0.06023
MA90,greedy_ssm,384,2,1111100011001111,9.62888,10.10752,10.10752,10.12971,0.06023
MA90,greedy_ssm,384,2,1111100100001000,9.74513,10.04728,10.04728,10.04728,0.06023
MA90,greedy_ssm,384,2,1111100100010010,9.65482,9.9719,9.9719,9.9719,0.06023
MA90,greedy_ssm,384,2,1111100101010110,9.61867,9.96745,9.96745,10.12203,0.06023
MA90,greedy_ssm,384,2,1111100110100111,10.01603,10.14366,10.14366,10.14958,0.06023
MA90,greedy_ssm,384,2,1111100111101001,10.0403,10.12428,10.12428,10.12428,0.06023
MA90,greedy_ssm,384,2,1111100111101010,9.8883,10.11989,10.11989,10.11989,0.06023
MA90,greedy_ssm,384,2,1111101000010101,9.77558,9.95465,9.95465,10.13303,0.06023
MA90,greedy_ssm,384,2,1111101000011010,9.71078,9.9646,9.9646,9.82829,0.06023
MA90,greedy_ssm,384,2,1111101000110100,9.83775,10.0549,10.0549,10.07728,0.06023
MA90,greedy_ssm,384,2,1111101010001101,9.79163,10.05976,10.05976,10.11106,0.06023
MA90,greedy_ssm,384,2,1111101011000100,9.88108,10.07907,10.07907,10.14958,0.06023
MA90,greedy_ssm,384,2,1111101110001001,9.89647,10.12428,10.12428,10.12428,0.06023
MA90,greedy_ssm,384,2,1111101110100101,10.02643,10.14958,10.14958,10.14958,0.06023
MA90,greedy_ssm,384,2,1111110000101000,9.91928,9.96804,9.96804,10.10183,0.06023
MA90,greedy_ssm,384,2,1111110001111010,9.87105,10.01351,10.01351,10.06882,0.06023
MA90,greedy_ssm,384,2,1111110001111011,9.95404,10.09293,10.09293,10.07362,0.06023
MA90,greedy_ssm,384,2,1111110010001101,9.74631,9.96804,9.96804,9.96804,0.06023
MA90,greedy_ssm,384,2,1111110011100000,9.89637,10.08705,10.08705,10.09825,0.06023
MA90,greedy_ssm,384,2,1111110101001101,9.63288,10.0398,10.0398,10.15461,0.06023
MA90,greedy_ssm,384,2,1111110111001011,9.86738,10.1244,10.1244,10.14511,0.06023
MA90,greedy_ssm,384,2,1111110111111101,10.05444,10.15461,10.15461,10.15461,0.06023
MA90,greedy_ssm,384,2,1111111001011110,9.70524,9.98538,9.98538,10.10881,0.06023
MA90,greedy_ssm,384,2,1111111010001011,9.80139,10.03736,10.03736,10.1244,0.06023
MA90,greedy_ssm,384,2,1111111111110111,10.07963,10.15038,10.15038,10.14511,0.06023
MA90,greedy_ssm,384,2,1111111111111100,10.06138,10.15461,10.15461,10.15461,0.06023
MA90,greedy_ssm,384,3,0000000001111010,9.041,9.98803,9.98803,9.98803,0.06023
MA90,greedy_ssm,384,3,0000000011101110,9.14296,10.05404,10.05404,10.05404,0.06023
MA90,greedy_ssm,384,3,0000000100010011,8.69219,9.94512,9.94512,9.94512,0.06023
MA90,greedy_ssm,384,3,0000000101001100,9.06296,10.04506,10.04506,10.04506,0.06023
MA90,greedy_ssm,384,3,0000001000100001,9.03571,10.04747,10.04747,10.04747,0.06023
MA90,greedy_ssm,384,3,0000001000100100,9.04951,10.01417,10.01417,10.01417,0.06023
MA90,greedy_ssm,384,3,0000001001001100,8.90129,10.02485,10.02485,10.02485,0.06023
MA90,greedy_ssm,384,3,0000001001101010,9.10341,10.08631,10.08631,10.08631,0.06023
MA90,greedy_ssm,384,3,0000001011101110,9.24336,10.10122,10.10122,10.10122,0.06023
MA90,greedy_ssm,384,3,0000001101011001,9.45667,10.10752,10.10752,10.10752,0.06023
MA90,greedy_ssm,384,3,0000001110001001,8.96512,10.08817,10.08817,10.08817,0.06023
MA90,greedy_ssm,384,3,0000001111001001,9.25449,10.12708,10.12708,10.12708,0.06023
MA90,greedy_ssm,384,3,0000001111001111,9.34167,10.12959,10.12959,10.12959,0.06023
MA90,greedy_ssm,384,3,0000010000001100,8.65619,9.9261,9.9261,9.9261,0.06023
MA90,greedy_ssm,384,3,0000010000100100,8.98025,9.99203,9.99203,9.99203,0.06023
MA90,greedy_ssm,384,3,0000010000110110,8.87145,9.94124,9.94124,9.94124,0.06023
MA90,greedy_ssm,384,3,0000010001000101,8.69105,9.98304,9.98304,9.98304,0.06023
MA90,greedy_ssm,384,3,0000010001100000,9.16307,10.06308,10.06308,10.06308,0.06023
MA90,greedy_ssm,384,3,0000010001101100,9.20161,10.07411,10.07411,9.99215,0.06023
MA90,greedy_ssm,384,3,0000010010001101,8.62193,9.90946,9.90946,9.90946,0.06023
MA90,greedy_ssm,384,3,0000010010110010,8.85247,9.90299,9.90299,9.90042,0.06023
MA90,greedy_ssm,384,3,0000010010110100,8.95742,10.01912,10.01912,10.01912,0.06023
MA90,greedy_ssm,384,3,0000010110100101,9.31539,10.08215,10.08215,10.08215,0.06023
MA90,greedy_ssm,384,3,0000010110101010,9.25184,10.06019,10.06019,10.06019,0.06023
MA90,greedy_ssm,384,3,0000011001101010,9.18487,10.02434,10.02434,10.02434,0.06023
MA90,greedy_ssm,384,3,0000011001111100,9.20043,10.09203,10.09203,10.07431,0.06023
MA90,greedy_ssm,384,3,0000011010000101,8.86303,9.9432,9.9432,9.9432,0.06023
MA90,greedy_ssm,384,3,0000011010101011,9.16065,10.04727,10.04727,10.04727,0.06023
MA90,greedy_ssm,384,3,0000011010111000,9.04233,10.02563,10.02563,10.02563,0.06023
MA90,greedy_ssm,384,3,0000011100001111,8.97816,10.0726,10.0726,10.0726,0.06023
MA90,greedy_ssm,384,3,0000011110100011,9.59416,10.11246,10.11246,10.11246,0.06023
MA90,greedy_ssm,384,3,0000011111110000,9.76668,10.09203,10.09203,10.09203,0.06023
MA90,greedy_ssm,384,3,0000100010001000,8.47622,9.75283,9.75283,9.75283,0.06023
MA90,greedy_ssm,384,3,0000100011100101,9.30015,10.06836,10.06836,9.90949,0.06023
MA90,greedy_ssm,384,3,0000100011101100,9.2312,9.98209,9.98209,9.98209,0.06023
MA90,greedy_ssm,384,3,0000100100000010,8.52675,9.83935,9.83935,9.81173,0.06023
MA90,greedy_ssm,384,3,0000100100001010,8.67733,9.9104,9.9104,9.89955,0.06023
MA90,greedy_ssm,384,3,0000100101000010,8.95766,9.97314,9.97314,9.97314,0.06023
MA90,greedy_ssm,384,3,0000100110101011,9.38366,10.19812,10.19812,10.05233,0.06023
MA90,greedy_ssm,384,3,0000101001011010,8.77064,9.83721,9.83721,9.83721,0.06023
MA90,greedy_ssm,384,3,0000101001110000,9.30927,10.05048,10.05048,9.98982,0.06023
MA90,greedy_ssm,384,3,0000101001111101,9.43768,10.10752,10.10752,10.10752,0.06023
MA90,greedy_ssm,384,3,0000101010010011,8.78574,9.88047,9.88047,9.7992,0.06023
MA90,greedy_ssm,384,3,0000101010110011,9.11125,9.9748,9.9748,9.93572,0.06023
MA90,greedy_ssm,384,3,0000101011010110,8.65303,9.90798,9.90798,9.8421,0.06023
MA90,greedy_ssm,384,3,0000101100001011,8.89773,10.00146,10.00146,10.00146,0.06023
MA90,greedy_ssm,384,3,0000101100011001,8.88719,9.95476,9.95476,9.92517,0.06023
MA90,greedy_ssm,384,3,0000101110010100,8.91717,9.93758,9.93758,9.93066,0.06023
MA90,greedy_ssm,384,3,0000101111100000,9.77527,10.10156,10.10156,10.08475,0.06023
MA90,greedy_ssm,384,3,0000101111100101,9.81175,10.12596,10.12596,10.12596,0.06023
MA90,greedy_ssm,384,3,0000101111110111,9.79991,10.09026,10.09026,10.08996,0.06023
MA90,greedy_ssm,384,3,0000110001000111,8.72195,9.98974,9.98974,9.98974,0.06023
MA90,greedy_ssm,384,3,0000110001111101,9.28174,10.04304,10.04304,10.00348,0.06023
MA90,greedy_ssm,384,3,0000110010111011,9.03761,10.01112,10.01112,9.94391,0.06023
MA90,greedy_ssm,384,3,0000110100010010,8.48821,9.83188,9.83188,9.83188,0.06023
MA90,greedy_ssm,384,3,0000110100111110,9.20061,9.9567,9.9567,9.91489,0.06023
MA90,greedy_ssm,384,3,0000110101010101,9.22526,10.00221,10.00221,9.96699,0.06023
MA90,greedy_ssm,384,3,0000111010001011,8.90927,9.92519,9.92519,9.72878,0.06023
MA90,greedy_ssm,384,3,0000111010010101,8.79025,9.88207,9.88207,9.88207,0.06023
MA90,greedy_ssm,384,3,0000111010011101,8.81866,9.91322,9.91322,9.88814,0.06023
MA90,greedy_ssm,384,3,0000111011000001,8.94194,9.98268,9.98268,9.98268,0.06023
MA90,greedy_ssm,384,3,0000111100001111,8.89332,10.03289,10.03289,9.96637,0.06023
MA90,greedy_ssm,384,3,0000111100011100,8.89521,9.9856,9.9856,9.9856,0.06023
MA90,greedy_ssm,384,3,0000111100100010,9.33834,10.00518,10.00518,10.00518,0.06023
MA90,greedy_ssm,384,3,0000111101010100,9.53707,10.07623,10.07623,10.07623,0.06023
MA90,greedy_ssm,384,3,0000111101011001,9.58788,10.04728,10.04728,10.04652,0.06023
MA90,greedy_ssm,384,3,0001000000011101,8.27196,9.82168,9.82168,9.82168,0.06023
MA90,greedy_ssm,384,3,0001000001101111,8.97541,10.0772,10.0772,10.00784,0.06023
MA90,greedy_ssm,384,3,0001000100011011,8.4001,9.93094,9.93094,9.89878,0.06023
MA90,greedy_ssm,384,3,0001000110000110,8.43908,9.83001,9.83001,9.83001,0.06023
MA90,greedy_ssm,384,3,0001000110001000,8.56106,9.88532,9.88532,9.88532,0.06023
MA90,greedy_ssm,384,3,0001000110001111,8.54754,9.96331,9.96331,9.96331,0.06023
MA90,greedy_ssm,384,3,0001000110011111,8.49197,9.96787,9.96787,9.96787,0.06023
MA90,greedy_ssm,384,3,0001000111001010,8.60265,10.04652,10.04652,9.95839,0.06023
MA90,greedy_ssm,384,3,0001000111111111,8.82291,10.11496,10.11496,10.11496,0.06023
MA90,greedy_ssm,384,3,0001001001011110,8.53672,9.83069,9.83069,9.83069,0.06023
MA90,greedy_ssm,384,3,0001001011011010,8.48186,9.84729,9.84729,9.84729,0.06023
MA90,greedy_ssm,384,3,0001001011110100,8.92394,10.02803,10.02803,10.02803,0.06023
MA90,greedy_ssm,384,3,0001001100000000,8.63916,9.97753,9.97753,9.97753,0.06023
MA90,greedy_ssm,384,3,0001001100011011,8.69822,9.99174,9.99174,9.99174,0.06023
MA90,greedy_ssm,384,3,0001001101100000,9.31162,10.08475,10.08475,10.05405,0.06023
MA90,greedy_ssm,384,3,0001010001100100,8.9489,9.99476,9.99476,9.99476,0.06023
MA90,greedy_ssm,384,3,0001010010000100,8.45455,9.85614,9.85614,9.85614,0.06023
MA90,greedy_ssm,384,3,0001010010001110,8.31537,9.84115,9.84115,9.84115,0.06023
MA90,greedy_ssm,384,3,0001010100001010,8.47188,9.86564,9.86564,9.86496,0.06023
MA90,greedy_ssm,384,3,0001010110100011,9.15264,10.08421,10.08421,10.08421,0.06023
MA90,greedy_ssm,384,3,0001010111100111,9.23327,10.15082,10.15082,10.15082,0.06023
MA90,greedy_ssm,384,3,0001011000010110,8.43743,9.75447,9.75447,9.74393,0.06023
MA90,greedy_ssm,384,3,0001011000100011,8.85678,9.98199,9.98199,9.98199,0.06023
MA90,greedy_ssm,384,3,0001011011000010,8.56526,9.91962,9.91962,9.91962,0.06023
MA90,greedy_ssm,384,3,0001011011011110,8.53128,9.86854,9.86854,9.86854,0.06023
MA90,greedy_ssm,384,3,0001011100000011,8.68322,9.98199,9.98199,9.98199,0.06023
MA90,greedy_ssm,384,3,0001011100010100,8.64996,9.92367,9.92367,9.89374,0.06023
MA90,greedy_ssm,384,3,0001011111001110,8.85762,9.98794,9.98794,9.98794,0.06023
MA90,greedy_ssm,384,3,0001011111010011,8.96353,10.06269,10.06269,10.05986,0.06023
MA90,greedy_ssm,384,3,0001011111110011,9.62441,10.10994,10.10994,10.10994,0.06023
MA90,greedy_ssm,384,3,0001100001000110,8.92753,9.95496,9.95496,9.95496,0.06023
MA90,greedy_ssm,384,3,0001100010110100,9.48854,10.02014,10.02014,10.02014,0.06023
MA90,greedy_ssm,384,3,0001100011001010,9.00658,10.00549,10.00549,10.00549,0.06023
MA90,greedy_ssm,384,3,0001100011111011,9.7614,10.19812,10.19812,10.19812,0.06023
MA90,greedy_ssm,384,3,0001100110000011,9.17197,10.05412,10.05412,10.05412,0.06023
MA90,greedy_ssm,384,3,0001100111001010,9.48513,10.19812,10.19812,10.19812,0.06023
MA90,greedy_ssm,384,3,0001100111100110,9.779,10.06836,10.06836,10.06836,0.06023
MA90,greedy_ssm,384,3,0001101001000000,9.28547,10.05405,10.05405,10.05405,0.06023
MA90,greedy_ssm,384,3,0001101100010110,9.25167,9.93577,9.93577,9.88073,0.06023
MA90,greedy_ssm,384,3,0001101110011000,9.31745,10.02353,10.02353,10.02353,0.06023
MA90,greedy_ssm,384,3,0001101111010111,9.75504,10.08996,10.08996,10.08996,0.06023
MA90,greedy_ssm,384,3,0001101111110011,9.92587,10.15038,10.15038,10.08996,0.06023
MA90,greedy_ssm,384,3,0001110000101011,9.54137,10.0772,10.0772,10.0359,0.06023
MA90,greedy_ssm,384,3,0001110000111011,9.6289,10.0359,10.0359,9.99814,0.06023
MA90,greedy_ssm,384,3,0001110001011111,9.18886,10.0772,10.0772,10.0772,0.06023
MA90,greedy_ssm,384,3,0001110100100100,9.75647,10.02071,10.02071,10.02071,0.06023
MA90,greedy_ssm,384,3,0001110101000000,9.55826,10.10059,10.10059,10.12511,0.06023
MA90,greedy_ssm,384,3,0001110101001110,9.47574,10.03404,10.03404,9.98569,0.06023
MA90,greedy_ssm,384,3,0001110101100101,9.99258,10.12863,10.12863,10.10183,0.06023
MA90,greedy_ssm,384,3,0001110110010100,9.04283,10.06922,10.06922,10.06922,0.06023
MA90,greedy_ssm,384,3,0001110111000110,9.40479,10.06278,10.06278,10.06278,0.06023
MA90,greedy_ssm,384,3,0001110111001100,9.49,10.10059,10.10059,10.10059,0.06023
MA90,greedy_ssm,384,3,0001111000001101,9.31439,10.01752,10.01752,10.01752,0.06023
MA90,greedy_ssm,384,3,0001111001001101,9.43772,10.12863,10.12863,10.12863,0.06023
MA90,greedy_ssm,384,3,0001111001010100,9.45542,10.07623,10.07623,10.07623,0.06023
MA90,greedy_ssm,384,3,0001111010010100,9.33595,9.91563,9.91563,9.82623,0.06023
MA90,greedy_ssm,384,3,0001111100001100,9.35268,10.06257,10.06257,10.06257,0.06023
MA90,greedy_ssm,384,3,0001111100010111,9.41603,10.06488,10.06488,10.03377,0.06023
MA90,greedy_ssm,384,3,0001111100101111,9.84935,10.12863,10.12863,10.12863,0.06023
MA90,greedy_ssm,384,3,0001111101000111,9.69604,10.11338,10.11338,10.11338,0.06023
MA90,greedy_ssm,384,3,0001111101101011,9.98977,10.12967,10.12967,10.12967,0.06023
MA90,greedy_ssm,384,3,0001111101110001,9.95558,10.1149,10.1149,10.11399,0.06023
MA90,greedy_ssm,384,3,0010000001101011,9.90199,10.11306,10.11306,10.11306,0.06023
MA90,greedy_ssm,384,3,0010000011101000,9.79055,10.11306,10.11306,10.03565,0.06023
MA90,greedy_ssm,384,3,0010000011101111,10.00352,10.17099,10.17099,10.11306,0.06023
MA90,greedy_ssm,384,3,0010000100001001,9.67425,10.0685,10.0685,9.99062,0.06023
MA90,greedy_ssm,384,3,0010000100110011,9.88543,10.10533,10.10533,10.10533,0.06023
MA90,greedy_ssm,384,3,0010000111101100,9.96862,10.15374,10.15374,10.15374,0.06023
MA90,greedy_ssm,384,3,0010001000001110,9.61737,10.01435,10.01435,9.99226,0.06023
MA90,greedy_ssm,384,3,0010001001101101,9.92505,10.15374,10.15374,10.15374,0.06023
MA90,greedy_ssm,384,3,0010001010110100,9.68153,10.08697,10.08697,10.01695,0.06023
MA90,greedy_ssm,384,3,0010001101100000,10.03392,10.12596,10.12596,10.08475,0.06023
MA90,greedy_ssm,384,3,0010001110001111,9.67088,10.12959,10.12959,10.12959,0.06023
MA90,greedy_ssm,384,3,0010001110010111,9.64862,10.09026,10.09026,10.0403,0.06023
MA90,greedy_ssm,384,3,0010001110101001,9.96797,10.16949,10.16949,10.16949,0.06023
MA90,greedy_ssm,384,3,0010001111101110,9.98061,10.15374,10.15374,10.12959,0.06023
MA90,greedy_ssm,384,3,0010010010100011,9.70551,10.06745,10.06745,10.06745,0.06023
MA90,greedy_ssm,384,3,0010010010101110,9.49712,10.10307,10.10307,10.10307,0.06023
MA90,greedy_ssm,384,3,0010010011011001,9.71001,10.09881,10.09881,10.09328,0.06023
MA90,greedy_ssm,384,3,0010010100011010,9.51028,9.97949,9.97949,9.97949,0.06023
MA90,greedy_ssm,384,3,0010010100111100,9.87095,10.09203,10.09203,10.04506,0.06023
MA90,greedy_ssm,384,3,0010010101011101,9.88462,10.10932,10.10932,10.10752,0.06023
MA90,greedy_ssm,384,3,0010010110010111,9.64994,10.16834,10.16834,10.16834,0.06023
MA90,greedy_ssm,384,3,0010010111011000,9.79985,10.09203,10.09203,10.09203,0.06023
MA90,greedy_ssm,384,3,0010011001000111,9.67848,10.13303,10.13303,10.13303,0.06023
MA90,greedy_ssm,384,3,0010011001010001,9.70936,10.05762,10.05762,10.05762,0.06023
MA90,greedy_ssm,384,3,0010011011110011,9.86726,10.11246,10.11246,10.11246,0.06023
MA90,greedy_ssm,384,3,0010011111101110,9.96849,10.15374,10.15374,10.15374,0.06023
MA90,greedy_ssm,384,3,0010100011111001,9.79291,10.10183,10.10183,10.03565,0.06023
MA90,greedy_ssm,384,3,0010100100001000,9.35232,9.96536,9.96536,9.96536,0.06023
MA90,greedy_ssm,384,3,0010100101111010,9.68949,10.10183,10.10183,10.04652,0.06023
MA90,greedy_ssm,384,3,0010101000010000,9.53933,9.95957,9.95957,10.08631,0.06023
MA90,greedy_ssm,384,3,0010101101010100,9.81083,10.07623,10.07623,10.07623,0.06023
MA90,greedy_ssm,384,3,0010101110011010,9.45104,10.01773,10.01773,10.01773,0.06023
MA90,greedy_ssm,384,3,0010101110111010,9.73054,10.06284,10.06284,9.95744,0.06023
MA90,greedy_ssm,384,3,0010101111001001,9.74896,10.12917,10.12917,10.12917,0.06023
MA90,greedy_ssm,384,3,0010101111101011,10.05233,10.19812,10.19812,10.19812,0.06023
MA90,greedy_ssm,384,3,0010110000110101,9.58905,10.00221,10.00221,9.99492,0.06023
MA90,greedy_ssm,384,3,0010110001100100,9.56273,10.07258,10.07258,10.07258,0.06023
MA90,greedy_ssm,384,3,0010110010010010,9.10092,9.80803,9.80803,9.74584,0.06023
MA90,greedy_ssm,384,3,0010110101011010,9.60239,10.01112,10.01112,9.97949,0.06023
MA90,greedy_ssm,384,3,0010111000011111,9.55176,9.99002,9.99002,9.88814,0.06023
MA90,greedy_ssm,384,3,0010111010101010,9.42706,10.03935,10.03935,10.01761,0.06023
MA90,greedy_ssm,384,3,0010111011101011,9.84002,10.12967,10.12967,10.12967,0.06023
MA90,greedy_ssm,384,3,0010111011110010,9.68599,10.06269,10.06269,10.03451,0.06023
MA90,greedy_ssm,384,3,0010111100001111,9.54382,10.09096,10.09096,10.09096,0.06023
MA90,greedy_ssm,384,3,0010111100010000,9.6274,10.01351,10.01351,10.01351,0.06023
MA90,greedy_ssm,384,3,0010111101110011,9.92721,10.11399,10.11399,10.07638,0.06023
MA90,greedy_ssm,384,3,0010111111010100,9.79332,10.09203,10.09203,10.09203,0.06023
MA90,greedy_ssm,384,3,0010111111101110,9.94314,10.15374,10.15374,10.14135,0.06023
MA90,greedy_ssm,384,3,0011000000011001,8.96251,9.97577,9.97577,9.89878,0.06023
MA90,greedy_ssm,384,3,0011000011010100,8.9548,10.02014,10.02014,10.02014,0.06023
MA90,greedy_ssm,384,3,0011000100101010,9.43878,10.04652,10.04652,10.0359,0.06023
MA90,greedy_ssm,384,3,0011000101110010,9.57931,10.10533,10.10533,10.10533,0.06023
MA90,greedy_ssm,384,3,0011000110000100,9.10807,9.99079,9.99079,9.99079,0.06023
MA90,greedy_ssm,384,3,0011000110011011,9.15392,10.10183,10.10183,10.10183,0.06023
MA90,greedy_ssm,384,3,0011000110011111,9.16415,10.05404,10.05404,10.05404,0.06023
MA90,greedy_ssm,384,3,0011001000000100,9.21697,10.01417,10.01417,9.87413,0.06023
MA90,greedy_ssm,384,3,0011001000110011,9.39733,10.01884,10.01884,10.01884,0.06023
MA90,greedy_ssm,384,3,0011001001010100,9.13271,10.0576,10.0576,10.0576,0.06023
MA90,greedy_ssm,384,3,0011001001110011,9.54775,10.11399,10.11399,10.11399,0.06023
MA90,greedy_ssm,384,3,0011001011011000,9.12204,10.02353,10.02353,10.02353,0.06023
MA90,greedy_ssm,384,3,0011001011011001,9.19677,10.05803,10.05803,10.05803,0.06023
MA90,greedy_ssm,384,3,0011001100000001,9.34526,10.04747,10.04747,10.04708,0.06023
MA90,greedy_ssm,384,3,0011001100010100,9.38328,10.17252,10.17252,10.0576,0.06023
MA90,greedy_ssm,384,3,0011001101100000,9.81739,10.11473,10.11473,10.14511,0.06023
MA90,greedy_ssm,384,3,0011001101110001,9.8526,10.11473,10.11473,10.11399,0.06023
MA90,greedy_ssm,384,3,0011001111011110,9.31719,10.02395,10.02395,10.02395,0.06023
MA90,greedy_ssm,384,3,0011001111100110,9.76216,10.12596,10.12596,10.12511,0.06023
MA90,greedy_ssm,384,3,0011010000101100,9.25468,10.01657,10.01657,9.96525,0.06023
MA90,greedy_ssm,384,3,0011010000111000,9.25134,9.99983,9.99983,9.99983,0.06023
MA90,greedy_ssm,384,3,0011010001000100,8.90383,9.97382,9.97382,9.96816,0.06023
MA90,greedy_ssm,384,3,0011010011111000,9.44357,10.03745,10.03745,9.99279,0.06023
MA90,greedy_ssm,384,3,0011010100100101,9.52479,10.12318,10.12318,10.05151,0.06023
MA90,greedy_ssm,384,3,0011010101101000,9.56299,10.10265,10.10265,10.07411,0.06023
MA90,greedy_ssm,384,3,0011010110010010,8.92686,10.06029,10.06029,9.94754,0.06023
MA90,greedy_ssm,384,3,0011010111000000,9.2111,10.06782,10.06782,10.06029,0.06023
MA90,greedy_ssm,384,3,0011010111011011,9.46087,10.52605,10.52605,10.28605,0.06023
MA90,greedy_ssm,384,3,0011011000100111,9.3882,10.08539,10.08539,10.07046,0.06023
MA90,greedy_ssm,384,3,0011011010010011,9.32523,9.97106,9.97106,9.91696,0.06023
MA90,greedy_ssm,384,3,0011011010111101,9.36061,10.06886,10.06886,10.06886,0.06023
MA90,greedy_ssm,384,3,0011011011111011,9.61761,10.12967,10.12967,10.08487,0.06023
MA90,greedy_ssm,384,3,0011011110100011,9.77707,10.12967,10.12967,10.12967,0.06023
MA90,greedy_ssm,384,3,0011011111011101,9.54751,10.15374,10.15374,10.14135,0.06023
MA90,greedy_ssm,384,3,0011011111111101,9.89291,10.15374,10.15374,10.14135,0.06023
MA90,greedy_ssm,384,3,0011100000000001,9.65979,10.04708,10.04708,10.01603,0.06023
MA90,greedy_ssm,384,3,0011100000111011,9.84399,10.10183,10.10183,10.028,0.06023
MA90,greedy_ssm,384,3,0011100000111101,9.80329,10.06744,10.06744,10.00348,0.06023
MA90,greedy_ssm,384,3,0011100010001011,9.72644,10.19812,10.19812,10.19812,0.06023
MA90,greedy_ssm,384,3,0011100100010011,9.77767,10.08552,10.08552,9.97682,0.06023
MA90,greedy_ssm,384,3,0011100100011101,9.82168,10.17252,10.17252,10.01539,0.06023
MA90,greedy_ssm,384,3,0011100101010010,9.61807,10.08552,10.08552,10.08552,0.06023
MA90,greedy_ssm,384,3,0011100101010101,9.83401,10.11399,10.11399,10.11399,0.06023
MA90,greedy_ssm,384,3,0011100101011010,9.66313,10.10183,10.10183,10.10183,0.06023
MA90,greedy_ssm,384,3,0011100110010010,9.54037,10.08552,10.08552,10.08552,0.06023
MA90,greedy_ssm,384,3,0011100111100111,10.05937,10.19812,10.19812,10.06997,0.06023
MA90,greedy_ssm,384,3,0011101000101010,9.76264,10.07903,10.07903,10.07903,0.06023
MA90,greedy_ssm,384,3,0011101001111100,9.93482,10.07682,10.07682,10.07644,0.06023
MA90,greedy_ssm,384,3,0011101100001100,9.7871,10.17252,10.17252,10.06295,0.06023
MA90,greedy_ssm,384,3,0011101101011000,9.90737,10.17252,10.17252,10.11399,0.06023
MA90,greedy_ssm,384,3,0011101101110111,10.02279,10.12511,10.12511,10.11338,0.06023
MA90,greedy_ssm,384,3,0011110001000100,9.45379,10.024,10.024,10.00656,0.06023
MA90,greedy_ssm,384,3,0011110001000111,9.71281,10.0772,10.0772,10.0772,0.06023
MA90,greedy_ssm,384,3,0011110001010100,9.63328,10.07623,10.07623,10.06922,0.06023
MA90,greedy_ssm,384,3,0011110001101110,9.90291,10.11284,10.11284,10.0772,0.06023
MA90,greedy_ssm,384,3,0011110010000001,9.62198,10.04796,10.04796,10.04796,0.06023
MA90,greedy_ssm,384,3,0011110010101010,9.67991,10.07701,10.07701,10.07701,0.06023
MA90,greedy_ssm,384,3,0011110011100000,9.93814,10.1149,10.1149,10.1149,0.06023
MA90,greedy_ssm,384,3,0011110011110100,9.99279,10.08892,10.06922,10.07271,0.06023
MA90,greedy_ssm,384,3,0011110100000111,9.87554,10.07046,10.07046,10.07046,0.06023
MA90,greedy_ssm,384,3,0011110100010111,9.77731,10.06412,10.06412,10.06412,0.06023
MA90,greedy_ssm,384,3,0011110101111010,9.88393,10.28605,10.28605,10.28605,0.06023
MA90,greedy_ssm,384,3,0011110110010110,9.63135,10.06922,10.06922,10.06922,0.06023
MA90,greedy_ssm,384,3,0011110111101001,9.98692,10.28605,10.28605,10.14135,0.06023
MA90,greedy_ssm,384,3,0011111010010100,9.7357,9.99439,9.99439,10.03417,0.06023
MA90,greedy_ssm,384,3,0011111010100100,9.77572,10.10496,10.10496,10.10496,0.06023
MA90,greedy_ssm,384,3,0011111011100101,10.03852,10.14135,10.14135,10.14135,0.06023
MA90,greedy_ssm,384,3,0011111011111101,9.90975,10.14135,10.14135,10.14135,0.06023
MA90,greedy_ssm,384,3,0011111100111000,9.87411,10.10265,10.10265,10.07644,0.06023
MA90,greedy_ssm,384,3,0011111110110001,9.98684,10.1149,10.1149,10.1149,0.06023
MA90,greedy_ssm,384,3,0011111110110010,9.8215,10.10994,10.10994,10.10994,0.06023
MA90,greedy_ssm,384,3,0011111111011001,9.96297,10.14135,10.14135,10.11002,0.06023
MA90,greedy_ssm,384,3,0011111111111000,9.96085,10.14135,10.14135,10.1149,0.06023
MA90,greedy_ssm,384,3,0100000000000101,8.63163,9.88471,9.88471,9.88471,0.06023
MA90,greedy_ssm,384,3,0100000000010011,8.6021,9.92476,9.92476,9.92476,0.06023
MA90,greedy_ssm,384,3,0100000000101010,8.94239,10.02705,10.02705,10.02705,0.06023
MA90,greedy_ssm,384,3,0100000010111011,9.16188,10.11273,10.11273,10.11273,0.06023
MA90,greedy_ssm,384,3,0100000101101110,9.6458,10.06853,10.06853,10.06853,0.06023
MA90,greedy_ssm,384,3,0100000101111110,9.66001,10.06107,10.06107,10.06107,0.06023
MA90,greedy_ssm,384,3,0100000110111101,9.45993,10.104,10.104,10.104,0.06023
MA90,greedy_ssm,384,3,0100000111101011,9.63554,10.17099,10.17099,10.11306,0.06023
MA90,greedy_ssm,384,3,0100000111110110,9.56595,10.16834,10.16834,10.16834,0.06023
MA90,greedy_ssm,384,3,0100001001100011,9.33445,10.13398,10.13398,10.13398,0.06023
MA90,greedy_ssm,384,3,0100001010010111,8.92914,9.98594,9.98594,9.78377,0.06023
MA90,greedy_ssm,384,3,0100001011101000,9.3891,10.09522,10.09522,10.09522,0.06023
MA90,greedy_ssm,384,3,0100001100000011,8.99045,10.11936,10.11936,10.11936,0.06023
MA90,greedy_ssm,384,3,0100001100001110,8.86674,9.98558,9.98558,9.98558,0.06023
MA90,greedy_ssm,384,3,0100001100010100,8.97441,10.06807,10.06807,10.06807,0.06023
MA90,greedy_ssm,384,3,0100001100011101,9.03874,10.07772,10.07772,10.07772,0.06023
MA90,greedy_ssm,384,3,0100001101110110,9.71792,10.06807,10.06807,10.06807,0.06023
MA90,greedy_ssm,384,3,0100001110101111,9.64761,10.12959,10.12959,10.12959,0.06023
MA90,greedy_ssm,384,3,0100001111011010,9.17254,10.07426,10.07426,10.07426,0.06023
MA90,greedy_ssm,384,3,0100010000010110,8.41068,9.85396,9.85396,9.71357,0.06023
MA90,greedy_ssm,384,3,0100010000100001,9.05752,10.00744,10.00744,9.99328,0.06023
MA90,greedy_ssm,384,3,0100010100010011,8.76037,9.9693,9.9693,9.9693,0.06023
MA90,greedy_ssm,384,3,0100010100010111,8.74683,10.03033,10.03033,10.03033,0.06023
MA90,greedy_ssm,384,3,0100010111000110,8.97919,10.07145,10.07145,10.07145,0.06023
MA90,greedy_ssm,384,3,0100010111101111,9.65058,10.49653,10.49653,10.49653,0.06023
MA90,greedy_ssm,384,3,0100011000101010,8.95183,9.96807,9.96807,9.96807,0.06023
MA90,greedy_ssm,384,3,0100011000110010,8.93194,9.94827,9.94827,9.91458,0.06023
MA90,greedy_ssm,384,3,0100011001101010,9.21145,10.08769,10.08769,10.08769,0.06023
MA90,greedy_ssm,384,3,0100011001110100,9.25968,10.06807,10.06807,10.06807,0.06023
MA90,greedy_ssm,384,3,0100011010010001,8.87465,9.94998,9.94998,9.94998,0.06023
MA90,greedy_ssm,384,3,0100011100001010,8.84108,9.95677,9.95677,9.95677,0.06023
MA90,greedy_ssm,384,3,0100011100100000,9.62111,10.08619,10.08619,10.08619,0.06023
MA90,greedy_ssm,384,3,0100011111011111,9.44168,10.12126,10.12126,10.12126,0.06023
MA90,greedy_ssm,384,3,0100100010000010,8.47716,9.73732,9.73732,9.73732,0.06023
MA90,greedy_ssm,384,3,0100100010010111,8.61423,9.84793,9.84793,9.81029,0.06023
MA90,greedy_ssm,384,3,0100100101011100,9.22641,10.0083,10.0083,10.0083,0.06023
MA90,greedy_ssm,384,3,0100100111011001,9.23261,10.06539,10.06539,10.02099,0.06023
MA90,greedy_ssm,384,3,0100101000011000,8.84976,9.85312,9.85312,9.85312,0.06023
MA90,greedy_ssm,384,3,0100101000111110,9.00319,9.89683,9.89683,9.85657,0.06023
MA90,greedy_ssm,384,3,0100101001100111,9.37893,10.05422,10.05422,10.05422,0.06023
MA90,greedy_ssm,384,3,0100101010110010,8.92928,9.89282,9.89282,9.85252,0.06023
MA90,greedy_ssm,384,3,0100101011000011,8.9222,10.04919,10.04919,9.96681,0.06023
MA90,greedy_ssm,384,3,0100101011110101,9.49809,10.06863,10.06863,10.06863,0.06023
MA90,greedy_ssm,384,3,0100101011111110,9.29505,10.00183,10.00183,9.99044,0.06023
MA90,greedy_ssm,384,3,0100101100011111,8.95274,9.97394,9.97394,9.97394,0.06023
MA90,greedy_ssm,384,3,0100101101111100,9.79394,10.07772,10.07772,9.98915,0.06023
MA90,greedy_ssm,384,3,0100110001001111,8.75821,9.96772,9.96772,9.89819,0.06023
MA90,greedy_ssm,384,3,0100110001111111,9.43602,10.03199,10.03199,9.97226,0.06023
MA90,greedy_ssm,384,3,0100110011100110,9.21642,9.99495,9.99495,9.93596,0.06023
MA90,greedy_ssm,384,3,0100110100100001,9.38894,10.0424,10.0424,10.0424,0.06023
MA90,greedy_ssm,384,3,0100110101100000,9.63438,10.0424,10.0424,9.99476,0.06023
MA90,greedy_ssm,384,3,0100110101110011,9.73682,10.11026,10.11026,10.02312,0.06023
MA90,greedy_ssm,384,3,0100110110110010,9.24462,9.98843,9.98843,9.92385,0.06023
MA90,greedy_ssm,384,3,0100111000111100,9.17345,9.94169,9.94169,9.94169,0.06023
MA90,greedy_ssm,384,3,0100111010100110,8.94923,9.91546,9.91546,9.88363,0.06023
MA90,greedy_ssm,384,3,0100111011001001,8.99402,10.0211,10.0211,10.0211,0.06023
MA90,greedy_ssm,384,3,0100111011001100,8.95614,9.99843,9.99843,9.93145,0.06023
MA90,greedy_ssm,384,3,0100111101011000,9.5637,9.99708,9.99708,9.99708,0.06023
MA90,greedy_ssm,384,3,0100111101101110,9.74387,10.10605,10.10605,10.10605,0.06023
MA90,greedy_ssm,384,3,0101000000011011,8.3573,9.84983,9.84983,9.84983,0.06023
MA90,greedy_ssm,384,3,0101000010000101,8.44252,9.90949,9.90949,9.78299,0.06023
MA90,greedy_ssm,384,3,0101000010011000,8.40066,9.79988,9.79988,9.79988,0.06023
MA90,greedy_ssm,384,3,0101000011000101,8.56077,9.93662,9.93662,9.90949,0.06023
MA90,greedy_ssm,384,3,0101000100000100,8.64895,9.9467,9.9467,9.84973,0.06023
MA90,greedy_ssm,384,3,0101000100010101,8.45902,9.90103,9.90103,9.90103,0.06023
MA90,greedy_ssm,384,3,0101000111000011,8.70089,10.01772,10.01772,10.01772,0.06023
MA90,greedy_ssm,384,3,0101001001101100,8.96916,10.05854,10.05854,9.9935,0.06023
MA90,greedy_ssm,384,3,0101001101010100,9.00184,10.06807,10.06807,10.04097,0.06023
MA90,greedy_ssm,384,3,0101001111010101,8.9681,10.06863,10.06863,10.03653,0.06023
MA90,greedy_ssm,384,3,0101010000111001,8.84441,9.94251,9.94251,9.89808,0.06023
MA90,greedy_ssm,384,3,0101010001111000,8.94487,10.0083,10.0083,9.89808,0.06023
MA90,greedy_ssm,384,3,0101010010010010,8.29875,9.66786,9.66786,9.66482,0.06023
MA90,greedy_ssm,384,3,0101010011100100,9.08714,9.97495,9.97495,9.93874,0.06023
MA90,greedy_ssm,384,3,0101010100110011,9.18801,10.04384,10.04384,9.98843,0.06023
MA90,greedy_ssm,384,3,0101010101100010,9.15348,9.99558,9.99558,9.99558,0.06023
MA90,greedy_ssm,384,3,0101010110011110,8.51958,9.81826,9.81826,9.81826,0.06023
MA90,greedy_ssm,384,3,0101010110110100,9.15169,10.08,10.08,10.03603,0.06023
MA90,greedy_ssm,384,3,0101010110111111,9.22526,10.12084,10.12084,10.12084,0.06023
MA90,greedy_ssm,384,3,0101010111001011,8.79153,10.07989,10.07989,10.07675,0.06023
MA90,greedy_ssm,384,3,0101011000010001,8.66868,9.89061,9.89061,9.89061,0.06023
MA90,greedy_ssm,384,3,0101011000011000,8.66954,9.88226,9.88226,9.88226,0.06023
MA90,greedy_ssm,384,3,0101011000101111,8.88283,10.0094,10.0094,10.00558,0.06023
MA90,greedy_ssm,384,3,0101011010011010,8.57631,9.75145,9.75145,9.75145,0.06023
MA90,greedy_ssm,384,3,0101011010101101,8.90805,10.01611,10.01611,9.9822,0.06023
MA90,greedy_ssm,384,3,0101011010111001,8.96653,10.0048,10.0048,10.0048,0.06023
MA90,greedy_ssm,384,3,0101011011011100,8.5628,9.93387,9.93387,9.93387,0.06023
MA90,greedy_ssm,384,3,0101011101110101,9.61829,10.10212,10.10212,10.10212,0.06023
MA90,greedy_ssm,384,3,0101011110000001,8.86878,9.98143,9.98143,9.98143,0.06023
MA90,greedy_ssm,384,3,0101011110001001,8.85466,10.04858,10.04858,10.04858,0.06023
MA90,greedy_ssm,384,3,0101011110110010,9.21293,9.96025,9.96025,9.9532,0.06023
MA90,greedy_ssm,384,3,0101011111000011,8.92749,10.11246,10.11246,10.10617,0.06023
MA90,greedy_ssm,384,3,0101100000100101,9.59455,10.01332,10.01332,9.94131,0.06023
MA90,greedy_ssm,384,3,0101100010010000,8.93443,9.90581,9.90581,9.82966,0.06023
MA90,greedy_ssm,384,3,0101101010101111,9.63582,10.07507,10.07507,10.07507,0.06023
MA90,greedy_ssm,384,3,0101101011000011,9.55867,10.09622,10.09622,10.09622,0.06023
MA90,greedy_ssm,384,3,0101101011010001,9.46447,10.03948,10.03948,10.03948,0.06023
MA90,greedy_ssm,384,3,0101101011010010,9.23632,9.95565,9.95565,9.95009,0.06023
MA90,greedy_ssm,384,3,0101101100010000,9.40929,10.17252,10.17252,10.01809,0.06023
MA90,greedy_ssm,384,3,0101101110100111,9.82904,10.14366,10.14366,10.14366,0.06023
MA90,greedy_ssm,384,3,0101101111110001,9.91948,10.15038,10.15038,10.15038,0.06023
MA90,greedy_ssm,384,3,0101101111111011,9.97149,10.15038,10.15038,10.12917,0.06023
MA90,greedy_ssm,384,3,0101110010001100,9.01219,9.95331,9.95331,9.95331,0.06023
MA90,greedy_ssm,384,3,0101110011101010,9.71363,10.10059,10.10059,10.07675,0.06023
MA90,greedy_ssm,384,3,0101110110000001,9.16997,9.98725,9.98725,9.98725,0.06023
MA90,greedy_ssm,384,3,0101110110101000,9.72154,10.10059,10.10059,10.04858,0.06023
MA90,greedy_ssm,384,3,0101110110101110,9.64318,10.10048,10.10048,10.02382,0.06023
MA90,greedy_ssm,384,3,0101110110111110,9.68698,10.12084,10.12084,10.12084,0.06023
MA90,greedy_ssm,384,3,0101110111001000,9.46013,10.10059,10.10059,10.10059,0.06023
MA90,greedy_ssm,384,3,0101111010001111,9.45617,10.02382,10.02382,9.98574,0.06023
MA90,greedy_ssm,384,3,0101111011000110,9.30735,10.01401,10.01401,9.99009,0.06023
MA90,greedy_ssm,384,3,0101111011110010,9.62938,10.10994,10.10994,10.02931,0.06023
MA90,greedy_ssm,384,3,0101111011111100,9.64435,10.09222,10.09222,10.09222,0.06023
MA90,greedy_ssm,384,3,0101111100010010,9.2958,10.04384,10.04384,9.92666,0.06023
MA90,greedy_ssm,384,3,0101111100101000,9.81255,10.04858,10.04858,10.04858,0.06023
MA90,greedy_ssm,384,3,0101111100101011,9.79174,10.12074,10.12074,10.12074,0.06023
MA90,greedy_ssm,384,3,0101111110000011,9.37197,10.10617,10.10617,10.10617,0.06023
MA90,greedy_ssm,384,3,0101111110011101,9.46342,10.09222,10.09222,10.09222,0.06023
MA90,greedy_ssm,384,3,0101111110111011,9.8782,10.12074,10.12074,10.12074,0.06023
MA90,greedy_ssm,384,3,0110000001010010,9.20992,9.97903,9.97903,9.97903,0.06023
MA90,greedy_ssm,384,3,0110000001101001,9.90088,10.12259,10.12259,10.104,0.06023
MA90,greedy_ssm,384,3,0110000001110110,9.73853,10.06807,10.06807,10.06451,0.06023
MA90,greedy_ssm,384,3,0110000010011011,9.5761,10.11273,10.11273,10.11273,0.06023
MA90,greedy_ssm,384,3,0110000011011001,9.74212,10.11273,10.11273,10.05043,0.06023
MA90,greedy_ssm,384,3,0110000011111011,10.00628,10.11306,10.11306,10.11273,0.06023
MA90,greedy_ssm,384,3,0110000100100111,9.9092,10.13303,10.13303,10.06402,0.06023
MA90,greedy_ssm,384,3,0110000100101111,9.97393,10.17099,10.17099,10.17099,0.06023
MA90,greedy_ssm,384,3,0110000101110111,10.01417,10.16834,10.16834,10.16834,0.06023
MA90,greedy_ssm,384,3,0110000110000010,9.46503,10.02797,10.02797,9.98538,0.06023
MA90,greedy_ssm,384,3,0110001000010011,9.72327,10.04484,10.04484,10.04484,0.06023
MA90,greedy_ssm,384,3,0110001000011111,9.68757,10.032,10.032,10.09092,0.06023
MA90,greedy_ssm,384,3,0110001000110101,9.65921,10.07772,10.07772,10.07772,0.06023
MA90,greedy_ssm,384,3,0110001001010000,9.73612,10.06807,10.06807,10.06807,0.06023
MA90,greedy_ssm,384,3,0110001100000011,9.73187,10.13398,10.13398,10.13398,0.06023
MA90,greedy_ssm,384,3,0110001100111110,9.84056,10.08366,10.08366,10.07772,0.06023
MA90,greedy_ssm,384,3,0110001110101001,9.95385,10.16513,10.16513,10.16513,0.06023
MA90,greedy_ssm,384,3,0110001111010001,9.84469,10.11429,10.11429,10.06863,0.06023
MA90,greedy_ssm,384,3,0110010010110101,9.75279,10.16834,10.16834,10.09881,0.06023
MA90,greedy_ssm,384,3,0110010100000101,9.67306,10.08411,10.08411,10.00952,0.06023
MA90,greedy_ssm,384,3,0110010101101000,9.8085,10.16513,10.16513,10.16513,0.06023
MA90,greedy_ssm,384,3,0110010110100101,9.86069,10.16834,10.16834,10.13012,0.06023
MA90,greedy_ssm,384,3,0110010111101110,9.92945,10.49653,10.49653,10.49653,0.06023
MA90,greedy_ssm,384,3,0110010111110100,10.08,10.16834,10.13012,10.17099,0.06023
MA90,greedy_ssm,384,3,0110011001010010,9.57155,10.01869,10.01869,10.01771,0.06023
MA90,greedy_ssm,384,3,0110011010001100,9.71537,10.11818,10.11818,10.11818,0.06023
MA90,greedy_ssm,384,3,0110011010100001,9.74462,10.17966,10.17966,10.17966,0.06023
MA90,greedy_ssm,384,3,0110011010101011,9.69276,10.16513,10.16513,10.16513,0.06023
MA90,greedy_ssm,384,3,0110011011110001,9.94998,10.17966,10.17966,10.16513,0.06023
MA90,greedy_ssm,384,3,0110011011110011,9.93821,10.16834,10.16834,10.12078,0.06023
MA90,greedy_ssm,384,3,0110011110100111,9.94819,10.16834,10.16834,10.13303,0.06023
MA90,greedy_ssm,384,3,0110011111100000,10.05683,10.17966,10.17966,10.13012,0.06023
MA90,greedy_ssm,384,3,0110011111111110,10.02994,10.16834,10.16834,10.12959,0.06023
MA90,greedy_ssm,384,3,0110100001001101,9.15057,10.0101,10.0101,10.0101,0.06023
MA90,greedy_ssm,384,3,0110100010100101,9.49605,10.01166,10.01166,9.95924,0.06023
MA90,greedy_ssm,384,3,0110100010101100,9.38319,10.04713,10.04713,9.89012,0.06023
MA90,greedy_ssm,384,3,0110100011010101,9.31592,10.00617,10.00617,9.98222,0.06023
MA90,greedy_ssm,384,3,0110100100000001,9.45269,9.98414,9.98414,9.98414,0.06023
MA90,greedy_ssm,384,3,0110100101100001,9.54688,10.11936,10.11936,10.11936,0.06023
MA90,greedy_ssm,384,3,0110100101101000,9.46081,10.10128,10.10128,10.07562,0.06023
MA90,greedy_ssm,384,3,0110100110001111,9.479,10.10128,10.10128,10.06634,0.06023
MA90,greedy_ssm,384,3,0110100110010101,9.47451,10.00617,10.00617,9.98145,0.06023
MA90,greedy_ssm,384,3,0110100110100111,9.79135,10.15082,10.15082,10.1172,0.06023
MA90,greedy_ssm,384,3,0110101000110010,9.44229,10.02278,10.02278,10.02278,0.06023
MA90,greedy_ssm,384,3,0110101001001010,9.39146,10.02407,10.02407,10.02407,0.06023
MA90,greedy_ssm,384,3,0110101001100001,9.75384,10.11936,10.11936,10.11936,0.06023
MA90,greedy_ssm,384,3,0110101001100101,9.77451,10.09516,10.09516,10.09516,0.06023
MA90,greedy_ssm,384,3,0110101011000101,9.49763,10.07259,10.07259,10.07259,0.06023
MA90,greedy_ssm,384,3,0110101011111010,9.72066,10.07426,10.07426,10.07426,0.06023
MA90,greedy_ssm,384,3,0110101100000111,9.64593,10.05422,10.05422,10.05422,0.06023
MA90,greedy_ssm,384,3,0110101101000110,9.6531,10.05817,10.05817,10.05422,0.06023
MA90,greedy_ssm,384,3,0110101101101101,9.93924,10.13717,10.13717,10.12959,0.06023
MA90,greedy_ssm,384,3,0110101110010011,9.72465,10.06058,10.06058,10.06058,0.06023
MA90,greedy_ssm,384,3,0110101110011011,9.61709,10.07426,10.07426,10.07426,0.06023
MA90,greedy_ssm,384,3,0110110001101001,9.48421,10.12259,10.12259,10.12259,0.06023
MA90,greedy_ssm,384,3,0110110001110001,9.67513,10.06742,10.06742,10.04872,0.06023
MA90,greedy_ssm,384,3,0110110010101110,9.3688,10.09874,10.09874,9.95331,0.06023
MA90,greedy_ssm,384,3,0110110011100101,9.63851,10.15082,10.15082,10.10556,0.06023
MA90,greedy_ssm,384,3,0110111001100010,9.61493,10.10305,10.10305,10.10305,0.06023
MA90,greedy_ssm,384,3,0110111001100100,9.80057,10.13012,10.13012,9.99674,0.06023
MA90,greedy_ssm,384,3,0110111001100111,9.78351,10.13303,10.13303,10.13303,0.06023
MA90,greedy_ssm,384,3,0110111001110010,9.63076,10.06058,10.06058,10.06058,0.06023
MA90,greedy_ssm,384,3,0110111001110101,9.80967,10.10212,10.10212,10.10212,0.06023
MA90,greedy_ssm,384,3,0110111011001000,9.54867,10.0625,10.0625,10.0625,0.06023
MA90,greedy_ssm,384,3,0110111011001010,9.4715,10.05222,10.05222,9.99903,0.06023
MA90,greedy_ssm,384,3,0110111100010100,9.53637,10.17252,10.17252,10.03744,0.06023
MA90,greedy_ssm,384,3,0110111100011100,9.60907,10.17252,10.17252,10.17252,0.06023
MA90,greedy_ssm,384,3,0110111101001111,9.71951,10.14085,10.14085,10.14085,0.06023
MA90,greedy_ssm,384,3,0110111101101110,9.88649,10.14085,10.14085,10.14085,0.06023
MA90,greedy_ssm,384,3,0110111110011110,9.59195,10.02994,10.02994,10.02994,0.06023
MA90,greedy_ssm,384,3,0110111110100010,9.76509,10.11246,10.11246,10.11246,0.06023
MA90,greedy_ssm,384,3,0111000001001101,9.00541,10.0101,10.0101,10.0101,0.06023
MA90,greedy_ssm,384,3,0111000011101010,9.40286,10.07487,10.07487,10.02992,0.06023
MA90,greedy_ssm,384,3,0111000011111111,9.62409,10.12084,10.12084,10.12084,0.06023
MA90,greedy_ssm,384,3,0111000100101000,9.46882,10.04728,10.04728,10.02438,0.06023
MA90,greedy_ssm,384,3,0111000101110000,9.63504,10.06807,10.06807,10.06807,0.06023
MA90,greedy_ssm,384,3,0111000101111011,9.7997,10.11989,10.11989,10.11273,0.06023
MA90,greedy_ssm,384,3,0111001000000011,9.35375,9.99874,9.99874,10.03672,0.06023
MA90,greedy_ssm,384,3,0111001010011001,9.31801,9.98761,9.98761,9.87972,0.06023
MA90,greedy_ssm,384,3,0111001011100000,9.69001,10.11359,10.11359,10.10562,0.06023
MA90,greedy_ssm,384,3,0111001100001001,9.5188,10.08783,10.08783,10.08783,0.06023
MA90,greedy_ssm,384,3,0111001110001111,9.45823,10.12959,10.12959,10.07507,0.06023
MA90,greedy_ssm,384,3,0111001110100110,9.61018,10.10562,10.10562,10.04732,0.06023
MA90,greedy_ssm,384,3,0111001110101010,9.6771,10.09945,10.09945,10.04732,0.06023
MA90,greedy_ssm,384,3,0111001111001111,9.48578,10.14085,10.14085,10.14085,0.06023
MA90,greedy_ssm,384,3,0111010001010110,8.97498,9.90335,9.90335,9.90335,0.06023
MA90,greedy_ssm,384,3,0111010001101101,9.39595,10.09881,10.09881,10.03638,0.06023
MA90,greedy_ssm,384,3,0111010011010010,8.98393,10.0423,10.0423,10.0423,0.06023
MA90,greedy_ssm,384,3,0111010110001100,9.22102,10.06467,10.06467,9.97089,0.06023
MA90,greedy_ssm,384,3,0111010110111101,9.64941,10.12084,10.12084,10.12084,0.06023
MA90,greedy_ssm,384,3,0111010111001111,9.33921,10.49653,10.49653,10.49653,0.06023
MA90,greedy_ssm,384,3,0111010111101111,9.91054,10.49653,10.49653,10.49653,0.06023
MA90,greedy_ssm,384,3,0111011000010011,9.44139,10.04384,10.04384,10.04384,0.06023
MA90,greedy_ssm,384,3,0111011011100000,9.67861,10.13012,10.13012,10.13012,0.06023
MA90,greedy_ssm,384,3,0111011110100001,9.88064,10.17966,10.17966,10.17966,0.06023
MA90,greedy_ssm,384,3,0111100000110001,9.79385,10.04183,10.04183,10.15038,0.06023
MA90,greedy_ssm,384,3,0111100001000001,9.35456,10.04708,10.04708,10.04708,0.06023
MA90,greedy_ssm,384,3,0111100001111111,9.95582,10.12084,10.12084,10.05991,0.06023
MA90,greedy_ssm,384,3,0111100011100010,9.76515,10.09882,10.09882,10.04498,0.06023
MA90,greedy_ssm,384,3,0111100011110100,9.97749,10.10562,10.10562,10.06922,0.06023
MA90,greedy_ssm,384,3,0111100111100101,9.94802,10.14958,10.14958,10.14958,0.06023
MA90,greedy_ssm,384,3,0111101001011100,9.76162,10.17252,10.17252,10.07576,0.06023
MA90,greedy_ssm,384,3,0111101001100010,9.85375,10.10305,10.10305,10.10305,0.06023
MA90,greedy_ssm,384,3,0111101010011011,9.77326,10.05327,10.05327,10.11544,0.06023
MA90,greedy_ssm,384,3,0111101011010111,9.77958,10.09201,10.09201,10.09201,0.06023
MA90,greedy_ssm,384,3,0111101110001110,9.73055,10.17252,10.17252,10.07507,0.06023
MA90,greedy_ssm,384,3,0111101110111100,9.96025,10.17252,10.17252,10.11619,0.06023
MA90,greedy_ssm,384,3,0111101111110000,10.03347,10.15038,10.15038,10.09197,0.06023
MA90,greedy_ssm,384,3,0111110000000010,9.33084,9.92137,9.92137,9.92137,0.06023
MA90,greedy_ssm,384,3,0111110000101011,9.86633,10.0772,10.0772,10.0359,0.06023
MA90,greedy_ssm,384,3,0111110000111011,9.852,10.07487,10.07487,10.0359,0.06023
MA90,greedy_ssm,384,3,0111110100010110,9.63837,10.0015,10.0015,10.0015,0.06023
MA90,greedy_ssm,384,3,0111110110001010,9.65893,10.07675,10.07675,10.07675,0.06023
MA90,greedy_ssm,384,3,0111111011000101,9.81466,10.11288,10.11288,10.11288,0.06023
MA90,greedy_ssm,384,3,0111111011010001,9.73257,10.11002,10.11002,10.11002,0.06023
MA90,greedy_ssm,384,3,0111111011011011,9.82138,10.12074,10.12074,10.12074,0.06023
MA90,greedy_ssm,384,3,0111111011101010,9.91282,10.14085,10.14085,10.14085,0.06023
MA90,greedy_ssm,384,3,0111111100001110,9.75498,10.17252,10.17252,10.10605,0.06023
MA90,greedy_ssm,384,3,1000000000100010,8.8594,9.92955,9.92955,9.91666,0.06023
MA90,greedy_ssm,384,3,1000000011111000,9.20278,10.03258,10.03258,10.02925,0.06023
MA90,greedy_ssm,384,3,1000000110001110,8.70336,9.95821,9.95821,9.95821,0.06023
MA90,greedy_ssm,384,3,1000000111110111,9.54436,10.10533,10.10533,10.10077,0.06023
MA90,greedy_ssm,384,3,1000001010010101,8.85129,9.89401,9.89401,9.76505,0.06023
MA90,greedy_ssm,384,3,1000001010111111,9.21301,10.03018,10.03018,10.03018,0.06023
MA90,greedy_ssm,384,3,1000001011000011,8.83853,10.01352,10.01352,10.01352,0.06023
MA90,greedy_ssm,384,3,1000001100000011,8.87252,10.01356,10.01356,10.01356,0.06023
MA90,greedy_ssm,384,3,1000001100101011,9.59663,10.12085,10.12085,10.02054,0.06023
MA90,greedy_ssm,384,3,1000001100110001,9.55304,10.07955,10.07955,10.07955,0.06023
MA90,greedy_ssm,384,3,1000001101000011,9.34989,10.13398,10.13398,10.13398,0.06023
MA90,greedy_ssm,384,3,1000001101111011,9.79214,10.12085,10.12085,10.08631,0.06023
MA90,greedy_ssm,384,3,1000001110000101,8.91918,10.11719,10.11719,10.11719,0.06023
MA90,greedy_ssm,384,3,1000001110101011,9.58616,10.12906,10.12906,10.12906,0.06023
MA90,greedy_ssm,384,3,1000010000011100,8.50843,9.9061,9.9061,9.9061,0.06023
MA90,greedy_ssm,384,3,1000010000111011,9.09235,9.97365,9.97365,9.97365,0.06023
MA90,greedy_ssm,384,3,1000010000111111,9.04263,10.00664,10.00664,10.00664,0.06023
MA90,greedy_ssm,384,3,1000010001010111,8.65238,9.9796,9.9796,9.9796,0.06023
MA90,greedy_ssm,384,3,1000010011011110,8.65543,9.9207,9.9207,9.9207,0.06023
MA90,greedy_ssm,384,3,1000010100110011,9.40209,10.00262,10.00262,10.00262,0.06023
MA90,greedy_ssm,384,3,1000010101000001,9.1043,10.07044,10.07044,10.07044,0.06023
MA90,greedy_ssm,384,3,1000010101011000,9.00009,9.98245,9.98245,9.98245,0.06023
MA90,greedy_ssm,384,3,1000010101101111,9.79189,10.49653,10.49653,10.10932,0.06023
MA90,greedy_ssm,384,3,1000011000011000,8.79712,9.88877,9.88877,9.88877,0.06023
MA90,greedy_ssm,384,3,1000011000101110,8.96104,9.95462,9.95462,9.95462,0.06023
MA90,greedy_ssm,384,3,1000011001000000,8.86892,10.08221,10.08221,10.08221,0.06023
MA90,greedy_ssm,384,3,1000011010100011,9.20682,10.01442,10.01442,10.01442,0.06023
MA90,greedy_ssm,384,3,1000011011001001,8.89844,10.16949,10.16949,10.16949,0.06023
MA90,greedy_ssm,384,3,1000011101100000,9.73428,10.10981,10.10981,10.13187,0.06023
MA90,greedy_ssm,384,3,1000011110011010,8.91307,9.9574,9.9574,9.9574,0.06023
MA90,greedy_ssm,384,3,1000011110111100,9.5528,10.09203,10.09203,10.09203,0.06023
MA90,greedy_ssm,384,3,1000100000011101,8.45892,9.85073,9.85073,9.85073,0.06023
MA90,greedy_ssm,384,3,1000100010111011,9.04407,9.94795,9.94795,9.94795,0.06023
MA90,greedy_ssm,384,3,1000100011010011,8.62222,9.98399,9.98399,9.98399,0.06023
MA90,greedy_ssm,384,3,1000100011011110,8.63166,9.92046,9.92046,9.82019,0.06023
MA90,greedy_ssm,384,3,1000100011100110,9.125,10.00811,10.00811,9.95561,0.06023
MA90,greedy_ssm,384,3,1000100011110110,9.08179,10.04074,10.04074,10.04074,0.06023
MA90,greedy_ssm,384,3,1000100100110011,9.38152,10.01692,10.01692,10.01692,0.06023
MA90,greedy_ssm,384,3,1000100101000100,9.09401,9.9748,9.9748,9.9748,0.06023
MA90,greedy_ssm,384,3,1000101000000101,8.76716,9.86386,9.86386,9.86321,0.06023
MA90,greedy_ssm,384,3,1000101000000111,8.74042,9.88105,9.88105,9.84906,0.06023
MA90,greedy_ssm,384,3,1000101001100011,9.41268,10.0742,10.0742,10.04312,0.06023
MA90,greedy_ssm,384,3,1000101011100111,9.5171,10.0742,10.0742,10.0742,0.06023
MA90,greedy_ssm,384,3,1000101100010010,8.68625,9.8387,9.8387,9.83441,0.06023
MA90,greedy_ssm,384,3,1000101100101001,9.47224,10.07889,10.07889,10.07431,0.06023
MA90,greedy_ssm,384,3,1000101110001100,8.9696,9.95804,9.95804,9.95804,0.06023
MA90,greedy_ssm,384,3,1000101110010111,8.82495,9.9748,9.9748,9.9748,0.06023
MA90,greedy_ssm,384,3,1000101110101100,9.52257,10.05403,10.05403,10.0174,0.06023
MA90,greedy_ssm,384,3,1000110000001001,8.48272,9.79069,9.79069,9.77539,0.06023
MA90,greedy_ssm,384,3,1000110001000011,8.63002,9.9414,9.9414,9.91992,0.06023
MA90,greedy_ssm,384,3,1000110001101100,9.22082,9.99453,9.99453,9.99453,0.06023
MA90,greedy_ssm,384,3,1000110011001000,8.74051,9.90794,9.90794,9.90794,0.06023
MA90,greedy_ssm,384,3,1000110011010000,8.69809,9.87361,9.87361,9.87361,0.06023
MA90,greedy_ssm,384,3,1000110011100000,9.29314,10.00035,10.00035,9.94953,0.06023
MA90,greedy_ssm,384,3,1000110100000000,8.66773,9.92946,9.92946,9.92946,0.06023
MA90,greedy_ssm,384,3,1000110100110111,9.32291,10.00333,10.00333,10.00333,0.06023
MA90,greedy_ssm,384,3,1000110110100111,9.36312,10.15082,10.15082,10.15082,0.06023
MA90,greedy_ssm,384,3,1000111000100101,8.98828,9.97838,9.97838,9.92522,0.06023
MA90,greedy_ssm,384,3,1000111001001100,8.89351,9.99453,9.99453,9.99453,0.06023
MA90,greedy_ssm,384,3,1000111010000001,8.73123,9.87985,9.87985,9.83775,0.06023
MA90,greedy_ssm,384,3,1000111011101101,9.47306,10.13806,10.13806,10.13806,0.06023
MA90,greedy_ssm,384,3,1000111100000111,8.84518,10.01018,10.01018,10.01018,0.06023
MA90,greedy_ssm,384,3,1000111100011111,8.84917,10.00074,10.00074,9.96596,0.06023
MA90,greedy_ssm,384,3,1000111100100110,9.3007,10.01018,10.01018,9.96292,0.06023
MA90,greedy_ssm,384,3,1000111100111110,9.36659,10.00074,10.00074,10.00074,0.06023
MA90,greedy_ssm,384,3,1000111101010101,9.39111,10.02071,10.02071,10.02071,0.06023
MA90,greedy_ssm,384,3,1000111101011101,9.49862,10.07164,10.07164,10.07164,0.06023
MA90,greedy_ssm,384,3,1000111101101011,9.74098,10.09796,10.09796,10.09796,0.06023
MA90,greedy_ssm,384,3,1000111101110101,9.70619,10.07968,10.07968,10.07968,0.06023
MA90,greedy_ssm,384,3,1000111110000010,8.79165,9.88753,9.88753,9.88229,0.06023
MA90,greedy_ssm,384,3,1000111111110001,9.74575,10.10981,10.10981,10.09913,0.06023
MA90,greedy_ssm,384,3,1000111111111110,9.64099,10.07271,10.07271,10.07271,0.06023
MA90,greedy_ssm,384,3,1001000000001011,8.23866,9.84171,9.84171,9.84171,0.06023
MA90,greedy_ssm,384,3,1001000001010000,8.31885,9.87234,9.87234,9.87234,0.06023
MA90,greedy_ssm,384,3,1001000010000101,8.43805,9.81943,9.81943,9.81943,0.06023
MA90,greedy_ssm,384,3,1001000011110000,8.95558,10.03258,10.03258,9.96556,0.06023
MA90,greedy_ssm,384,3,1001000011111100,8.96853,10.00644,10.00644,10.00644,0.06023
MA90,greedy_ssm,384,3,1001000011111101,8.92158,10.01655,10.01655,10.01655,0.06023
MA90,greedy_ssm,384,3,1001000100000001,8.46409,9.91254,9.91254,9.91254,0.06023
MA90,greedy_ssm,384,3,1001000101111100,9.24094,10.04506,10.04506,9.98719,0.06023
MA90,greedy_ssm,384,3,1001000110000110,8.44616,9.86688,9.86688,9.86688,0.06023
MA90,greedy_ssm,384,3,1001000111000101,8.76181,9.9981,9.9981,9.96641,0.06023
MA90,greedy_ssm,384,3,1001001001000101,8.66913,10.00343,10.00343,10.00343,0.06023
MA90,greedy_ssm,384,3,1001001001011010,8.50164,9.83069,9.83069,9.83069,0.06023
MA90,greedy_ssm,384,3,1001001111011010,8.76963,9.93825,9.93825,9.93825,0.06023
MA90,greedy_ssm,384,3,1001010010011110,8.3154,9.67184,9.67184,9.6445,0.06023
MA90,greedy_ssm,384,3,1001010100001111,8.46071,9.98627,9.98627,9.98627,0.06023
MA90,greedy_ssm,384,3,1001010101011110,8.76663,9.97672,9.97672,9.97672,0.06023
MA90,greedy_ssm,384,3,1001010110100111,9.09997,10.0347,10.0347,10.0347,0.06023
MA90,greedy_ssm,384,3,1001010110111100,9.04227,10.01996,10.01996,9.99789,0.06023
MA90,greedy_ssm,384,3,1001011000010110,8.47682,9.74494,9.74494,9.74494,0.06023
MA90,greedy_ssm,384,3,1001011001100000,8.96466,10.08221,10.08221,9.99991,0.06023
MA90,greedy_ssm,384,3,1001011010011100,8.60133,9.83247,9.83247,9.77422,0.06023
MA90,greedy_ssm,384,3,1001011011110100,8.99664,10.0361,10.0361,10.00458,0.06023
MA90,greedy_ssm,384,3,1001011100000001,8.71006,10.03862,10.03862,10.03862,0.06023
MA90,greedy_ssm,384,3,1001011100110000,9.16157,10.05102,10.05102,10.05102,0.06023
MA90,greedy_ssm,384,3,1001011101010101,8.91918,10.02071,10.02071,10.02071,0.06023
MA90,greedy_ssm,384,3,1001011101100110,9.22351,10.10137,10.10137,10.10137,0.06023
MA90,greedy_ssm,384,3,1001011110111010,9.17933,9.9574,9.9574,9.91915,0.06023
MA90,greedy_ssm,384,3,1001100000001011,8.91294,9.9547,9.9547,9.9547,0.06023
MA90,greedy_ssm,384,3,1001100001110000,9.73224,10.01561,10.01561,9.98652,0.06023
MA90,greedy_ssm,384,3,1001100010001011,8.91492,9.96531,9.96531,9.96531,0.06023
MA90,greedy_ssm,384,3,1001100110001011,9.14465,10.08711,10.08711,10.08711,0.06023
MA90,greedy_ssm,384,3,1001100110101001,9.70589,10.08711,10.08711,10.08711,0.06023
MA90,greedy_ssm,384,3,1001100110111011,9.69501,10.28605,10.28605,10.28605,0.06023
MA90,greedy_ssm,384,3,1001100111011100,9.50444,10.02107,10.02107,10.02107,0.06023
MA90,greedy_ssm,384,3,1001100111101100,9.85428,10.10059,10.10059,10.02716,0.06023
MA90,greedy_ssm,384,3,1001101000110101,9.60113,10.01696,10.01696,10.01696,0.06023
MA90,greedy_ssm,384,3,1001101001100100,9.74482,10.06008,10.06008,10.06008,0.06023
MA90,greedy_ssm,384,3,1001101010110011,9.53395,10.0492,10.0492,10.0492,0.06023
MA90,greedy_ssm,384,3,1001101011011011,9.43862,10.08272,10.08272,10.08272,0.06023
MA90,greedy_ssm,384,3,1001101011111111,9.83271,10.11496,10.11496,10.11496,0.06023
MA90,greedy_ssm,384,3,1001101100000011,9.36397,10.04312,10.04312,10.04312,0.06023
MA90,greedy_ssm,384,3,1001101100011011,9.41273,10.04075,10.04075,10.04075,0.06023
MA90,greedy_ssm,384,3,1001101101101010,9.80134,10.09686,10.09686,9.99844,0.06023
MA90,greedy_ssm,384,3,1001101110010011,9.37945,10.0492,10.0492,10.0492,0.06023
MA90,greedy_ssm,384,3,1001101111011111,9.71932,10.11496,10.11496,10.11496,0.06023
MA90,greedy_ssm,384,3,1001110000000110,8.79581,9.91938,9.91938,9.91938,0.06023
MA90,greedy_ssm,384,3,1001110001111110,9.56439,10.01351,10.01351,10.01351,0.06023
MA90,greedy_ssm,384,3,1001110010011010,8.86567,9.85726,9.85726,9.76456,0.06023
MA90,greedy_ssm,384,3,1001110010110101,9.43331,10.03175,10.03175,10.03175,0.06023
MA90,greedy_ssm,384,3,1001110100101000,9.78419,10.10059,10.10059,9.96027,0.06023
MA90,greedy_ssm,384,3,1001110100101110,9.66445,10.04176,10.04176,10.04176,0.06023
MA90,greedy_ssm,384,3,1001110101101000,9.77332,10.10059,10.10059,10.00681,0.06023
MA90,greedy_ssm,384,3,1001110101111100,9.85509,10.07271,10.07271,9.98719,0.06023
MA90,greedy_ssm,384,3,1001110110100111,9.72894,10.14238,10.14238,10.14238,0.06023
MA90,greedy_ssm,384,3,1001111000100110,9.31246,9.99569,9.99569,9.97624,0.06023
MA90,greedy_ssm,384,3,1001111010010100,9.27276,9.94094,9.94094,9.94094,0.06023
MA90,greedy_ssm,384,3,1001111010101011,9.58325,10.08444,10.08444,10.08444,0.06023
MA90,greedy_ssm,384,3,1001111010101110,9.3561,10.03524,10.03524,9.99955,0.06023
MA90,greedy_ssm,384,3,1001111011001001,9.50373,10.04679,10.04679,10.04679,0.06023
MA90,greedy_ssm,384,3,1001111011100001,9.8385,10.12237,10.12237,10.12237,0.06023
MA90,greedy_ssm,384,3,1001111011100110,9.67463,10.06505,10.06505,10.06505,0.06023
MA90,greedy_ssm,384,3,1001111110011110,9.28098,9.97275,9.97275,9.97275,0.06023
MA90,greedy_ssm,384,3,1010000011101110,9.72827,10.17099,10.17099,10.17099,0.06023
MA90,greedy_ssm,384,3,1010000101110110,9.87342,10.10077,10.10077,10.04203,0.06023
MA90,greedy_ssm,384,3,1010000111101011,10.0228,10.49653,10.49653,10.11306,0.06023
MA90,greedy_ssm,384,3,1010001010010110,9.38088,9.95398,9.95398,9.95398,0.06023
MA90,greedy_ssm,384,3,1010001010100010,9.47343,10.01352,10.01352,9.98706,0.06023
MA90,greedy_ssm,384,3,1010001010111110,9.5241,10.03018,10.03018,10.03018,0.06023
MA90,greedy_ssm,384,3,1010001100011110,9.58509,10.01587,10.01587,10.01115,0.06023
MA90,greedy_ssm,384,3,1010001101011010,9.66462,10.04844,10.04844,10.03488,0.06023
MA90,greedy_ssm,384,3,1010001101101111,10.12085,10.17099,10.13676,10.12085,0.06023
MA90,greedy_ssm,384,3,1010001110100100,9.86139,10.12596,10.12596,10.11977,0.06023
MA90,greedy_ssm,384,3,1010001111001101,9.78443,10.16949,10.16949,10.16949,0.06023
MA90,greedy_ssm,384,3,1010001111011010,9.67169,10.07909,10.07909,10.07909,0.06023
MA90,greedy_ssm,384,3,1010010000011001,9.40318,9.95724,9.95724,9.95724,0.06023
MA90,greedy_ssm,384,3,1010010001000110,9.20695,10.00291,10.00291,10.02104,0.06023
MA90,greedy_ssm,384,3,1010010010010101,9.3293,10.01912,10.01912,10.01912,0.06023
MA90,greedy_ssm,384,3,1010010010111110,9.39803,10.01996,10.01996,9.96024,0.06023
MA90,greedy_ssm,384,3,1010010011110000,9.84311,10.0905,10.0905,10.07925,0.06023
MA90,greedy_ssm,384,3,1010011000110101,9.58872,10.0791,10.0791,10.0791,0.06023
MA90,greedy_ssm,384,3,1010011100101011,9.88221,10.16949,10.16949,10.16949,0.06023
MA90,greedy_ssm,384,3,1010011101100001,10.07044,10.17966,10.17966,10.17966,0.06023
MA90,greedy_ssm,384,3,1010011110000011,9.63619,10.10981,10.10981,10.10097,0.06023
MA90,greedy_ssm,384,3,1010011111010011,9.82317,10.52605,10.52605,10.06745,0.06023
MA90,greedy_ssm,384,3,1010100001110100,9.65883,10.04203,10.04203,9.93406,0.06023
MA90,greedy_ssm,384,3,1010100011110011,9.83699,10.10533,10.10533,10.08052,0.06023
MA90,greedy_ssm,384,3,1010100100011100,9.51087,10.01539,10.01539,10.01539,0.06023
MA90,greedy_ssm,384,3,1010100100111001,9.69855,10.04728,10.04728,10.00067,0.06023
MA90,greedy_ssm,384,3,1010100101100100,9.61968,10.06008,10.06008,10.06008,0.06023
MA90,greedy_ssm,384,3,1010100110000000,9.26104,9.98986,9.98986,9.97658,0.06023
MA90,greedy_ssm,384,3,1010100110011010,9.33005,9.95335,9.95335,9.95335,0.06023
MA90,greedy_ssm,384,3,1010100110100001,9.61841,10.09275,10.09275,10.09275,0.06023
MA90,greedy_ssm,384,3,1010100110101111,9.77923,10.17099,10.17099,10.14238,0.06023
MA90,greedy_ssm,384,3,1010101000100110,9.41898,9.99529,9.99529,9.99529,0.06023
MA90,greedy_ssm,384,3,1010101001100000,9.74257,10.11473,10.11473,10.08221,0.06023
MA90,greedy_ssm,384,3,1010101001110100,9.7904,10.05797,10.05797,10.0576,0.06023
MA90,greedy_ssm,384,3,1010101100101111,9.88532,10.13717,10.13717,10.13717,0.06023
MA90,greedy_ssm,384,3,1010101101010101,9.74866,10.09772,10.09772,10.07337,0.06023
MA90,greedy_ssm,384,3,1010110000101001,9.50627,9.99498,9.99498,9.96804,0.06023
MA90,greedy_ssm,384,3,1010110000110110,9.33703,9.91954,9.91954,9.89428,0.06023
MA90,greedy_ssm,384,3,1010110010010111,9.1352,9.96948,9.96948,9.96948,0.06023
MA90,greedy_ssm,384,3,1010110010100000,9.35744,10.00035,10.00035,9.94953,0.06023
MA90,greedy_ssm,384,3,1010110100011100,9.41348,9.96971,9.96971,9.95196,0.06023
MA90,greedy_ssm,384,3,1010110110111001,9.78151,10.28605,10.28605,10.06354,0.06023
MA90,greedy_ssm,384,3,1010110111001100,9.44158,10.07641,10.07641,10.04137,0.06023
MA90,greedy_ssm,384,3,1010111010010110,9.39185,9.88136,9.88136,9.78396,0.06023
MA90,greedy_ssm,384,3,1010111010111011,9.61041,10.03812,10.03812,10.03812,0.06023
MA90,greedy_ssm,384,3,1010111011110001,9.87758,10.10981,10.10981,10.09913,0.06023
MA90,greedy_ssm,384,3,1010111011111010,9.68015,10.03812,10.03812,10.03812,0.06023
MA90,greedy_ssm,384,3,1010111101000010,9.55593,10.09093,10.09093,10.09093,0.06023
MA90,greedy_ssm,384,3,1010111101100000,9.85392,10.11473,10.11473,10.08221,0.06023
MA90,greedy_ssm,384,3,1011000001001110,8.85222,9.96037,9.96037,9.96037,0.06023
MA90,greedy_ssm,384,3,1011000100000100,9.14111,9.99529,9.99529,9.99529,0.06023
MA90,greedy_ssm,384,3,1011000101100010,9.4777,10.06603,10.06603,10.06603,0.06023
MA90,greedy_ssm,384,3,1011000110100101,9.5145,10.11719,10.11719,9.99382,0.06023
MA90,greedy_ssm,384,3,1011000110110111,9.66006,10.13581,10.13581,10.13581,0.06023
MA90,greedy_ssm,384,3,1011000111101001,9.6582,10.19812,10.19812,10.09128,0.06023
MA90,greedy_ssm,384,3,1011001001010100,9.12668,10.01796,10.01796,10.01796,0.06023
MA90,greedy_ssm,384,3,1011001001100011,9.4866,10.13398,10.13398,10.11473,0.06023
MA90,greedy_ssm,384,3,1011001001110101,9.44824,10.09772,10.09772,10.09772,0.06023
MA90,greedy_ssm,384,3,1011001010000001,9.25782,10.00838,10.00838,9.85074,0.06023
MA90,greedy_ssm,384,3,1011001010000111,9.21141,9.98994,9.98994,9.9081,0.06023
MA90,greedy_ssm,384,3,1011001010101110,9.17781,10.03699,10.03699,10.03699,0.06023
MA90,greedy_ssm,384,3,1011001011001110,9.01628,10.03699,10.03699,10.03699,0.06023
MA90,greedy_ssm,384,3,1011001011111010,9.38718,10.08272,10.08272,10.00262,0.06023
MA90,greedy_ssm,384,3,1011001100001101,9.3252,10.03626,10.03626,10.03626,0.06023
MA90,greedy_ssm,384,3,1011001100101111,9.7562,10.13717,10.13717,10.13717,0.06023
MA90,greedy_ssm,384,3,1011001100111100,9.66639,10.09772,10.09772,10.0387,0.06023
MA90,greedy_ssm,384,3,1011001110011101,9.39928,10.04514,10.04514,10.04514,0.06023
MA90,greedy_ssm,384,3,1011001110110100,9.7422,10.07728,10.07728,10.07728,0.06023
MA90,greedy_ssm,384,3,1011001110111100,9.74379,10.07271,10.07271,10.0644,0.06023
MA90,greedy_ssm,384,3,1011001111100010,9.73202,10.12237,10.12237,10.12237,0.06023
MA90,greedy_ssm,384,3,1011001111100111,9.91124,10.14958,10.14958,10.12854,0.06023
MA90,greedy_ssm,384,3,1011010011000010,8.9035,9.94994,9.94994,9.94994,0.06023
MA90,greedy_ssm,384,3,1011010011100100,9.45992,10.04813,10.04813,10.04266,0.06023
MA90,greedy_ssm,384,3,1011010011110000,9.45078,10.0905,10.0905,10.05577,0.06023
MA90,greedy_ssm,384,3,1011010100001110,8.99344,9.98627,9.98627,9.98627,0.06023
MA90,greedy_ssm,384,3,1011010100110100,9.53247,10.04266,10.04266,9.99231,0.06023
MA90,greedy_ssm,384,3,1011010101110100,9.66259,10.07925,10.07925,10.07925,0.06023
MA90,greedy_ssm,384,3,1011010101110111,9.88206,10.13581,10.13581,10.09711,0.06023
MA90,greedy_ssm,384,3,1011010110000101,9.08367,9.9904,9.9904,9.97887,0.06023
MA90,greedy_ssm,384,3,1011010111101000,9.6258,10.16949,10.16949,10.09825,0.06023
MA90,greedy_ssm,384,3,1011011001000111,9.10955,10.10137,10.10137,10.10137,0.06023
MA90,greedy_ssm,384,3,1011011010011010,9.10298,9.88825,9.88825,9.88825,0.06023
MA90,greedy_ssm,384,3,1011011010011011,9.16988,9.93659,9.93659,9.93069,0.06023
MA90,greedy_ssm,384,3,1011011101000100,9.37987,10.09567,10.09567,10.09567,0.06023
MA90,greedy_ssm,384,3,1011011101000111,9.42302,10.13258,10.13258,10.13258,0.06023
MA90,greedy_ssm,384,3,1011011111010111,9.52394,10.13581,10.13581,10.10097,0.06023
MA90,greedy_ssm,384,3,1011100000100111,9.91488,10.07077,10.07077,10.07077,0.06023
MA90,greedy_ssm,384,3,1011100001111111,9.96598,10.1231,10.1231,10.0644,0.06023
MA90,greedy_ssm,384,3,1011100010000101,9.50847,10.01655,10.01655,9.94208,0.06023
MA90,greedy_ssm,384,3,1011100010100100,9.80784,10.06008,10.06008,10.01655,0.06023
MA90,greedy_ssm,384,3,1011100011011110,9.6283,10.11496,10.11496,10.11496,0.06023
MA90,greedy_ssm,384,3,1011100011101111,9.92692,10.19812,10.19812,10.14238,0.06023
MA90,greedy_ssm,384,3,1011100100011011,9.87337,10.05405,10.05405,9.97852,0.06023
MA90,greedy_ssm,384,3,1011100110101010,9.82514,10.19812,10.19812,10.19812,0.06023
MA90,greedy_ssm,384,3,1011100111000110,9.67517,10.1172,10.1172,10.1172,0.06023
MA90,greedy_ssm,384,3,1011100111101011,10.08711,10.28605,10.28605,10.19812,0.06023
MA90,greedy_ssm,384,3,1011101010000010,9.66594,10.00726,10.00726,9.8337,0.06023
MA90,greedy_ssm,384,3,1011101010011110,9.66161,10.00747,10.00747,9.98117,0.06023
MA90,greedy_ssm,384,3,1011101011010001,9.80689,10.09275,10.09275,10.09275,0.06023
MA90,greedy_ssm,384,3,1011101101000000,9.86344,10.11473,10.11473,10.11473,0.06023
MA90,greedy_ssm,384,3,1011101101110010,9.87303,10.15038,10.15038,10.06996,0.06023
MA90,greedy_ssm,384,3,1011101110001100,9.76969,10.07844,10.07844,10.07844,0.06023
MA90,greedy_ssm,384,3,1011101111010000,9.81714,10.09275,10.09275,10.09197,0.06023
MA90,greedy_ssm,384,3,1011101111110000,10.04613,10.15038,10.15038,10.09197,0.06023
MA90,greedy_ssm,384,3,1011101111110001,10.0494,10.15038,10.15038,10.11473,0.06023
MA90,greedy_ssm,384,3,1011110001111101,9.95404,10.15461,10.15461,10.07682,0.06023
MA90,greedy_ssm,384,3,1011110010000101,9.5494,10.04643,10.04643,9.85326,0.06023
MA90,greedy_ssm,384,3,1011110010111111,9.73103,10.28605,10.28605,10.28605,0.06023
MA90,greedy_ssm,384,3,1011110011011011,9.6771,10.28605,10.28605,10.28605,0.06023
MA90,greedy_ssm,384,3,1011110100010100,9.6834,10.04266,10.04266,9.99231,0.06023
MA90,greedy_ssm,384,3,1011111000110010,9.69764,10.05102,10.05102,10.04468,0.06023
MA90,greedy_ssm,384,3,1011111010110100,9.71706,10.07271,10.07271,10.07271,0.06023
MA90,greedy_ssm,384,3,1011111111010000,9.82896,10.09913,10.09913,10.09197,0.06023
MA90,greedy_ssm,384,3,1100000000011100,8.54207,9.90382,9.90382,9.76801,0.06023
MA90,greedy_ssm,384,3,1100000001010110,8.57068,9.93015,9.93015,9.93015,0.06023
MA90,greedy_ssm,384,3,1100000001101110,9.1464,10.06853,10.06853,10.06853,0.06023
MA90,greedy_ssm,384,3,1100000010100111,9.10784,10.08982,10.08982,10.08982,0.06023
MA90,greedy_ssm,384,3,1100000011001001,8.87322,10.03547,10.03547,10.03547,0.06023
MA90,greedy_ssm,384,3,1100000100000111,8.82058,10.03976,10.03976,10.03976,0.06023
MA90,greedy_ssm,384,3,1100000100001000,8.8179,9.90807,9.90807,9.90807,0.06023
MA90,greedy_ssm,384,3,1100000100001100,8.94023,9.97327,9.97327,9.97327,0.06023
MA90,greedy_ssm,384,3,1100000100011110,8.76706,9.94025,9.94025,9.94025,0.06023
MA90,greedy_ssm,384,3,1100000100101000,9.35345,10.07562,10.07562,9.97327,0.06023
MA90,greedy_ssm,384,3,1100000101001000,9.12658,10.07562,10.07562,9.92166,0.06023
MA90,greedy_ssm,384,3,1100000101001101,9.14637,10.07753,10.07753,10.07753,0.06023
MA90,greedy_ssm,384,3,1100000101110100,9.73891,10.07925,10.07925,10.06807,0.06023
MA90,greedy_ssm,384,3,1100000111101110,9.60181,10.49653,10.49653,10.49653,0.06023
MA90,greedy_ssm,384,3,1100001000110110,9.01598,9.94802,9.94802,9.93388,0.06023
MA90,greedy_ssm,384,3,1100001000111110,9.04185,9.96827,9.96827,9.96827,0.06023
MA90,greedy_ssm,384,3,1100001001001110,8.7848,10.03155,10.03155,10.03155,0.06023
MA90,greedy_ssm,384,3,1100001001111001,9.32343,10.11328,10.11328,10.11328,0.06023
MA90,greedy_ssm,384,3,1100001011010001,8.90815,10.0661,10.0661,10.0661,0.06023
MA90,greedy_ssm,384,3,1100001100101000,9.55473,10.07562,10.07562,10.07562,0.06023
MA90,greedy_ssm,384,3,1100001100110101,9.63373,10.08059,10.08059,10.08059,0.06023
MA90,greedy_ssm,384,3,1100001101101100,9.79327,10.10964,10.10964,10.10964,0.06023
MA90,greedy_ssm,384,3,1100001110001000,9.00186,10.02522,10.02522,10.02522,0.06023
MA90,greedy_ssm,384,3,1100001110111100,9.56143,10.12791,10.12791,10.12791,0.06023
MA90,greedy_ssm,384,3,1100010000100111,9.04487,10.06968,10.06968,10.06968,0.06023
MA90,greedy_ssm,384,3,1100010011001010,8.77007,10.0097,10.0097,10.0097,0.06023
MA90,greedy_ssm,384,3,1100010011111000,9.31164,10.0905,10.0905,10.06241,0.06023
MA90,greedy_ssm,384,3,1100010101001010,9.10136,10.10226,10.10226,10.10226,0.06023
MA90,greedy_ssm,384,3,1100010101101010,9.72267,10.11846,10.11846,10.11846,0.06023
MA90,greedy_ssm,384,3,1100010101110011,9.70795,10.11026,10.11026,10.11026,0.06023
MA90,greedy_ssm,384,3,1100011000010100,8.93044,9.92607,9.92607,9.92607,0.06023
MA90,greedy_ssm,384,3,1100011010100110,8.95936,10.02107,10.02107,10.02107,0.06023
MA90,greedy_ssm,384,3,1100011011011011,8.9712,10.52605,10.52605,10.00434,0.06023
MA90,greedy_ssm,384,3,1100011011011110,8.83911,9.9666,9.9666,9.9666,0.06023
MA90,greedy_ssm,384,3,1100011100000111,9.11022,10.04955,10.04955,10.04955,0.06023
MA90,greedy_ssm,384,3,1100011100111000,9.51472,10.07481,10.07481,10.07481,0.06023
MA90,greedy_ssm,384,3,1100011101000011,9.38405,10.13398,10.13398,10.13398,0.06023
MA90,greedy_ssm,384,3,1100011101001100,9.37186,10.10964,10.10964,10.10964,0.06023
MA90,greedy_ssm,384,3,1100011110000000,9.02732,10.08115,10.08115,10.08115,0.06023
MA90,greedy_ssm,384,3,1100011110000101,9.09243,10.11077,10.11077,10.11077,0.06023
MA90,greedy_ssm,384,3,1100011110111110,9.57194,10.08118,10.08118,10.08118,0.06023
MA90,greedy_ssm,384,3,1100011111000011,9.42129,10.17966,10.17966,10.17966,0.06023
MA90,greedy_ssm,384,3,1100011111011110,9.18842,10.08118,10.08118,10.08118,0.06023
MA90,greedy_ssm,384,3,1100100000001010,8.51974,9.83004,9.83004,9.80328,0.06023
MA90,greedy_ssm,384,3,1100100000010100,8.48295,9.88627,9.88627,9.88627,0.06023
MA90,greedy_ssm,384,3,1100100000011011,8.6146,9.92861,9.92861,9.92861,0.06023
MA90,greedy_ssm,384,3,1100100011101000,9.31324,10.03158,10.03158,9.94536,0.06023
MA90,greedy_ssm,384,3,1100100011110100,9.34139,10.03786,10.03786,10.00936,0.06023
MA90,greedy_ssm,384,3,1100100100000110,8.68678,9.90466,9.90466,9.86773,0.06023
MA90,greedy_ssm,384,3,1100100101000011,9.17177,10.06603,10.06603,10.02454,0.06023
MA90,greedy_ssm,384,3,1100100110101001,9.3708,10.04728,10.04728,10.0115,0.06023
MA90,greedy_ssm,384,3,1100100111000100,9.06221,10.02507,10.02507,10.02507,0.06023
MA90,greedy_ssm,384,3,1100100111011000,9.10572,10.00902,10.00902,9.96841,0.06023
MA90,greedy_ssm,384,3,1100100111101011,9.79086,10.17099,10.17099,10.11989,0.06023
MA90,greedy_ssm,384,3,1100101000110101,9.18502,9.9728,9.9728,9.95465,0.06023
MA90,greedy_ssm,384,3,1100101001000010,8.79325,9.89049,9.89049,9.89049,0.06023
MA90,greedy_ssm,384,3,1100101001011001,8.99961,10.00407,10.00407,9.95373,0.06023
MA90,greedy_ssm,384,3,1100101010011000,8.80704,9.84079,9.84079,9.83391,0.06023
MA90,greedy_ssm,384,3,1100101011000010,8.83951,9.96241,9.96241,9.83126,0.06023
MA90,greedy_ssm,384,3,1100101101110011,9.70016,10.15038,10.15038,10.15038,0.06023
MA90,greedy_ssm,384,3,1100101110111110,9.48275,10.05238,10.05238,10.05238,0.06023
MA90,greedy_ssm,384,3,1100101111110111,9.83977,10.15038,10.15038,10.15038,0.06023
MA90,greedy_ssm,384,3,1100110001000110,8.68639,9.86587,9.86587,9.86587,0.06023
MA90,greedy_ssm,384,3,1100110001010101,8.7953,9.93671,9.93671,9.92219,0.06023
MA90,greedy_ssm,384,3,1100110010000011,8.57415,9.91079,9.91079,9.79289,0.06023
MA90,greedy_ssm,384,3,1100110010000100,8.60269,9.81741,9.81741,9.81741,0.06023
MA90,greedy_ssm,384,3,1100110011000011,8.78826,9.97246,9.97246,9.97246,0.06023
MA90,greedy_ssm,384,3,1100110101010001,9.32356,10.00553,10.00553,10.00553,0.06023
MA90,greedy_ssm,384,3,1100111001110001,9.44499,10.09686,10.09686,10.09686,0.06023
MA90,greedy_ssm,384,3,1100111100011010,8.80224,9.90592,9.90592,9.90592,0.06023
MA90,greedy_ssm,384,3,1100111101101110,9.72482,10.12722,10.12722,10.10964,0.06023
MA90,greedy_ssm,384,3,1100111101110010,9.69313,10.06996,10.06996,10.05419,0.06023
MA90,greedy_ssm,384,3,1100111110000111,8.99649,10.02235,10.02235,10.02235,0.06023
MA90,greedy_ssm,384,3,1101000001101000,8.94271,10.01602,10.01602,10.01602,0.06023
MA90,greedy_ssm,384,3,1101000010100101,8.84227,9.95924,9.95924,9.95924,0.06023
MA90,greedy_ssm,384,3,1101000011000100,8.61236,9.94055,9.94055,9.94055,0.06023
MA90,greedy_ssm,384,3,1101000011011100,8.64409,10.00902,10.00902,9.92796,0.06023
MA90,greedy_ssm,384,3,1101000011100111,8.92855,10.1172,10.1172,10.1172,0.06023
MA90,greedy_ssm,384,3,1101000100000110,8.4725,9.90466,9.90466,9.86773,0.06023
MA90,greedy_ssm,384,3,1101000101011001,8.83275,10.00553,10.00553,10.00553,0.06023
MA90,greedy_ssm,384,3,1101000101100010,9.16034,10.06603,10.06603,10.02454,0.06023
MA90,greedy_ssm,384,3,1101000110110101,9.12431,10.0547,10.0547,10.02817,0.06023
MA90,greedy_ssm,384,3,1101000110111001,9.17533,10.04164,10.04164,10.04164,0.06023
MA90,greedy_ssm,384,3,1101000110111101,9.17571,10.073,10.073,10.02971,0.06023
MA90,greedy_ssm,384,3,1101000111000101,8.75795,10.06036,10.06036,10.01332,0.06023
MA90,greedy_ssm,384,3,1101001000011110,8.59601,9.8323,9.8323,9.8323,0.06023
MA90,greedy_ssm,384,3,1101001001111000,8.95424,10.04844,10.04844,10.00407,0.06023
MA90,greedy_ssm,384,3,1101001011110010,8.74488,9.96593,9.96593,9.96593,0.06023
MA90,greedy_ssm,384,3,1101001110101011,9.52428,10.12906,10.12906,10.11396,0.06023
MA90,greedy_ssm,384,3,1101001110111101,9.32451,10.12791,10.12791,10.11619,0.06023
MA90,greedy_ssm,384,3,1101001111001010,8.8873,10.00726,10.00726,10.00726,0.06023
MA90,greedy_ssm,384,3,1101001111101001,9.6655,10.13187,10.13187,10.12428,0.06023
MA90,greedy_ssm,384,3,1101010001000101,8.50625,9.99742,9.99742,9.99742,0.06023
MA90,greedy_ssm,384,3,1101010001010011,8.53186,9.99321,9.99321,9.99321,0.06023
MA90,greedy_ssm,384,3,1101010010100010,8.70412,9.90754,9.90754,9.90754,0.06023
MA90,greedy_ssm,384,3,1101010010101100,8.88982,9.98127,9.98127,9.96477,0.06023
MA90,greedy_ssm,384,3,1101010011101000,9.00207,10.03547,10.03547,9.92985,0.06023
MA90,greedy_ssm,384,3,1101010100001100,8.62259,9.90129,9.90129,9.87515,0.06023
MA90,greedy_ssm,384,3,1101010110000110,8.50121,9.89637,9.89637,9.89637,0.06023
MA90,greedy_ssm,384,3,1101010110001110,8.56492,9.90123,9.90123,9.90123,0.06023
MA90,greedy_ssm,384,3,1101010110101110,9.06593,10.00361,10.00361,10.00126,0.06023
MA90,greedy_ssm,384,3,1101010110111001,9.17526,10.06241,10.06241,10.03021,0.06023
MA90,greedy_ssm,384,3,1101010110111011,9.2716,10.08334,10.08334,10.08334,0.06023
MA90,greedy_ssm,384,3,1101010111000110,8.6396,9.95633,9.95633,9.95633,0.06023
MA90,greedy_ssm,384,3,1101011000000110,8.57373,9.86378,9.86378,9.86378,0.06023
MA90,greedy_ssm,384,3,1101011001110110,8.74578,9.99269,9.99269,9.99269,0.06023
MA90,greedy_ssm,384,3,1101011010010111,8.72002,9.88301,9.88301,9.83455,0.06023
MA90,greedy_ssm,384,3,1101011010101100,8.92265,10.06162,10.06162,10.06162,0.06023
MA90,greedy_ssm,384,3,1101011011001000,8.70823,9.93934,9.93934,9.93934,0.06023
MA90,greedy_ssm,384,3,1101011011011011,8.71073,9.97092,9.97092,9.94184,0.06023
MA90,greedy_ssm,384,3,1101011100100111,9.46445,10.13258,10.13258,10.13258,0.06023
MA90,greedy_ssm,384,3,1101011110011100,8.83096,9.971,9.971,9.971,0.06023
MA90,greedy_ssm,384,3,1101011110101110,9.34634,10.02238,10.02238,10.00568,0.06023
MA90,greedy_ssm,384,3,1101011111000001,8.91935,10.17966,10.17966,10.05198,0.06023
MA90,greedy_ssm,384,3,1101100011000100,9.11067,10.02507,10.02507,9.95924,0.06023
MA90,greedy_ssm,384,3,1101100100000110,9.10422,10.07077,10.07077,9.94522,0.06023
MA90,greedy_ssm,384,3,1101100101100111,9.94522,10.14366,10.14366,10.14366,0.06023
MA90,greedy_ssm,384,3,1101100110000000,9.16761,9.9975,9.9975,9.98394,0.06023
MA90,greedy_ssm,384,3,1101100110111010,9.63587,10.11989,10.11989,10.11989,0.06023
MA90,greedy_ssm,384,3,1101101000010110,9.20145,9.89094,9.89094,9.89094,0.06023
MA90,greedy_ssm,384,3,1101101000011011,9.51718,10.00266,10.00266,10.00266,0.06023
MA90,greedy_ssm,384,3,1101101000101011,9.59797,10.09686,10.09686,10.09686,0.06023
MA90,greedy_ssm,384,3,1101101001001101,9.52906,10.0973,10.0973,10.0973,0.06023
MA90,greedy_ssm,384,3,1101101001100010,9.72341,10.07586,10.07586,10.07586,0.06023
MA90,greedy_ssm,384,3,1101101010000111,9.50205,9.95754,9.95754,9.95754,0.06023
MA90,greedy_ssm,384,3,1101101011000010,9.2572,9.99852,9.99852,9.9764,0.06023
MA90,greedy_ssm,384,3,1101101011001010,9.41035,10.03508,10.03508,10.03508,0.06023
MA90,greedy_ssm,384,3,1101101011101001,9.85915,10.12428,10.12428,10.12428,0.06023
MA90,greedy_ssm,384,3,1101101110011101,9.52789,10.11619,10.11619,10.11619,0.06023
MA90,greedy_ssm,384,3,1101101110110100,9.82664,10.11415,10.11415,10.11415,0.06023
MA90,greedy_ssm,384,3,1101101111111100,9.93109,10.13268,10.13268,10.13268,0.06023
MA90,greedy_ssm,384,3,1101110000000110,8.87728,9.96621,9.96621,9.96621,0.06023
MA90,greedy_ssm,384,3,1101110000101110,9.49525,10.00491,10.00491,9.96477,0.06023
MA90,greedy_ssm,384,3,1101110001000011,9.08959,10.00264,10.00264,10.00264,0.06023
MA90,greedy_ssm,384,3,1101110001001011,9.14932,10.06914,10.06914,9.99082,0.06023
MA90,greedy_ssm,384,3,1101110010001011,9.07005,10.06914,10.06914,10.06914,0.06023
MA90,greedy_ssm,384,3,1101110011111100,9.76924,10.06882,10.06882,10.06138,0.06023
MA90,greedy_ssm,384,3,1101110111001110,9.56311,10.11708,10.11708,10.11708,0.06023
MA90,greedy_ssm,384,3,1101110111011100,9.66648,10.06138,10.06138,10.06138,0.06023
MA90,greedy_ssm,384,3,1101111000011000,9.43843,9.93229,9.93229,9.89213,0.06023
MA90,greedy_ssm,384,3,1101111001110001,9.76782,10.07968,10.07968,10.07968,0.06023
MA90,greedy_ssm,384,3,1101111010101101,9.63837,10.11106,10.11106,10.11106,0.06023
MA90,greedy_ssm,384,3,1101111100000010,9.29369,10.05702,10.05702,10.05702,0.06023
MA90,greedy_ssm,384,3,1101111101011101,9.75262,10.15461,10.15461,10.15461,0.06023
MA90,greedy_ssm,384,3,1101111110000010,9.19502,10.01564,10.01564,10.01564,0.06023
MA90,greedy_ssm,384,3,1101111110100110,9.68684,10.08638,10.08638,10.08638,0.06023
MA90,greedy_ssm,384,3,1101111111000100,9.70379,10.10496,10.10496,10.10496,0.06023
MA90,greedy_ssm,384,3,1101111111100110,9.82397,10.14511,10.14511,10.14511,0.06023
MA90,greedy_ssm,384,3,1110000000100101,9.70783,10.08059,10.08059,10.08059,0.06023
MA90,greedy_ssm,384,3,1110000011100001,9.93978,10.17966,10.17966,10.08677,0.06023
MA90,greedy_ssm,384,3,1110000101100000,9.81083,10.13398,10.13398,10.11359,0.06023
MA90,greedy_ssm,384,3,1110001001000111,9.70066,10.13398,10.13398,10.13398,0.06023
MA90,greedy_ssm,384,3,1110001001011111,9.70575,10.10671,10.10671,10.10671,0.06023
MA90,greedy_ssm,384,3,1110001010110101,9.6683,10.12791,10.12791,10.12791,0.06023
MA90,greedy_ssm,384,3,1110001010111000,9.66346,10.11328,10.11328,10.11328,0.06023
MA90,greedy_ssm,384,3,1110001011001011,9.77994,10.12906,10.12906,10.12906,0.06023
MA90,greedy_ssm,384,3,1110001100001101,9.75002,10.0947,10.0947,10.0947,0.06023
MA90,greedy_ssm,384,3,1110001100011101,9.74662,10.12791,10.12791,10.12791,0.06023
MA90,greedy_ssm,384,3,1110001100011110,9.73379,10.03155,10.03155,9.99487,0.06023
MA90,greedy_ssm,384,3,1110001100100100,9.9628,10.11977,10.11977,10.11977,0.06023
MA90,greedy_ssm,384,3,1110001101100001,10.08157,10.17966,10.17966,10.13398,0.06023
MA90,greedy_ssm,384,3,1110001110010101,9.70396,10.12791,10.12791,10.12791,0.06023
MA90,greedy_ssm,384,3,1110001110101110,9.8979,10.17099,10.17099,10.17099,0.06023
MA90,greedy_ssm,384,3,1110001111001001,9.86483,10.17966,10.17966,10.17966,0.06023
MA90,greedy_ssm,384,3,1110010000100010,9.50311,10.03739,10.03739,10.03739,0.06023
MA90,greedy_ssm,384,3,1110010001010000,9.43016,10.0905,10.0905,10.0905,0.06023
MA90,greedy_ssm,384,3,1110010101101011,10.10226,10.52605,10.52605,10.49653,0.06023
MA90,greedy_ssm,384,3,1110010110010010,9.47219,10.52605,10.52605,10.0905,0.06023
MA90,greedy_ssm,384,3,1110010110101110,9.86478,10.49653,10.49653,10.49653,0.06023
MA90,greedy_ssm,384,3,1110010110111010,9.79793,10.52605,10.52605,10.52605,0.06023
MA90,greedy_ssm,384,3,1110011000000010,9.58869,9.96179,9.96179,9.75824,0.06023
MA90,greedy_ssm,384,3,1110011000000110,9.51131,9.97926,9.97926,9.95547,0.06023
MA90,greedy_ssm,384,3,1110011000100001,9.75233,10.17966,10.17966,10.17966,0.06023
MA90,greedy_ssm,384,3,1110011001001101,9.69252,10.12477,10.12477,10.12477,0.06023
MA90,greedy_ssm,384,3,1110011010100111,9.77289,10.12854,10.12854,10.12854,0.06023
MA90,greedy_ssm,384,3,1110011100000101,9.65682,10.11544,10.11544,10.11544,0.06023
MA90,greedy_ssm,384,3,1110011100101111,9.95712,10.49653,10.49653,10.13303,0.06023
MA90,greedy_ssm,384,3,1110011101111111,10.04511,10.49653,10.49653,10.09874,0.06023
MA90,greedy_ssm,384,3,1110011111001110,9.72491,10.49653,10.49653,10.12477,0.06023
MA90,greedy_ssm,384,3,1110100000001101,9.28652,9.99082,9.99082,9.99082,0.06023
MA90,greedy_ssm,384,3,1110100000110001,9.53236,10.02793,10.02793,10.11719,0.06023
MA90,greedy_ssm,384,3,1110100001111100,9.69435,10.0387,10.0387,9.98759,0.06023
MA90,greedy_ssm,384,3,1110100010000010,9.18765,9.88635,9.88635,9.88635,0.06023
MA90,greedy_ssm,384,3,1110100100001101,9.44229,10.04728,10.04728,10.02438,0.06023
MA90,greedy_ssm,384,3,1110100101001110,9.43741,10.07106,10.07106,10.07106,0.06023
MA90,greedy_ssm,384,3,1110100101101001,9.48418,10.12428,10.12428,10.12428,0.06023
MA90,greedy_ssm,384,3,1110100101110101,9.79209,10.12203,10.12203,10.08059,0.06023
MA90,greedy_ssm,384,3,1110100110000010,9.30378,9.96241,9.96241,9.91594,0.06023
MA90,greedy_ssm,384,3,1110100110100000,9.60134,10.11359,10.11359,10.05244,0.06023
MA90,greedy_ssm,384,3,1110100110101111,9.75979,10.49653,10.49653,10.49653,0.06023
MA90,greedy_ssm,384,3,1110100111000110,9.41463,10.1172,10.1172,10.08982,0.06023
MA90,greedy_ssm,384,3,1110100111100111,9.98081,10.49653,10.49653,10.14958,0.06023
MA90,greedy_ssm,384,3,1110101010000000,9.56834,10.00242,10.00242,9.9764,0.06023
MA90,greedy_ssm,384,3,1110101101000010,9.60654,10.13398,10.13398,10.13398,0.06023
MA90,greedy_ssm,384,3,1110101101111011,10.03142,10.15038,10.15038,10.13717,0.06023
MA90,greedy_ssm,384,3,1110101110110100,9.963,10.11415,10.11415,10.11415,0.06023
MA90,greedy_ssm,384,3,1110101111001111,9.86544,10.17099,10.17099,10.14511,0.06023
MA90,greedy_ssm,384,3,1110101111010111,9.82056,10.15038,10.15038,10.15038,0.06023
MA90,greedy_ssm,384,3,1110110000010111,9.23424,9.97324,9.97324,9.97086,0.06023
MA90,greedy_ssm,384,3,1110110000011010,9.12826,9.88206,9.88206,9.79988,0.06023
MA90,greedy_ssm,384,3,1110110010101110,9.3542,10.03381,10.03381,10.00126,0.06023
MA90,greedy_ssm,384,3,1110110100110111,9.77615,10.09711,10.09711,10.08772,0.06023
MA90,greedy_ssm,384,3,1110110101111100,9.65281,10.15461,10.15461,10.10964,0.06023
MA90,greedy_ssm,384,3,1110110111011100,9.70928,10.07925,10.07925,10.06138,0.06023
MA90,greedy_ssm,384,3,1110111001010011,9.60355,10.05419,10.05419,10.05419,0.06023
MA90,greedy_ssm,384,3,1110111001101110,9.75732,10.12722,10.12722,10.10964,0.06023
MA90,greedy_ssm,384,3,1110111010000011,9.54619,10.06765,10.06765,9.92225,0.06023
MA90,greedy_ssm,384,3,1110111010010100,9.50121,9.99138,9.99138,9.99138,0.06023
MA90,greedy_ssm,384,3,1110111010110010,9.39174,10.02417,10.02417,10.01818,0.06023
MA90,greedy_ssm,384,3,1110111011010010,9.47635,10.02417,10.02417,10.02417,0.06023
MA90,greedy_ssm,384,3,1110111011101100,9.81933,10.12477,10.12477,10.11106,0.06023
MA90,greedy_ssm,384,3,1110111100011000,9.62583,10.02578,10.02578,10.02578,0.06023
MA90,greedy_ssm,384,3,1110111101111001,9.95337,10.15461,10.15461,10.15461,0.06023
MA90,greedy_ssm,384,3,1110111111100100,9.99501,10.17966,10.17966,10.13012,0.06023
MA90,greedy_ssm,384,3,1111000011000000,9.04134,10.00019,10.00019,9.9764,0.06023
MA90,greedy_ssm,384,3,1111000011001000,9.01868,10.03158,10.03158,9.94536,0.06023
MA90,greedy_ssm,384,3,1111000100110100,9.56098,10.05797,10.05797,10.0549,0.06023
MA90,greedy_ssm,384,3,1111000100111110,9.62193,10.03627,10.03627,10.03627,0.06023
MA90,greedy_ssm,384,3,1111000111010111,9.42736,10.12203,10.12203,10.12203,0.06023
MA90,greedy_ssm,384,3,1111001000111100,9.35346,10.0387,10.0387,10.0387,0.06023
MA90,greedy_ssm,384,3,1111001001010011,9.19709,10.08075,10.08075,10.08075,0.06023
MA90,greedy_ssm,384,3,1111001100011010,9.25867,10.00266,10.00266,10.00266,0.06023
MA90,greedy_ssm,384,3,1111001111101110,9.80073,10.17099,10.17099,10.14511,0.06023
MA90,greedy_ssm,384,3,1111001111111100,9.79755,10.13268,10.13268,10.13268,0.06023
MA90,greedy_ssm,384,3,1111010001100011,9.50205,10.10226,10.10226,10.08781,0.06023
MA90,greedy_ssm,384,3,1111010011010100,9.12407,10.07925,10.07925,10.07925,0.06023
MA90,greedy_ssm,384,3,1111010011110000,9.60788,10.09197,10.09197,10.09197,0.06023
MA90,greedy_ssm,384,3,1111010100101110,9.58306,10.1045,10.1045,10.1045,0.06023
MA90,greedy_ssm,384,3,1111010101001001,9.31796,10.10278,10.10278,10.10278,0.06023
MA90,greedy_ssm,384,3,1111010101101010,9.59098,10.11846,10.11846,10.11846,0.06023
MA90,greedy_ssm,384,3,1111010110101010,9.55882,10.11846,10.11846,10.02168,0.06023
MA90,greedy_ssm,384,3,1111011011011111,9.29914,10.10263,10.10263,10.10263,0.06023
MA90,greedy_ssm,384,3,1111011011100000,9.70174,10.17966,10.17966,10.09825,0.06023
MA90,greedy_ssm,384,3,1111011011111010,9.56546,10.10152,10.10152,10.10152,0.06023
MA90,greedy_ssm,384,3,1111011100011010,9.24932,10.05758,10.05758,10.05758,0.06023
MA90,greedy_ssm,384,3,1111100000110000,9.84746,10.02539,10.02539,10.00235,0.06023
MA90,greedy_ssm,384,3,1111100001001001,9.44601,10.09328,10.09328,10.09328,0.06023
MA90,greedy_ssm,384,3,1111100001001011,9.67902,10.10745,10.10745,10.09686,0.06023
MA90,greedy_ssm,384,3,1111100001011001,9.69601,10.04164,10.04164,10.02522,0.06023
MA90,greedy_ssm,384,3,1111100001110101,9.84715,10.12203,10.12203,10.12203,0.06023
MA90,greedy_ssm,384,3,1111100010100001,9.87132,10.10795,10.10795,9.96804,0.06023
MA90,greedy_ssm,384,3,1111100010110000,9.80731,10.05481,10.05481,10.03478,0.06023
MA90,greedy_ssm,384,3,1111100011001111,9.62888,10.12971,10.12971,10.12971,0.06023
MA90,greedy_ssm,384,3,1111100100001000,9.74513,10.04728,10.04728,10.04728,0.06023
MA90,greedy_ssm,384,3,1111100100010010,9.65482,10.0053,10.0053,9.9719,0.06023
MA90,greedy_ssm,384,3,1111100101010110,9.61867,10.12203,10.12203,10.12203,0.06023
MA90,greedy_ssm,384,3,1111100110100111,10.01603,10.14958,10.14958,10.14958,0.06023
MA90,greedy_ssm,384,3,1111100111101001,10.0403,10.19812,10.19812,10.12428,0.06023
MA90,greedy_ssm,384,3,1111100111101010,9.8883,10.19812,10.19812,10.11989,0.06023
MA90,greedy_ssm,384,3,1111101000010101,9.77558,10.02825,10.02825,10.13303,0.06023
MA90,greedy_ssm,384,3,1111101000011010,9.71078,10.00266,10.00266,9.82829,0.06023
MA90,greedy_ssm,384,3,1111101000110100,9.83775,10.07728,10.07728,10.07728,0.06023
MA90,greedy_ssm,384,3,1111101010001101,9.79163,10.11106,10.11106,10.11106,0.06023
MA90,greedy_ssm,384,3,1111101011000100,9.88108,10.14958,10.14958,10.14958,0.06023
MA90,greedy_ssm,384,3,1111101110001001,9.89647,10.12428,10.12428,10.12428,0.06023
MA90,greedy_ssm,384,3,1111101110100101,10.02643,10.14958,10.14958,10.14958,0.06023
MA90,greedy_ssm,384,3,1111110000101000,9.91928,10.04728,10.04728,10.10183,0.06023
MA90,greedy_ssm,384,3,1111110001111010,9.87105,10.09293,10.09293,10.06882,0.06023
MA90,greedy_ssm,384,3,1111110001111011,9.95404,10.28605,10.28605,10.07362,0.06023
MA90,greedy_ssm,384,3,1111110010001101,9.74631,10.11106,10.11106,9.96804,0.06023
MA90,greedy_ssm,384,3,1111110011100000,9.89637,10.09825,10.09825,10.09825,0.06023
MA90,greedy_ssm,384,3,1111110101001101,9.63288,10.15461,10.15461,10.15461,0.06023
MA90,greedy_ssm,384,3,1111110111001011,9.86738,10.52605,10.28605,10.14511,0.06023
MA90,greedy_ssm,384,3,1111110111111101,10.05444,10.28605,10.28605,10.15461,0.06023
MA90,greedy_ssm,384,3,1111111001011110,9.70524,10.10881,10.10881,10.10881,0.06023
MA90,greedy_ssm,384,3,1111111010001011,9.80139,10.1244,10.1244,10.1244,0.06023
MA90,greedy_ssm,384,3,1111111111110111,10.07963,10.15461,10.15461,10.14511,0.06023
MA90,greedy_ssm,384,3,1111111111111100,10.06138,10.15461,10.15461,10.15461,0.06023
SI06,greedy_ssm,384,1,0000000001111010,,,,,0.17235
SI06,greedy_ssm,384,1,0000000011101110,6.3905,8.13634,8.13634,8.78639,0.17235
SI06,greedy_ssm,384,1,0000000100010011,,,,,0.17235
SI06,greedy_ssm,384,1,0000000101001100,,,,,0.17235
SI06,greedy_ssm,384,1,0000001000100001,,,,,0.17235
SI06,greedy_ssm,384,1,0000001000100100,,,,,0.17235
SI06,greedy_ssm,384,1,0000001001001100,,,,,0.17235
SI06,greedy_ssm,384,1,0000001001101010,,,,,0.17235
SI06,greedy_ssm,384,1,0000001011101110,6.80265,8.26194,8.26194,8.87211,0.17235
SI06,greedy_ssm,384,1,0000001101011001,,,,,0.17235
SI06,greedy_ssm,384,1,0000001110001001,,,,,0.17235
SI06,greedy_ssm,384,1,0000001111001001,,,,,0.17235
SI06,greedy_ssm,384,1,0000001111001111,,,,,0.17235
SI06,greedy_ssm,384,1,0000010000001100,,,,,0.17235
SI06,greedy_ssm,384,1,0000010000100100,,,,,0.17235
SI06,greedy_ssm,384,1,0000010000110110,,,,,0.17235
SI06,greedy_ssm,384,1,0000010001000101,,,,,0.17235
SI06,greedy_ssm,384,1,0000010001100000,,,,,0.17235
SI06,greedy_ssm,384,1,0000010001101100,,,,,0.17235
SI06,greedy_ssm,384,1,0000010010001101,,,,,0.17235
SI06,greedy_ssm,384,1,0000010010110010,,,,,0.17235
SI06,greedy_ssm,384,1,0000010010110100,,,,,0.17235
SI06,greedy_ssm,384,1,0000010110100101,,,,,0.17235
SI06,greedy_ssm,384,1,0000010110101010,,,,,0.17235
SI06,greedy_ssm,384,1,0000011001101010,,,,,0.17235
SI06,greedy_ssm,384,1,0000011001111100,,,,,0.17235
SI06,greedy_ssm,384,1,0000011010000101,,,,,0.17235
SI06,greedy_ssm,384,1,0000011010101011,,,,,0.17235
SI06,greedy_ssm,384,1,0000011010111000,,,,,0.17235
SI06,greedy_ssm,384,1,0000011100001111,,,,,0.17235
SI06,greedy_ssm,384,1,0000011110100011,7.52482,8.46648,8.46648,9.38081,0.17235
SI06,greedy_ssm,384,1,0000011111110000,8.03771,8.65701,8.65701,9.18133,0.17235
SI06,greedy_ssm,384,1,0000100010001000,,,,,0.17235
SI06,greedy_ssm,384,1,0000100011100101,8.23125,8.6671,8.6671,9.22744,0.17235
SI06,greedy_ssm,384,1,0000100011101100,7.56496,8.28393,8.28393,8.95581,0.17235
SI06,greedy_ssm,384,1,0000100100000010,,,,,0.17235
SI06,greedy_ssm,384,1,0000100100001010,,,,,0.17235
SI06,greedy_ssm,384,1,0000100101000010,,,,,0.17235
SI06,greedy_ssm,384,1,0000100110101011,6.94836,8.80362,8.80362,9.23792,0.17235
SI06,greedy_ssm,384,1,0000101001011010,,,,,0.17235
SI06,greedy_ssm,384,1,0000101001110000,,,,,0.17235
SI06,greedy_ssm,384,1,0000101001111101,7.81014,8.55702,8.55702,9.20042,0.17235
SI06,greedy_ssm,384,1,0000101010010011,,,,,0.17235
SI06,greedy_ssm,384,1,0000101010110011,,,,,0.17235
SI06,greedy_ssm,384,1,0000101011010110,,,,,0.17235
SI06,greedy_ssm,384,1,0000101100001011,,,,,0.17235
SI06,greedy_ssm,384,1,0000101100011001,,,,,0.17235
SI06,greedy_ssm,384,1,0000101110010100,,,,,0.17235
SI06,greedy_ssm,384,1,0000101111100000,8.57398,8.90883,8.90883,9.05517,0.17235
SI06,greedy_ssm,384,1,0000101111100101,8.72625,9.05517,9.05517,9.52102,0.17235
SI06,greedy_ssm,384,1,0000101111110111,9.19059,9.36619,9.36619,9.69761,0.17235
SI06,greedy_ssm,384,1,0000110001000111,,,,,0.17235
SI06,greedy_ssm,384,1,0000110001111101,,,,,0.17235
SI06,greedy_ssm,384,1,0000110010111011,,,,,0.17235
SI06,greedy_ssm,384,1,0000110100010010,,,,,0.17235
SI06,greedy_ssm,384,1,0000110100111110,7.4616,8.08081,8.08081,8.95912,0.17235
SI06,greedy_ssm,384,1,0000110101010101,,,,,0.17235
SI06,greedy_ssm,384,1,0000111010001011,,,,,0.17235
SI06,greedy_ssm,384,1,0000111010010101,,,,,0.17235
SI06,greedy_ssm,384,1,0000111010011101,,,,,0.17235
SI06,greedy_ssm,384,1,0000111011000001,,,,,0.17235
SI06,greedy_ssm,384,1,0000111100001111,,,,,0.17235
SI06,greedy_ssm,384,1,0000111100011100,,,,,0.17235
SI06,greedy_ssm,384,1,0000111100100010,,,,,0.17235
SI06,greedy_ssm,384,1,0000111101010100,,,,,0.17235
SI06,greedy_ssm,384,1,0000111101011001,,,,,0.17235
SI06,greedy_ssm,384,1,0001000000011101,,,,,0.17235
SI06,greedy_ssm,384,1,0001000001101111,,,,,0.17235
SI06,greedy_ssm,384,1,0001000100011011,,,,,0.17235
SI06,greedy_ssm,384,1,0001000110000110,,,,,0.17235
SI06,greedy_ssm,384,1,0001000110001000,,,,,0.17235
SI06,greedy_ssm,384,1,0001000110001111,,,,,0.17235
SI06,greedy_ssm,384,1,0001000110011111,,,,,0.17235
SI06,greedy_ssm,384,1,0001000111001010,,,,,0.17235
SI06,greedy_ssm,384,1,0001000111111111,7.36761,9.04097,9.04097,9.38423,0.17235
SI06,greedy_ssm,384,1,0001001001011110,,,,,0.17235
SI06,greedy_ssm,384,1,0001001011011010,,,,,0.17235
SI06,greedy_ssm,384,1,0001001011110100,,,,,0.17235
SI06,greedy_ssm,384,1,0001001100000000,,,,,0.17235
SI06,greedy_ssm,384,1,0001001100011011,,,,,0.17235
SI06,greedy_ssm,384,1,0001001101100000,,,,,0.17235
SI06,greedy_ssm,384,1,0001010001100100,,,,,0.17235
SI06,greedy_ssm,384,1,0001010010000100,,,,,0.17235
SI06,greedy_ssm,384,1,0001010010001110,,,,,0.17235
SI06,greedy_ssm,384,1,0001010100001010,,,,,0.17235
SI06,greedy_ssm,384,1,0001010110100011,,,,,0.17235
SI06,greedy_ssm,384,1,0001010111100111,7.4148,8.88192,8.88192,9.55953,0.17235
SI06,greedy_ssm,384,1,0001011000010110,,,,,0.17235
SI06,greedy_ssm,384,1,0001011000100011,,,,,0.17235
SI06,greedy_ssm,384,1,0001011011000010,,,,,0.17235
SI06,greedy_ssm,384,1,0001011011011110,,,,,0.17235
SI06,greedy_ssm,384,1,0001011100000011,,,,,0.17235
SI06,greedy_ssm,384,1,0001011100010100,,,,,0.17235
SI06,greedy_ssm,384,1,0001011111001110,,,,,0.17235
SI06,greedy_ssm,384,1,0001011111010011,,,,,0.17235
SI06,greedy_ssm,384,1,0001011111110011,7.91603,9.4599,9.4599,9.4599,0.17235
SI06,greedy_ssm,384,1,0001100001000110,,,,,0.17235
SI06,greedy_ssm,384,1,0001100010110100,7.43163,8.48791,8.48791,9.02529,0.17235
SI06,greedy_ssm,384,1,0001100011001010,,,,,0.17235
SI06,greedy_ssm,384,1,0001100011111011,8.89002,9.09845,9.09845,9.45278,0.17235
SI06,greedy_ssm,384,1,0001100110000011,,,,,0.17235
SI06,greedy_ssm,384,1,0001100111001010,,,,,0.17235
SI06,greedy_ssm,384,1,0001100111100110,8.36119,9.01016,9.01016,9.52102,0.17235
SI06,greedy_ssm,384,1,0001101001000000,,,,,0.17235
SI06,greedy_ssm,384,1,0001101100010110,,,,,0.17235
SI06,greedy_ssm,384,1,0001101110011000,,,,,0.17235
SI06,greedy_ssm,384,1,0001101111010111,6.45413,9.36619,9.36619,9.69761,0.17235
SI06,greedy_ssm,384,1,0001101111110011,9.44794,9.46646,9.46646,9.73616,0.17235
SI06,greedy_ssm,384,1,0001110000101011,8.1435,8.86464,8.86464,9.25609,0.17235
SI06,greedy_ssm,384,1,0001110000111011,8.12987,8.59233,8.59233,9.06761,0.17235
SI06,greedy_ssm,384,1,0001110001011111,,,,,0.17235
SI06,greedy_ssm,384,1,0001110100100100,8.00861,8.38367,8.38367,8.66264,0.17235
SI06,greedy_ssm,384,1,0001110101000000,,,,,0.17235
SI06,greedy_ssm,384,1,0001110101001110,,,,,0.17235
SI06,greedy_ssm,384,1,0001110101100101,8.26603,8.74412,8.74412,9.33775,0.17235
SI06,greedy_ssm,384,1,0001110110010100,,,,,0.17235
SI06,greedy_ssm,384,1,0001110111000110,,,,,0.17235
SI06,greedy_ssm,384,1,0001110111001100,,,,,0.17235
SI06,greedy_ssm,384,1,0001111000001101,,,,,0.17235
SI06,greedy_ssm,384,1,0001111001001101,,,,,0.17235
SI06,greedy_ssm,384,1,0001111001010100,,,,,0.17235
SI06,greedy_ssm,384,1,0001111010010100,,,,,0.17235
SI06,greedy_ssm,384,1,0001111100001100,,,,,0.17235
SI06,greedy_ssm,384,1,0001111100010111,,,,,0.17235
SI06,greedy_ssm,384,1,0001111100101111,8.60626,9.00499,9.00499,9.57734,0.17235
SI06,greedy_ssm,384,1,0001111101000111,6.55038,9.07031,9.07031,9.55953,0.17235
SI06,greedy_ssm,384,1,0001111101101011,9.22171,9.24052,9.24052,9.5988,0.17235
SI06,greedy_ssm,384,1,0001111101110001,8.91447,9.10841,9.10841,9.4599,0.17235
SI06,greedy_ssm,384,1,0010000001101011,8.22432,8.57487,8.57487,8.9199,0.17235
SI06,greedy_ssm,384,1,0010000011101000,8.13687,8.34341,8.34341,8.67147,0.17235
SI06,greedy_ssm,384,1,0010000011101111,8.60037,8.78639,8.78639,9.10037,0.17235
SI06,greedy_ssm,384,1,0010000100001001,,,,,0.17235
SI06,greedy_ssm,384,1,0010000100110011,8.29909,8.58407,8.58407,8.99502,0.17235
SI06,greedy_ssm,384,1,0010000111101100,8.13862,8.3056,8.3056,8.87211,0.17235
SI06,greedy_ssm,384,1,0010001000001110,,,,,0.17235
SI06,greedy_ssm,384,1,0010001001101101,8.0165,8.32053,8.32053,8.87211,0.17235
SI06,greedy_ssm,384,1,0010001010110100,7.67046,8.42496,8.42496,8.75553,0.17235
SI06,greedy_ssm,384,1,0010001101100000,8.12325,8.42846,8.42846,8.83685,0.17235
SI06,greedy_ssm,384,1,0010001110001111,6.21326,8.42572,8.42572,9.10037,0.17235
SI06,greedy_ssm,384,1,0010001110010111,,,,,0.17235
SI06,greedy_ssm,384,1,0010001110101001,8.16651,8.49039,8.49039,9.10287,0.17235
SI06,greedy_ssm,384,1,0010001111101110,8.25499,8.87211,8.87211,9.26674,0.17235
SI06,greedy_ssm,384,1,0010010010100011,7.78663,8.62252,8.62252,8.90762,0.17235
SI06,greedy_ssm,384,1,0010010010101110,7.1945,8.16819,8.16819,8.8155,0.17235
SI06,greedy_ssm,384,1,0010010011011001,,,,,0.17235
SI06,greedy_ssm,384,1,0010010100011010,,,,,0.17235
SI06,greedy_ssm,384,1,0010010100111100,7.82769,8.08792,8.08792,8.51542,0.17235
SI06,greedy_ssm,384,1,0010010101011101,,,,,0.17235
SI06,greedy_ssm,384,1,0010010110010111,,,,,0.17235
SI06,greedy_ssm,384,1,0010010111011000,,,,,0.17235
SI06,greedy_ssm,384,1,0010011001000111,,,,,0.17235
SI06,greedy_ssm,384,1,0010011001010001,,,,,0.17235
SI06,greedy_ssm,384,1,0010011011110011,8.75634,9.03098,9.03098,9.51729,0.17235
SI06,greedy_ssm,384,1,0010011111101110,8.39326,8.86207,8.86207,9.37608,0.17235
SI06,greedy_ssm,384,1,0010100011111001,7.96335,8.48828,8.48828,8.89002,0.17235
SI06,greedy_ssm,384,1,0010100100001000,,,,,0.17235
SI06,greedy_ssm,384,1,0010100101111010,7.77367,8.19825,8.19825,8.86864,0.17235
SI06,greedy_ssm,384,1,0010101000010000,,,,,0.17235
SI06,greedy_ssm,384,1,0010101101010100,,,,,0.17235
SI06,greedy_ssm,384,1,0010101110011010,,,,,0.17235
SI06,greedy_ssm,384,1,0010101110111010,7.91925,8.38945,8.38945,9.01071,0.17235
SI06,greedy_ssm,384,1,0010101111001001,,,,,0.17235
SI06,greedy_ssm,384,1,0010101111101011,8.73341,9.18565,9.18565,9.35943,0.17235
SI06,greedy_ssm,384,1,0010110000110101,7.74409,8.07894,8.07894,8.4433,0.17235
SI06,greedy_ssm,384,1,0010110001100100,7.73323,8.23366,8.23366,8.57004,0.17235
SI06,greedy_ssm,384,1,0010110010010010,,,,,0.17235
SI06,greedy_ssm,384,1,0010110101011010,,,,,0.17235
SI06,greedy_ssm,384,1,0010111000011111,,,,,0.17235
SI06,greedy_ssm,384,1,0010111010101010,7.37664,8.12695,8.12695,8.82858,0.17235
SI06,greedy_ssm,384,1,0010111011101011,8.72217,8.82858,8.82858,9.25609,0.17235
SI06,greedy_ssm,384,1,0010111011110010,7.96311,8.63358,8.63358,9.25372,0.17235
SI06,greedy_ssm,384,1,0010111100001111,,,,,0.17235
SI06,greedy_ssm,384,1,0010111100010000,,,,,0.17235
SI06,greedy_ssm,384,1,0010111101110011,8.6724,8.91182,8.91182,9.4599,0.17235
SI06,greedy_ssm,384,1,0010111111010100,,,,,0.17235
SI06,greedy_ssm,384,1,0010111111101110,8.27679,8.76256,8.76256,9.28044,0.17235
SI06,greedy_ssm,384,1,0011000000011001,,,,,0.17235
SI06,greedy_ssm,384,1,0011000011010100,,,,,0.17235
SI06,greedy_ssm,384,1,0011000100101010,7.49676,8.13544,8.13544,8.88782,0.17235
SI06,greedy_ssm,384,1,0011000101110010,7.18149,7.9481,7.9481,8.81931,0.17235
SI06,greedy_ssm,384,1,0011000110000100,,,,,0.17235
SI06,greedy_ssm,384,1,0011000110011011,,,,,0.17235
SI06,greedy_ssm,384,1,0011000110011111,,,,,0.17235
SI06,greedy_ssm,384,1,0011001000000100,,,,,0.17235
SI06,greedy_ssm,384,1,0011001000110011,6.89403,8.40123,8.40123,9.00706,0.17235
SI06,greedy_ssm,384,1,0011001001010100,,,,,0.17235
SI06,greedy_ssm,384,1,0011001001110011,7.69129,8.59444,8.59444,9.13351,0.17235
SI06,greedy_ssm,384,1,0011001011011000,,,,,0.17235
SI06,greedy_ssm,384,1,0011001011011001,,,,,0.17235
SI06,greedy_ssm,384,1,0011001100000001,,,,,0.17235
SI06,greedy_ssm,384,1,0011001100010100,,,,,0.17235
SI06,greedy_ssm,384,1,0011001101100000,7.7978,8.25156,8.25156,8.90883,0.17235
SI06,greedy_ssm,384,1,0011001101110001,7.9287,8.41197,8.41197,9.06128,0.17235
SI06,greedy_ssm,384,1,0011001111011110,,,,,0.17235
SI06,greedy_ssm,384,1,0011001111100110,8.10365,8.50837,8.50837,9.3232,0.17235
SI06,greedy_ssm,384,1,0011010000101100,,,,,0.17235
SI06,greedy_ssm,384,1,0011010000111000,,,,,0.17235
SI06,greedy_ssm,384,1,0011010001000100,,,,,0.17235
SI06,greedy_ssm,384,1,0011010011111000,7.75502,8.42856,8.42856,8.62824,0.17235
SI06,greedy_ssm,384,1,0011010100100101,7.45947,8.21717,8.21717,8.88435,0.17235
SI06,greedy_ssm,384,1,0011010101101000,,,,,0.17235
SI06,greedy_ssm,384,1,0011010110010010,,,,,0.17235
SI06,greedy_ssm,384,1,0011010111000000,,,,,0.17235
SI06,greedy_ssm,384,1,0011010111011011,,,,,0.17235
SI06,greedy_ssm,384,1,0011011000100111,,,,,0.17235
SI06,greedy_ssm,384,1,0011011010010011,,,,,0.17235
SI06,greedy_ssm,384,1,0011011010111101,6.80613,8.36505,8.36505,8.98643,0.17235
SI06,greedy_ssm,384,1,0011011011111011,7.91263,8.76583,8.76583,9.21822,0.17235
SI06,greedy_ssm,384,1,0011011110100011,7.91742,8.87958,8.87958,9.29432,0.17235
SI06,greedy_ssm,384,1,0011011111011101,6.20662,8.36833,8.36833,9.15925,0.17235
SI06,greedy_ssm,384,1,0011011111111101,8.36833,8.85575,8.85575,9.30523,0.17235
SI06,greedy_ssm,384,1,0011100000000001,,,,,0.17235
SI06,greedy_ssm,384,1,0011100000111011,8.31327,8.51914,8.51914,8.88903,0.17235
SI06,greedy_ssm,384,1,0011100000111101,8.16416,8.42503,8.42503,8.54587,0.17235
SI06,greedy_ssm,384,1,0011100010001011,,,,,0.17235
SI06,greedy_ssm,384,1,0011100100010011,,,,,0.17235
SI06,greedy_ssm,384,1,0011100100011101,6.33653,8.19673,8.19673,8.71332,0.17235
SI06,greedy_ssm,384,1,0011100101010010,,,,,0.17235
SI06,greedy_ssm,384,1,0011100101010101,,,,,0.17235
SI06,greedy_ssm,384,1,0011100101011010,,,,,0.17235
SI06,greedy_ssm,384,1,0011100110010010,,,,,0.17235
SI06,greedy_ssm,384,1,0011100111100111,8.70643,9.01016,9.01016,9.52102,0.17235
SI06,greedy_ssm,384,1,0011101000101010,7.89609,8.68166,8.68166,8.93244,0.17235
SI06,greedy_ssm,384,1,0011101001111100,8.0388,8.43118,8.43118,8.99615,0.17235
SI06,greedy_ssm,384,1,0011101100001100,,,,,0.17235
SI06,greedy_ssm,384,1,0011101101011000,,,,,0.17235
SI06,greedy_ssm,384,1,0011101101110111,8.74588,9.1682,9.1682,9.55309,0.17235
SI06,greedy_ssm,384,1,0011110001000100,,,,,0.17235
SI06,greedy_ssm,384,1,0011110001000111,,,,,0.17235
SI06,greedy_ssm,384,1,0011110001010100,,,,,0.17235
SI06,greedy_ssm,384,1,0011110001101110,8.11813,8.57901,8.57901,8.89743,0.17235
SI06,greedy_ssm,384,1,0011110010000001,,,,,0.17235
SI06,greedy_ssm,384,1,0011110010101010,7.95309,8.31863,8.31863,9.06761,0.17235
SI06,greedy_ssm,384,1,0011110011100000,8.31266,8.7612,8.7612,9.0844,0.17235
SI06,greedy_ssm,384,1,0011110011110100,8.4133,8.58871,8.58871,8.941,0.17235
SI06,greedy_ssm,384,1,0011110100000111,,,,,0.17235
SI06,greedy_ssm,384,1,0011110100010111,,,,,0.17235
SI06,greedy_ssm,384,1,0011110101111010,8.03248,8.36189,8.36189,9.14086,0.17235
SI06,greedy_ssm,384,1,0011110110010110,,,,,0.17235
SI06,greedy_ssm,384,1,0011110111101001,8.50004,8.71948,8.71948,9.24052,0.17235
SI06,greedy_ssm,384,1,0011111010010100,,,,,0.17235
SI06,greedy_ssm,384,1,0011111010100100,8.28162,8.56372,8.56372,9.01875,0.17235
SI06,greedy_ssm,384,1,0011111011100101,8.89707,9.04119,9.04119,9.33775,0.17235
SI06,greedy_ssm,384,1,0011111011111101,8.55989,8.98643,8.98643,9.34207,0.17235
SI06,greedy_ssm,384,1,0011111100111000,8.40149,8.51542,8.51542,8.72138,0.17235
SI06,greedy_ssm,384,1,0011111110110001,8.68113,8.74249,8.74249,9.4599,0.17235
SI06,greedy_ssm,384,1,0011111110110010,8.20642,8.74249,8.74249,9.4599,0.17235
SI06,greedy_ssm,384,1,0011111111011001,6.57984,8.85908,8.85908,9.36479,0.17235
SI06,greedy_ssm,384,1,0011111111111000,8.49958,8.85908,8.85908,9.36479,0.17235
SI06,greedy_ssm,384,1,0100000000000101,,,,,0.17235
SI06,greedy_ssm,384,1,0100000000010011,,,,,0.17235
SI06,greedy_ssm,384,1,0100000000101010,,,,,0.17235
SI06,greedy_ssm,384,1,0100000010111011,7.26069,8.27016,8.27016,8.88536,0.17235
SI06,greedy_ssm,384,1,0100000101101110,7.79739,8.16314,8.16314,8.78263,0.17235
SI06,greedy_ssm,384,1,0100000101111110,7.45826,8.13141,8.13141,8.97342,0.17235
SI06,greedy_ssm,384,1,0100000110111101,7.58325,8.2814,8.2814,8.99431,0.17235
SI06,greedy_ssm,384,1,0100000111101011,8.42943,8.81707,8.81707,9.31014,0.17235
SI06,greedy_ssm,384,1,0100000111110110,7.69289,8.34036,8.34036,9.2361,0.17235
SI06,greedy_ssm,384,1,0100001001100011,7.44716,8.56724,8.56724,9.19272,0.17235
SI06,greedy_ssm,384,1,0100001010010111,,,,,0.17235
SI06,greedy_ssm,384,1,0100001011101000,7.65916,8.22856,8.22856,8.90102,0.17235
SI06,greedy_ssm,384,1,0100001100000011,,,,,0.17235
SI06,greedy_ssm,384,1,0100001100001110,,,,,0.17235
SI06,greedy_ssm,384,1,0100001100010100,,,,,0.17235
SI06,greedy_ssm,384,1,0100001100011101,,,,,0.17235
SI06,greedy_ssm,384,1,0100001101110110,8.00677,8.55931,8.55931,9.39342,0.17235
SI06,greedy_ssm,384,1,0100001110101111,7.81984,8.9528,8.9528,9.47392,0.17235
SI06,greedy_ssm,384,1,0100001111011010,,,,,0.17235
SI06,greedy_ssm,384,1,0100010000010110,,,,,0.17235
SI06,greedy_ssm,384,1,0100010000100001,,,,,0.17235
SI06,greedy_ssm,384,1,0100010100010011,,,,,0.17235
SI06,greedy_ssm,384,1,0100010100010111,,,,,0.17235
SI06,greedy_ssm,384,1,0100010111000110,,,,,0.17235
SI06,greedy_ssm,384,1,0100010111101111,8.2014,8.84421,8.84421,9.57734,0.17235
SI06,greedy_ssm,384,1,0100011000101010,,,,,0.17235
SI06,greedy_ssm,384,1,0100011000110010,,,,,0.17235
SI06,greedy_ssm,384,1,0100011001101010,6.18435,8.14794,8.14794,9.09965,0.17235
SI06,greedy_ssm,384,1,0100011001110100,6.75189,8.35088,8.35088,8.79397,0.17235
SI06,greedy_ssm,384,1,0100011010010001,,,,,0.17235
SI06,greedy_ssm,384,1,0100011100001010,,,,,0.17235
SI06,greedy_ssm,384,1,0100011100100000,7.12608,8.19932,8.19932,8.60351,0.17235
SI06,greedy_ssm,384,1,0100011111011111,,,,,0.17235
SI06,greedy_ssm,384,1,0100100010000010,,,,,0.17235
SI06,greedy_ssm,384,1,0100100010010111,,,,,0.17235
SI06,greedy_ssm,384,1,0100100101011100,,,,,0.17235
SI06,greedy_ssm,384,1,0100100111011001,,,,,0.17235
SI06,greedy_ssm,384,1,0100101000011000,,,,,0.17235
SI06,greedy_ssm,384,1,0100101000111110,,,,,0.17235
SI06,greedy_ssm,384,1,0100101001100111,8.08338,8.90519,8.90519,9.43698,0.17235
SI06,greedy_ssm,384,1,0100101010110010,,,,,0.17235
SI06,greedy_ssm,384,1,0100101011000011,,,,,0.17235
SI06,greedy_ssm,384,1,0100101011110101,8.13258,8.87346,8.87346,9.56383,0.17235
SI06,greedy_ssm,384,1,0100101011111110,7.85575,8.54552,8.54552,9.38423,0.17235
SI06,greedy_ssm,384,1,0100101100011111,,,,,0.17235
SI06,greedy_ssm,384,1,0100101101111100,8.36579,8.80696,8.80696,9.02935,0.17235
SI06,greedy_ssm,384,1,0100110001001111,,,,,0.17235
SI06,greedy_ssm,384,1,0100110001111111,7.75129,8.70335,8.70335,9.29372,0.17235
SI06,greedy_ssm,384,1,0100110011100110,7.93177,8.35355,8.35355,9.5706,0.17235
SI06,greedy_ssm,384,1,0100110100100001,,,,,0.17235
SI06,greedy_ssm,384,1,0100110101100000,8.0505,8.49368,8.49368,8.91128,0.17235
SI06,greedy_ssm,384,1,0100110101110011,8.61792,9.06078,9.06078,9.55594,0.17235
SI06,greedy_ssm,384,1,0100110110110010,7.54634,8.21559,8.21559,9.29408,0.17235
SI06,greedy_ssm,384,1,0100111000111100,,,,,0.17235
SI06,greedy_ssm,384,1,0100111010100110,,,,,0.17235
SI06,greedy_ssm,384,1,0100111011001001,,,,,0.17235
SI06,greedy_ssm,384,1,0100111011001100,,,,,0.17235
SI06,greedy_ssm,384,1,0100111101011000,,,,,0.17235
SI06,greedy_ssm,384,1,0100111101101110,8.19894,8.77168,8.77168,9.57734,0.17235
SI06,greedy_ssm,384,1,0101000000011011,,,,,0.17235
SI06,greedy_ssm,384,1,0101000010000101,,,,,0.17235
SI06,greedy_ssm,384,1,0101000010011000,,,,,0.17235
SI06,greedy_ssm,384,1,0101000011000101,,,,,0.17235
SI06,greedy_ssm,384,1,0101000100000100,,,,,0.17235
SI06,greedy_ssm,384,1,0101000100010101,,,,,0.17235
SI06,greedy_ssm,384,1,0101000111000011,,,,,0.17235
SI06,greedy_ssm,384,1,0101001001101100,,,,,0.17235
SI06,greedy_ssm,384,1,0101001101010100,,,,,0.17235
SI06,greedy_ssm,384,1,0101001111010101,,,,,0.17235
SI06,greedy_ssm,384,1,0101010000111001,,,,,0.17235
SI06,greedy_ssm,384,1,0101010001111000,,,,,0.17235
SI06,greedy_ssm,384,1,0101010010010010,,,,,0.17235
SI06,greedy_ssm,384,1,0101010011100100,,,,,0.17235
SI06,greedy_ssm,384,1,0101010100110011,,,,,0.17235
SI06,greedy_ssm,384,1,0101010101100010,,,,,0.17235
SI06,greedy_ssm,384,1,0101010110011110,,,,,0.17235
SI06,greedy_ssm,384,1,0101010110110100,,,,,0.17235
SI06,greedy_ssm,384,1,0101010110111111,6.2202,8.57924,8.57924,9.67119,0.17235
SI06,greedy_ssm,384,1,0101010111001011,,,,,0.17235
SI06,greedy_ssm,384,1,0101011000010001,,,,,0.17235
SI06,greedy_ssm,384,1,0101011000011000,,,,,0.17235
SI06,greedy_ssm,384,1,0101011000101111,,,,,0.17235
SI06,greedy_ssm,384,1,0101011010011010,,,,,0.17235
SI06,greedy_ssm,384,1,0101011010101101,,,,,0.17235
SI06,greedy_ssm,384,1,0101011010111001,,,,,0.17235
SI06,greedy_ssm,384,1,0101011011011100,,,,,0.17235
SI06,greedy_ssm,384,1,0101011101110101,7.90207,8.94152,8.94152,9.64155,0.17235
SI06,greedy_ssm,384,1,0101011110000001,,,,,0.17235
SI06,greedy_ssm,384,1,0101011110001001,,,,,0.17235
SI06,greedy_ssm,384,1,0101011110110010,7.03508,8.2676,8.2676,9.44717,0.17235
SI06,greedy_ssm,384,1,0101011111000011,,,,,0.17235
SI06,greedy_ssm,384,1,0101100000100101,7.63062,8.40511,8.40511,9.22004,0.17235
SI06,greedy_ssm,384,1,0101100010010000,,,,,0.17235
SI06,greedy_ssm,384,1,0101101010101111,8.09731,9.22318,9.22318,9.65068,0.17235
SI06,greedy_ssm,384,1,0101101011000011,6.65996,9.17189,9.17189,9.73616,0.17235
SI06,greedy_ssm,384,1,0101101011010001,6.48346,8.79249,8.79249,9.46947,0.17235
SI06,greedy_ssm,384,1,0101101011010010,,,,,0.17235
SI06,greedy_ssm,384,1,0101101100010000,,,,,0.17235
SI06,greedy_ssm,384,1,0101101110100111,8.80032,9.52102,9.52102,9.73616,0.17235
SI06,greedy_ssm,384,1,0101101111110001,9.02407,9.46646,9.46646,9.73616,0.17235
SI06,greedy_ssm,384,1,0101101111111011,9.45278,9.66331,9.66331,9.71603,0.17235
SI06,greedy_ssm,384,1,0101110010001100,,,,,0.17235
SI06,greedy_ssm,384,1,0101110011101010,8.53003,9.19747,9.19747,9.50905,0.17235
SI06,greedy_ssm,384,1,0101110110000001,,,,,0.17235
SI06,greedy_ssm,384,1,0101110110101000,8.00616,8.37451,8.37451,9.09421,0.17235
SI06,greedy_ssm,384,1,0101110110101110,8.07756,8.46955,8.46955,9.57734,0.17235
SI06,greedy_ssm,384,1,0101110110111110,8.08823,8.57924,8.57924,9.67119,0.17235
SI06,greedy_ssm,384,1,0101110111001000,,,,,0.17235
SI06,greedy_ssm,384,1,0101111010001111,,,,,0.17235
SI06,greedy_ssm,384,1,0101111011000110,,,,,0.17235
SI06,greedy_ssm,384,1,0101111011110010,8.46709,9.16008,9.16008,9.71095,0.17235
SI06,greedy_ssm,384,1,0101111011111100,8.66616,9.02935,9.02935,9.49638,0.17235
SI06,greedy_ssm,384,1,0101111100010010,,,,,0.17235
SI06,greedy_ssm,384,1,0101111100101000,8.12158,8.66949,8.66949,9.15856,0.17235
SI06,greedy_ssm,384,1,0101111100101011,8.79449,9.17726,9.17726,9.5988,0.17235
SI06,greedy_ssm,384,1,0101111110000011,,,,,0.17235
SI06,greedy_ssm,384,1,0101111110011101,,,,,0.17235
SI06,greedy_ssm,384,1,0101111110111011,9.09219,9.49201,9.49201,9.71603,0.17235
SI06,greedy_ssm,384,1,0110000001010010,,,,,0.17235
SI06,greedy_ssm,384,1,0110000001101001,8.21066,8.47849,8.47849,8.9199,0.17235
SI06,greedy_ssm,384,1,0110000001110110,7.81134,8.44621,8.44621,8.90416,0.17235
SI06,greedy_ssm,384,1,0110000010011011,,,,,0.17235
SI06,greedy_ssm,384,1,0110000011011001,,,,,0.17235
SI06,greedy_ssm,384,1,0110000011111011,8.56827,8.88536,8.88536,9.37387,0.17235
SI06,greedy_ssm,384,1,0110000100100111,8.42936,8.79504,8.79504,9.08563,0.17235
SI06,greedy_ssm,384,1,0110000100101111,8.31928,8.69927,8.69927,9.03058,0.17235
SI06,greedy_ssm,384,1,0110000101110111,8.34403,8.78698,8.78698,9.31862,0.17235
SI06,greedy_ssm,384,1,0110000110000010,,,,,0.17235
SI06,greedy_ssm,384,1,0110001000010011,6.18531,8.01268,8.01268,8.99502,0.17235
SI06,greedy_ssm,384,1,0110001000011111,6.44341,7.91232,7.91232,8.88405,0.17235
SI06,greedy_ssm,384,1,0110001000110101,7.85669,8.41208,8.41208,8.86684,0.17235
SI06,greedy_ssm,384,1,0110001001010000,,,,,0.17235
SI06,greedy_ssm,384,1,0110001100000011,,,,,0.17235
SI06,greedy_ssm,384,1,0110001100111110,8.12908,8.41012,8.41012,9.05056,0.17235
SI06,greedy_ssm,384,1,0110001110101001,8.41127,8.67377,8.67377,9.31014,0.17235
SI06,greedy_ssm,384,1,0110001111010001,6.59973,8.7397,8.7397,9.37989,0.17235
SI06,greedy_ssm,384,1,0110010010110101,7.92833,8.46143,8.46143,8.99539,0.17235
SI06,greedy_ssm,384,1,0110010100000101,,,,,0.17235
SI06,greedy_ssm,384,1,0110010101101000,8.01003,8.28477,8.28477,8.72068,0.17235
SI06,greedy_ssm,384,1,0110010110100101,8.17948,8.47802,8.47802,9.1821,0.17235
SI06,greedy_ssm,384,1,0110010111101110,8.32324,8.70629,8.70629,9.37608,0.17235
SI06,greedy_ssm,384,1,0110010111110100,8.53702,8.79397,8.79397,9.07791,0.17235
SI06,greedy_ssm,384,1,0110011001010010,,,,,0.17235
SI06,greedy_ssm,384,1,0110011010001100,,,,,0.17235
SI06,greedy_ssm,384,1,0110011010100001,7.8076,8.78365,8.78365,9.19756,0.17235
SI06,greedy_ssm,384,1,0110011010101011,7.95262,9.09965,9.09965,9.38081,0.17235
SI06,greedy_ssm,384,1,0110011011110001,8.62825,9.02241,9.02241,9.51729,0.17235
SI06,greedy_ssm,384,1,0110011011110011,9.02241,9.15145,9.15145,9.51729,0.17235
SI06,greedy_ssm,384,1,0110011110100111,8.7351,9.12721,9.12721,9.48779,0.17235
SI06,greedy_ssm,384,1,0110011111100000,8.67713,8.92264,8.92264,9.48779,0.17235
SI06,greedy_ssm,384,1,0110011111111110,8.61029,9.1731,9.1731,9.37608,0.17235
SI06,greedy_ssm,384,1,0110100001001101,,,,,0.17235
SI06,greedy_ssm,384,1,0110100010100101,7.21421,8.20831,8.20831,8.74483,0.17235
SI06,greedy_ssm,384,1,0110100010101100,6.98808,8.19031,8.19031,8.59588,0.17235
SI06,greedy_ssm,384,1,0110100011010101,,,,,0.17235
SI06,greedy_ssm,384,1,0110100100000001,,,,,0.17235
SI06,greedy_ssm,384,1,0110100101100001,7.93879,8.2761,8.2761,8.84225,0.17235
SI06,greedy_ssm,384,1,0110100101101000,,,,,0.17235
SI06,greedy_ssm,384,1,0110100110001111,,,,,0.17235
SI06,greedy_ssm,384,1,0110100110010101,,,,,0.17235
SI06,greedy_ssm,384,1,0110100110100111,7.9549,8.52096,8.52096,9.09116,0.17235
SI06,greedy_ssm,384,1,0110101000110010,7.0957,7.98558,7.98558,9.00706,0.17235
SI06,greedy_ssm,384,1,0110101001001010,,,,,0.17235
SI06,greedy_ssm,384,1,0110101001100001,7.8307,8.35486,8.35486,9.08974,0.17235
SI06,greedy_ssm,384,1,0110101001100101,8.04991,8.35911,8.35911,9.27136,0.17235
SI06,greedy_ssm,384,1,0110101011000101,,,,,0.17235
SI06,greedy_ssm,384,1,0110101011111010,7.88123,8.3686,8.3686,9.19051,0.17235
SI06,greedy_ssm,384,1,0110101100000111,6.12896,8.40103,8.40103,9.10796,0.17235
SI06,greedy_ssm,384,1,0110101101000110,,,,,0.17235
SI06,greedy_ssm,384,1,0110101101101101,8.2204,8.50316,8.50316,9.10728,0.17235
SI06,greedy_ssm,384,1,0110101110010011,,,,,0.17235
SI06,greedy_ssm,384,1,0110101110011011,6.36991,8.33728,8.33728,9.10318,0.17235
SI06,greedy_ssm,384,1,0110110001101001,,,,,0.17235
SI06,greedy_ssm,384,1,0110110001110001,8.08532,8.31835,8.31835,8.80142,0.17235
SI06,greedy_ssm,384,1,0110110010101110,7.78349,8.22896,8.22896,8.63618,0.17235
SI06,greedy_ssm,384,1,0110110011100101,8.27417,8.63492,8.63492,9.25414,0.17235
SI06,greedy_ssm,384,1,0110111001100010,7.83011,8.37627,8.37627,9.09272,0.17235
SI06,greedy_ssm,384,1,0110111001100100,8.14979,8.40181,8.40181,8.82822,0.17235
SI06,greedy_ssm,384,1,0110111001100111,8.22502,8.75911,8.75911,9.27073,0.17235
SI06,greedy_ssm,384,1,0110111001110010,7.78791,8.38065,8.38065,9.06161,0.17235
SI06,greedy_ssm,384,1,0110111001110101,8.32386,8.55792,8.55792,9.04058,0.17235
SI06,greedy_ssm,384,1,0110111011001000,,,,,0.17235
SI06,greedy_ssm,384,1,0110111011001010,,,,,0.17235
SI06,greedy_ssm,384,1,0110111100010100,,,,,0.17235
SI06,greedy_ssm,384,1,0110111100011100,,,,,0.17235
SI06,greedy_ssm,384,1,0110111101001111,6.29346,8.48467,8.48467,9.14888,0.17235
SI06,greedy_ssm,384,1,0110111101101110,8.17262,8.48467,8.48467,9.14888,0.17235
SI06,greedy_ssm,384,1,0110111110011110,,,,,0.17235
SI06,greedy_ssm,384,1,0110111110100010,7.92914,8.49492,8.49492,9.1422,0.17235
SI06,greedy_ssm,384,1,0111000001001101,,,,,0.17235
SI06,greedy_ssm,384,1,0111000011101010,7.52871,8.40115,8.40115,9.02295,0.17235
SI06,greedy_ssm,384,1,0111000011111111,8.1446,8.5479,8.5479,9.08568,0.17235
SI06,greedy_ssm,384,1,0111000100101000,7.60438,8.10468,8.10468,8.64352,0.17235
SI06,greedy_ssm,384,1,0111000101110000,7.55075,8.10231,8.10231,8.57687,0.17235
SI06,greedy_ssm,384,1,0111000101111011,8.11064,8.38983,8.38983,9.24172,0.17235
SI06,greedy_ssm,384,1,0111001000000011,,,,,0.17235
SI06,greedy_ssm,384,1,0111001010011001,,,,,0.17235
SI06,greedy_ssm,384,1,0111001011100000,8.20147,8.55342,8.55342,8.94552,0.17235
SI06,greedy_ssm,384,1,0111001100001001,,,,,0.17235
SI06,greedy_ssm,384,1,0111001110001111,,,,,0.17235
SI06,greedy_ssm,384,1,0111001110100110,7.78999,8.20048,8.20048,9.01841,0.17235
SI06,greedy_ssm,384,1,0111001110101010,7.62951,8.36867,8.36867,9.14407,0.17235
SI06,greedy_ssm,384,1,0111001111001111,,,,,0.17235
SI06,greedy_ssm,384,1,0111010001010110,,,,,0.17235
SI06,greedy_ssm,384,1,0111010001101101,,,,,0.17235
SI06,greedy_ssm,384,1,0111010011010010,,,,,0.17235
SI06,greedy_ssm,384,1,0111010110001100,,,,,0.17235
SI06,greedy_ssm,384,1,0111010110111101,7.92722,8.51316,8.51316,8.90368,0.17235
SI06,greedy_ssm,384,1,0111010111001111,,,,,0.17235
SI06,greedy_ssm,384,1,0111010111101111,8.21787,8.83955,8.83955,9.37608,0.17235
SI06,greedy_ssm,384,1,0111011000010011,,,,,0.17235
SI06,greedy_ssm,384,1,0111011011100000,8.10826,8.64515,8.64515,9.06912,0.17235
SI06,greedy_ssm,384,1,0111011110100001,7.60625,8.60257,8.60257,9.1422,0.17235
SI06,greedy_ssm,384,1,0111100000110001,8.05068,8.52122,8.52122,9.00489,0.17235
SI06,greedy_ssm,384,1,0111100001000001,,,,,0.17235
SI06,greedy_ssm,384,1,0111100001111111,8.309,8.67849,8.67849,9.19249,0.17235
SI06,greedy_ssm,384,1,0111100011100010,8.21889,8.61264,8.61264,9.36761,0.17235
SI06,greedy_ssm,384,1,0111100011110100,8.29305,8.612,8.612,9.12701,0.17235
SI06,greedy_ssm,384,1,0111100111100101,8.42486,8.74837,8.74837,9.47913,0.17235
SI06,greedy_ssm,384,1,0111101001011100,,,,,0.17235
SI06,greedy_ssm,384,1,0111101001100010,8.02125,8.44475,8.44475,9.40213,0.17235
SI06,greedy_ssm,384,1,0111101010011011,6.68779,8.31529,8.31529,9.10318,0.17235
SI06,greedy_ssm,384,1,0111101011010111,7.163,8.71941,8.71941,9.40839,0.17235
SI06,greedy_ssm,384,1,0111101110001110,,,,,0.17235
SI06,greedy_ssm,384,1,0111101110111100,8.51644,8.88064,8.88064,9.05427,0.17235
SI06,greedy_ssm,384,1,0111101111110000,8.59781,9.02983,9.02983,9.41388,0.17235
SI06,greedy_ssm,384,1,0111110000000010,,,,,0.17235
SI06,greedy_ssm,384,1,0111110000101011,8.35824,8.88862,8.88862,9.24529,0.17235
SI06,greedy_ssm,384,1,0111110000111011,8.42755,8.72354,8.72354,9.21308,0.17235
SI06,greedy_ssm,384,1,0111110100010110,,,,,0.17235
SI06,greedy_ssm,384,1,0111110110001010,,,,,0.17235
SI06,greedy_ssm,384,1,0111111011000101,6.66342,8.79608,8.79608,9.41166,0.17235
SI06,greedy_ssm,384,1,0111111011010001,7.03562,8.71782,8.71782,9.34765,0.17235
SI06,greedy_ssm,384,1,0111111011011011,7.12731,8.83122,8.83122,9.39127,0.17235
SI06,greedy_ssm,384,1,0111111011101010,8.508,9.09237,9.09237,9.50905,0.17235
SI06,greedy_ssm,384,1,0111111100001110,,,,,0.17235
SI06,greedy_ssm,384,1,1000000000100010,,,,,0.17235
SI06,greedy_ssm,384,1,1000000011111000,,,,,0.17235
SI06,greedy_ssm,384,1,1000000110001110,,,,,0.17235
SI06,greedy_ssm,384,1,1000000111110111,7.95008,8.77718,8.77718,9.44862,0.17235
SI06,greedy_ssm,384,1,1000001010010101,,,,,0.17235
SI06,greedy_ssm,384,1,1000001010111111,,,,,0.17235
SI06,greedy_ssm,384,1,1000001011000011,,,,,0.17235
SI06,greedy_ssm,384,1,1000001100000011,,,,,0.17235
SI06,greedy_ssm,384,1,1000001100101011,7.28425,8.36578,8.36578,9.03058,0.17235
SI06,greedy_ssm,384,1,1000001100110001,6.89703,8.1305,8.1305,8.99502,0.17235
SI06,greedy_ssm,384,1,1000001101000011,,,,,0.17235
SI06,greedy_ssm,384,1,1000001101111011,8.14094,8.91268,8.91268,9.45015,0.17235
SI06,greedy_ssm,384,1,1000001110000101,,,,,0.17235
SI06,greedy_ssm,384,1,1000001110101011,7.29987,8.49841,8.49841,9.3919,0.17235
SI06,greedy_ssm,384,1,1000010000011100,,,,,0.17235
SI06,greedy_ssm,384,1,1000010000111011,6.47551,8.08649,8.08649,8.81368,0.17235
SI06,greedy_ssm,384,1,1000010000111111,,,,,0.17235
SI06,greedy_ssm,384,1,1000010001010111,,,,,0.17235
SI06,greedy_ssm,384,1,1000010011011110,,,,,0.17235
SI06,greedy_ssm,384,1,1000010100110011,7.14751,8.41162,8.41162,8.88593,0.17235
SI06,greedy_ssm,384,1,1000010101000001,,,,,0.17235
SI06,greedy_ssm,384,1,1000010101011000,,,,,0.17235
SI06,greedy_ssm,384,1,1000010101101111,7.76015,8.57749,8.57749,9.22147,0.17235
SI06,greedy_ssm,384,1,1000011000011000,,,,,0.17235
SI06,greedy_ssm,384,1,1000011000101110,,,,,0.17235
SI06,greedy_ssm,384,1,1000011001000000,,,,,0.17235
SI06,greedy_ssm,384,1,1000011010100011,,,,,0.17235
SI06,greedy_ssm,384,1,1000011011001001,,,,,0.17235
SI06,greedy_ssm,384,1,1000011101100000,7.70064,8.45152,8.45152,8.97342,0.17235
SI06,greedy_ssm,384,1,1000011110011010,,,,,0.17235
SI06,greedy_ssm,384,1,1000011110111100,7.44408,8.19398,8.19398,8.98607,0.17235
SI06,greedy_ssm,384,1,1000100000011101,,,,,0.17235
SI06,greedy_ssm,384,1,1000100010111011,,,,,0.17235
SI06,greedy_ssm,384,1,1000100011010011,,,,,0.17235
SI06,greedy_ssm,384,1,1000100011011110,,,,,0.17235
SI06,greedy_ssm,384,1,1000100011100110,8.09017,8.53899,8.53899,9.47559,0.17235
SI06,greedy_ssm,384,1,1000100011110110,8.0501,8.43417,8.43417,9.16005,0.17235
SI06,greedy_ssm,384,1,1000100100110011,6.95184,8.53024,8.53024,9.22761,0.17235
SI06,greedy_ssm,384,1,1000100101000100,,,,,0.17235
SI06,greedy_ssm,384,1,1000101000000101,,,,,0.17235
SI06,greedy_ssm,384,1,1000101000000111,,,,,0.17235
SI06,greedy_ssm,384,1,1000101001100011,8.16428,9.13712,9.13712,9.60851,0.17235
SI06,greedy_ssm,384,1,1000101011100111,8.40441,9.30418,9.30418,9.62669,0.17235
SI06,greedy_ssm,384,1,1000101100010010,,,,,0.17235
SI06,greedy_ssm,384,1,1000101100101001,7.41008,8.41564,8.41564,9.15706,0.17235
SI06,greedy_ssm,384,1,1000101110001100,,,,,0.17235
SI06,greedy_ssm,384,1,1000101110010111,,,,,0.17235
SI06,greedy_ssm,384,1,1000101110101100,7.47897,8.55105,8.55105,9.30648,0.17235
SI06,greedy_ssm,384,1,1000110000001001,,,,,0.17235
SI06,greedy_ssm,384,1,1000110001000011,,,,,0.17235
SI06,greedy_ssm,384,1,1000110001101100,7.43668,8.3844,8.3844,8.87136,0.17235
SI06,greedy_ssm,384,1,1000110011001000,,,,,0.17235
SI06,greedy_ssm,384,1,1000110011010000,,,,,0.17235
SI06,greedy_ssm,384,1,1000110011100000,8.01389,8.7888,8.7888,9.1673,0.17235
SI06,greedy_ssm,384,1,1000110100000000,,,,,0.17235
SI06,greedy_ssm,384,1,1000110100110111,7.08709,8.66903,8.66903,9.38585,0.17235
SI06,greedy_ssm,384,1,1000110110100111,7.16114,8.74195,8.74195,9.36261,0.17235
SI06,greedy_ssm,384,1,1000111000100101,,,,,0.17235
SI06,greedy_ssm,384,1,1000111001001100,,,,,0.17235
SI06,greedy_ssm,384,1,1000111010000001,,,,,0.17235
SI06,greedy_ssm,384,1,1000111011101101,8.35343,8.88472,8.88472,9.62967,0.17235
SI06,greedy_ssm,384,1,1000111100000111,,,,,0.17235
SI06,greedy_ssm,384,1,1000111100011111,,,,,0.17235
SI06,greedy_ssm,384,1,1000111100100110,,,,,0.17235
SI06,greedy_ssm,384,1,1000111100111110,7.36268,8.44208,8.44208,9.23421,0.17235
SI06,greedy_ssm,384,1,1000111101010101,,,,,0.17235
SI06,greedy_ssm,384,1,1000111101011101,,,,,0.17235
SI06,greedy_ssm,384,1,1000111101101011,8.71442,9.15082,9.15082,9.63947,0.17235
SI06,greedy_ssm,384,1,1000111101110101,8.81426,9.09166,9.09166,9.67993,0.17235
SI06,greedy_ssm,384,1,1000111110000010,,,,,0.17235
SI06,greedy_ssm,384,1,1000111111110001,8.96839,9.25085,9.25085,9.71095,0.17235
SI06,greedy_ssm,384,1,1000111111111110,8.60087,9.19085,9.19085,9.67993,0.17235
SI06,greedy_ssm,384,1,1001000000001011,,,,,0.17235
SI06,greedy_ssm,384,1,1001000001010000,,,,,0.17235
SI06,greedy_ssm,384,1,1001000010000101,,,,,0.17235
SI06,greedy_ssm,384,1,1001000011110000,,,,,0.17235
SI06,greedy_ssm,384,1,1001000011111100,,,,,0.17235
SI06,greedy_ssm,384,1,1001000011111101,,,,,0.17235
SI06,greedy_ssm,384,1,1001000100000001,,,,,0.17235
SI06,greedy_ssm,384,1,1001000101111100,,,,,0.17235
SI06,greedy_ssm,384,1,1001000110000110,,,,,0.17235
SI06,greedy_ssm,384,1,1001000111000101,,,,,0.17235
SI06,greedy_ssm,384,1,1001001001000101,,,,,0.17235
SI06,greedy_ssm,384,1,1001001001011010,,,,,0.17235
SI06,greedy_ssm,384,1,1001001111011010,,,,,0.17235
SI06,greedy_ssm,384,1,1001010010011110,,,,,0.17235
SI06,greedy_ssm,384,1,1001010100001111,,,,,0.17235
SI06,greedy_ssm,384,1,1001010101011110,,,,,0.17235
SI06,greedy_ssm,384,1,1001010110100111,,,,,0.17235
SI06,greedy_ssm,384,1,1001010110111100,,,,,0.17235
SI06,greedy_ssm,384,1,1001011000010110,,,,,0.17235
SI06,greedy_ssm,384,1,1001011001100000,,,,,0.17235
SI06,greedy_ssm,384,1,1001011010011100,,,,,0.17235
SI06,greedy_ssm,384,1,1001011011110100,,,,,0.17235
SI06,greedy_ssm,384,1,1001011100000001,,,,,0.17235
SI06,greedy_ssm,384,1,1001011100110000,,,,,0.17235
SI06,greedy_ssm,384,1,1001011101010101,,,,,0.17235
SI06,greedy_ssm,384,1,1001011101100110,,,,,0.17235
SI06,greedy_ssm,384,1,1001011110111010,,,,,0.17235
SI06,greedy_ssm,384,1,1001100000001011,,,,,0.17235
SI06,greedy_ssm,384,1,1001100001110000,8.57674,8.664,8.664,9.22696,0.17235
SI06,greedy_ssm,384,1,1001100010001011,,,,,0.17235
SI06,greedy_ssm,384,1,1001100110001011,,,,,0.17235
SI06,greedy_ssm,384,1,1001100110101001,8.17479,8.73646,8.73646,9.37953,0.17235
SI06,greedy_ssm,384,1,1001100110111011,8.49097,9.08428,9.08428,9.66331,0.17235
SI06,greedy_ssm,384,1,1001100111011100,,,,,0.17235
SI06,greedy_ssm,384,1,1001100111101100,8.46814,8.79814,8.79814,9.2856,0.17235
SI06,greedy_ssm,384,1,1001101000110101,7.83793,8.61254,8.61254,9.21995,0.17235
SI06,greedy_ssm,384,1,1001101001100100,8.78279,8.92398,8.92398,9.38544,0.17235
SI06,greedy_ssm,384,1,1001101010110011,7.89684,9.21377,9.21377,9.69467,0.17235
SI06,greedy_ssm,384,1,1001101011011011,6.41741,9.14567,9.14567,9.66331,0.17235
SI06,greedy_ssm,384,1,1001101011111111,9.11489,9.45122,9.45122,9.69761,0.17235
SI06,greedy_ssm,384,1,1001101100000011,,,,,0.17235
SI06,greedy_ssm,384,1,1001101100011011,,,,,0.17235
SI06,greedy_ssm,384,1,1001101101101010,8.51033,9.06062,9.06062,9.58677,0.17235
SI06,greedy_ssm,384,1,1001101110010011,,,,,0.17235
SI06,greedy_ssm,384,1,1001101111011111,7.12967,9.36288,9.36288,9.69761,0.17235
SI06,greedy_ssm,384,1,1001110000000110,,,,,0.17235
SI06,greedy_ssm,384,1,1001110001111110,8.40192,8.82544,8.82544,9.29372,0.17235
SI06,greedy_ssm,384,1,1001110010011010,,,,,0.17235
SI06,greedy_ssm,384,1,1001110010110101,8.13805,8.9223,8.9223,9.29131,0.17235
SI06,greedy_ssm,384,1,1001110100101000,8.09029,8.36795,8.36795,8.91128,0.17235
SI06,greedy_ssm,384,1,1001110100101110,8.13315,8.45708,8.45708,9.16879,0.17235
SI06,greedy_ssm,384,1,1001110101101000,8.36795,8.75022,8.75022,8.91128,0.17235
SI06,greedy_ssm,384,1,1001110101111100,8.41032,8.82318,8.82318,9.34877,0.17235
SI06,greedy_ssm,384,1,1001110110100111,8.4551,9.08407,9.08407,9.7021,0.17235
SI06,greedy_ssm,384,1,1001111000100110,7.44836,8.41617,8.41617,9.3202,0.17235
SI06,greedy_ssm,384,1,1001111010010100,,,,,0.17235
SI06,greedy_ssm,384,1,1001111010101011,8.08337,9.24812,9.24812,9.62967,0.17235
SI06,greedy_ssm,384,1,1001111010101110,7.68935,8.76886,8.76886,9.62967,0.17235
SI06,greedy_ssm,384,1,1001111011001001,,,,,0.17235
SI06,greedy_ssm,384,1,1001111011100001,9.09323,9.34483,9.34483,9.76193,0.17235
SI06,greedy_ssm,384,1,1001111011100110,8.52763,9.2473,9.2473,9.7021,0.17235
SI06,greedy_ssm,384,1,1001111110011110,,,,,0.17235
SI06,greedy_ssm,384,1,1010000011101110,8.21219,8.55351,8.55351,9.13896,0.17235
SI06,greedy_ssm,384,1,1010000101110110,7.97963,8.39468,8.39468,9.13324,0.17235
SI06,greedy_ssm,384,1,1010000111101011,8.53697,8.95217,8.95217,9.38453,0.17235
SI06,greedy_ssm,384,1,1010001010010110,,,,,0.17235
SI06,greedy_ssm,384,1,1010001010100010,6.52742,8.09553,8.09553,9.19331,0.17235
SI06,greedy_ssm,384,1,1010001010111110,7.18382,8.22442,8.22442,8.94207,0.17235
SI06,greedy_ssm,384,1,1010001100011110,,,,,0.17235
SI06,greedy_ssm,384,1,1010001101011010,,,,,0.17235
SI06,greedy_ssm,384,1,1010001101101111,8.52413,8.91856,8.91856,9.37608,0.17235
SI06,greedy_ssm,384,1,1010001110100100,8.00704,8.58085,8.58085,9.06106,0.17235
SI06,greedy_ssm,384,1,1010001111001101,,,,,0.17235
SI06,greedy_ssm,384,1,1010001111011010,,,,,0.17235
SI06,greedy_ssm,384,1,1010010000011001,,,,,0.17235
SI06,greedy_ssm,384,1,1010010001000110,,,,,0.17235
SI06,greedy_ssm,384,1,1010010010010101,,,,,0.17235
SI06,greedy_ssm,384,1,1010010010111110,7.40658,8.21909,8.21909,8.762,0.17235
SI06,greedy_ssm,384,1,1010010011110000,8.43898,8.53799,8.53799,8.94169,0.17235
SI06,greedy_ssm,384,1,1010011000110101,7.75149,8.24906,8.24906,8.99556,0.17235
SI06,greedy_ssm,384,1,1010011100101011,8.37406,8.92572,8.92572,9.27484,0.17235
SI06,greedy_ssm,384,1,1010011101100001,8.33767,8.66988,8.66988,9.48779,0.17235
SI06,greedy_ssm,384,1,1010011110000011,,,,,0.17235
SI06,greedy_ssm,384,1,1010011111010011,6.91876,8.96079,8.96079,9.51729,0.17235
SI06,greedy_ssm,384,1,1010100001110100,7.97285,8.33348,8.33348,8.76247,0.17235
SI06,greedy_ssm,384,1,1010100011110011,8.38091,8.67659,8.67659,9.26693,0.17235
SI06,greedy_ssm,384,1,1010100100011100,,,,,0.17235
SI06,greedy_ssm,384,1,1010100100111001,8.36494,8.53322,8.53322,8.88857,0.17235
SI06,greedy_ssm,384,1,1010100101100100,7.81391,8.29043,8.29043,8.72859,0.17235
SI06,greedy_ssm,384,1,1010100110000000,,,,,0.17235
SI06,greedy_ssm,384,1,1010100110011010,,,,,0.17235
SI06,greedy_ssm,384,1,1010100110100001,8.02942,8.31061,8.31061,8.7967,0.17235
SI06,greedy_ssm,384,1,1010100110101111,8.20642,8.49868,8.49868,9.04692,0.17235
SI06,greedy_ssm,384,1,1010101000100110,7.37934,8.13621,8.13621,8.67653,0.17235
SI06,greedy_ssm,384,1,1010101001100000,7.98794,8.39808,8.39808,8.87012,0.17235
SI06,greedy_ssm,384,1,1010101001110100,8.09002,8.4224,8.4224,8.82723,0.17235
SI06,greedy_ssm,384,1,1010101100101111,8.48651,8.92537,8.92537,9.2716,0.17235
SI06,greedy_ssm,384,1,1010101101010101,,,,,0.17235
SI06,greedy_ssm,384,1,1010110000101001,7.74937,8.53371,8.53371,8.88862,0.17235
SI06,greedy_ssm,384,1,1010110000110110,7.68657,8.14096,8.14096,8.6439,0.17235
SI06,greedy_ssm,384,1,1010110010010111,,,,,0.17235
SI06,greedy_ssm,384,1,1010110010100000,7.32316,8.32864,8.32864,8.7888,0.17235
SI06,greedy_ssm,384,1,1010110100011100,,,,,0.17235
SI06,greedy_ssm,384,1,1010110110111001,8.2681,8.46526,8.46526,8.96113,0.17235
SI06,greedy_ssm,384,1,1010110111001100,,,,,0.17235
SI06,greedy_ssm,384,1,1010111010010110,,,,,0.17235
SI06,greedy_ssm,384,1,1010111010111011,8.00187,8.52232,8.52232,9.3076,0.17235
SI06,greedy_ssm,384,1,1010111011110001,8.55372,8.80269,8.80269,9.34765,0.17235
SI06,greedy_ssm,384,1,1010111011111010,8.1845,8.49766,8.49766,9.3076,0.17235
SI06,greedy_ssm,384,1,1010111101000010,,,,,0.17235
SI06,greedy_ssm,384,1,1010111101100000,8.31832,8.56278,8.56278,8.98394,0.17235
SI06,greedy_ssm,384,1,1011000001001110,,,,,0.17235
SI06,greedy_ssm,384,1,1011000100000100,,,,,0.17235
SI06,greedy_ssm,384,1,1011000101100010,,,,,0.17235
SI06,greedy_ssm,384,1,1011000110100101,7.11718,8.36559,8.36559,8.99812,0.17235
SI06,greedy_ssm,384,1,1011000110110111,7.81106,8.67758,8.67758,9.21899,0.17235
SI06,greedy_ssm,384,1,1011000111101001,8.0357,8.39674,8.39674,9.08151,0.17235
SI06,greedy_ssm,384,1,1011001001010100,,,,,0.17235
SI06,greedy_ssm,384,1,1011001001100011,7.95179,8.84595,8.84595,9.35244,0.17235
SI06,greedy_ssm,384,1,1011001001110101,7.40731,8.43303,8.43303,8.95518,0.17235
SI06,greedy_ssm,384,1,1011001010000001,,,,,0.17235
SI06,greedy_ssm,384,1,1011001010000111,,,,,0.17235
SI06,greedy_ssm,384,1,1011001010101110,6.45578,8.15373,8.15373,8.94936,0.17235
SI06,greedy_ssm,384,1,1011001011001110,,,,,0.17235
SI06,greedy_ssm,384,1,1011001011111010,7.83955,8.40891,8.40891,9.19051,0.17235
SI06,greedy_ssm,384,1,1011001100001101,,,,,0.17235
SI06,greedy_ssm,384,1,1011001100101111,7.81012,8.92537,8.92537,9.2716,0.17235
SI06,greedy_ssm,384,1,1011001100111100,7.6313,8.57375,8.57375,8.88064,0.17235
SI06,greedy_ssm,384,1,1011001110011101,,,,,0.17235
SI06,greedy_ssm,384,1,1011001110110100,7.77871,8.56074,8.56074,9.01591,0.17235
SI06,greedy_ssm,384,1,1011001110111100,7.67962,8.60165,8.60165,8.91227,0.17235
SI06,greedy_ssm,384,1,1011001111100010,8.03564,8.50833,8.50833,9.43515,0.17235
SI06,greedy_ssm,384,1,1011001111100111,8.4318,9.01008,9.01008,9.62669,0.17235
SI06,greedy_ssm,384,1,1011010011000010,,,,,0.17235
SI06,greedy_ssm,384,1,1011010011100100,8.10364,8.56396,8.56396,9.01875,0.17235
SI06,greedy_ssm,384,1,1011010011110000,7.90739,8.43898,8.43898,8.76911,0.17235
SI06,greedy_ssm,384,1,1011010100001110,,,,,0.17235
SI06,greedy_ssm,384,1,1011010100110100,7.74996,8.31533,8.31533,8.78427,0.17235
SI06,greedy_ssm,384,1,1011010101110100,7.66251,8.31351,8.31351,8.93688,0.17235
SI06,greedy_ssm,384,1,1011010101110111,7.86862,8.52919,8.52919,9.29883,0.17235
SI06,greedy_ssm,384,1,1011010110000101,,,,,0.17235
SI06,greedy_ssm,384,1,1011010111101000,7.83782,8.35636,8.35636,8.77817,0.17235
SI06,greedy_ssm,384,1,1011011001000111,,,,,0.17235
SI06,greedy_ssm,384,1,1011011010011010,,,,,0.17235
SI06,greedy_ssm,384,1,1011011010011011,,,,,0.17235
SI06,greedy_ssm,384,1,1011011101000100,,,,,0.17235
SI06,greedy_ssm,384,1,1011011101000111,,,,,0.17235
SI06,greedy_ssm,384,1,1011011111010111,6.12441,8.64423,8.64423,9.38756,0.17235
SI06,greedy_ssm,384,1,1011100000100111,8.44429,8.70287,8.70287,9.10796,0.17235
SI06,greedy_ssm,384,1,1011100001111111,8.41317,8.71377,8.71377,9.19249,0.17235
SI06,greedy_ssm,384,1,1011100010000101,,,,,0.17235
SI06,greedy_ssm,384,1,1011100010100100,8.19324,8.59865,8.59865,8.9397,0.17235
SI06,greedy_ssm,384,1,1011100011011110,,,,,0.17235
SI06,greedy_ssm,384,1,1011100011101111,8.81578,9.23503,9.23503,9.52194,0.17235
SI06,greedy_ssm,384,1,1011100100011011,,,,,0.17235
SI06,greedy_ssm,384,1,1011100110101010,8.20548,8.55847,8.55847,9.14407,0.17235
SI06,greedy_ssm,384,1,1011100111000110,,,,,0.17235
SI06,greedy_ssm,384,1,1011100111101011,8.77489,9.08151,9.08151,9.58677,0.17235
SI06,greedy_ssm,384,1,1011101010000010,,,,,0.17235
SI06,greedy_ssm,384,1,1011101010011110,,,,,0.17235
SI06,greedy_ssm,384,1,1011101011010001,6.79624,8.65803,8.65803,9.20042,0.17235
SI06,greedy_ssm,384,1,1011101101000000,,,,,0.17235
SI06,greedy_ssm,384,1,1011101101110010,8.26052,8.8777,8.8777,9.59164,0.17235
SI06,greedy_ssm,384,1,1011101110001100,,,,,0.17235
SI06,greedy_ssm,384,1,1011101111010000,,,,,0.17235
SI06,greedy_ssm,384,1,1011101111110000,8.57366,8.92098,8.92098,9.41388,0.17235
SI06,greedy_ssm,384,1,1011101111110001,8.74629,9.11371,9.11371,9.69467,0.17235
SI06,greedy_ssm,384,1,1011110001111101,8.43354,8.68354,8.68354,9.05389,0.17235
SI06,greedy_ssm,384,1,1011110010000101,,,,,0.17235
SI06,greedy_ssm,384,1,1011110010111111,8.58665,8.70353,8.70353,9.22924,0.17235
SI06,greedy_ssm,384,1,1011110011011011,7.02018,8.75128,8.75128,9.30995,0.17235
SI06,greedy_ssm,384,1,1011110100010100,,,,,0.17235
SI06,greedy_ssm,384,1,1011111000110010,7.92743,8.51376,8.51376,9.25459,0.17235
SI06,greedy_ssm,384,1,1011111010110100,8.29707,8.74159,8.74159,9.12231,0.17235
SI06,greedy_ssm,384,1,1011111111010000,,,,,0.17235
SI06,greedy_ssm,384,1,1100000000011100,,,,,0.17235
SI06,greedy_ssm,384,1,1100000001010110,,,,,0.17235
SI06,greedy_ssm,384,1,1100000001101110,6.9405,8.32121,8.32121,8.95765,0.17235
SI06,greedy_ssm,384,1,1100000010100111,6.76564,8.20244,8.20244,9.15161,0.17235
SI06,greedy_ssm,384,1,1100000011001001,,,,,0.17235
SI06,greedy_ssm,384,1,1100000100000111,,,,,0.17235
SI06,greedy_ssm,384,1,1100000100001000,,,,,0.17235
SI06,greedy_ssm,384,1,1100000100001100,,,,,0.17235
SI06,greedy_ssm,384,1,1100000100011110,,,,,0.17235
SI06,greedy_ssm,384,1,1100000100101000,6.89092,8.11702,8.11702,8.63162,0.17235
SI06,greedy_ssm,384,1,1100000101001000,,,,,0.17235
SI06,greedy_ssm,384,1,1100000101001101,,,,,0.17235
SI06,greedy_ssm,384,1,1100000101110100,7.93548,8.53205,8.53205,9.06156,0.17235
SI06,greedy_ssm,384,1,1100000111101110,8.09672,8.52099,8.52099,9.39225,0.17235
SI06,greedy_ssm,384,1,1100001000110110,,,,,0.17235
SI06,greedy_ssm,384,1,1100001000111110,,,,,0.17235
SI06,greedy_ssm,384,1,1100001001001110,,,,,0.17235
SI06,greedy_ssm,384,1,1100001001111001,7.4717,8.58463,8.58463,9.23741,0.17235
SI06,greedy_ssm,384,1,1100001011010001,,,,,0.17235
SI06,greedy_ssm,384,1,1100001100101000,7.51,8.45256,8.45256,9.03058,0.17235
SI06,greedy_ssm,384,1,1100001100110101,7.68684,8.62162,8.62162,8.99556,0.17235
SI06,greedy_ssm,384,1,1100001101101100,8.30212,8.43797,8.43797,9.03132,0.17235
SI06,greedy_ssm,384,1,1100001110001000,,,,,0.17235
SI06,greedy_ssm,384,1,1100001110111100,7.88177,8.63503,8.63503,9.12576,0.17235
SI06,greedy_ssm,384,1,1100010000100111,7.2259,8.09401,8.09401,8.92592,0.17235
SI06,greedy_ssm,384,1,1100010011001010,,,,,0.17235
SI06,greedy_ssm,384,1,1100010011111000,7.57223,8.3866,8.3866,8.87094,0.17235
SI06,greedy_ssm,384,1,1100010101001010,,,,,0.17235
SI06,greedy_ssm,384,1,1100010101101010,7.99231,8.37307,8.37307,9.06426,0.17235
SI06,greedy_ssm,384,1,1100010101110011,8.44421,9.06078,9.06078,9.55594,0.17235
SI06,greedy_ssm,384,1,1100011000010100,,,,,0.17235
SI06,greedy_ssm,384,1,1100011010100110,,,,,0.17235
SI06,greedy_ssm,384,1,1100011011011011,,,,,0.17235
SI06,greedy_ssm,384,1,1100011011011110,,,,,0.17235
SI06,greedy_ssm,384,1,1100011100000111,,,,,0.17235
SI06,greedy_ssm,384,1,1100011100111000,7.52637,8.35782,8.35782,9.05759,0.17235
SI06,greedy_ssm,384,1,1100011101000011,,,,,0.17235
SI06,greedy_ssm,384,1,1100011101001100,,,,,0.17235
SI06,greedy_ssm,384,1,1100011110000000,,,,,0.17235
SI06,greedy_ssm,384,1,1100011110000101,,,,,0.17235
SI06,greedy_ssm,384,1,1100011110111110,7.45001,8.50097,8.50097,9.40934,0.17235
SI06,greedy_ssm,384,1,1100011111000011,,,,,0.17235
SI06,greedy_ssm,384,1,1100011111011110,,,,,0.17235
SI06,greedy_ssm,384,1,1100100000001010,,,,,0.17235
SI06,greedy_ssm,384,1,1100100000010100,,,,,0.17235
SI06,greedy_ssm,384,1,1100100000011011,,,,,0.17235
SI06,greedy_ssm,384,1,1100100011101000,8.36059,8.78658,8.78658,9.11134,0.17235
SI06,greedy_ssm,384,1,1100100011110100,8.22874,9.02529,9.02529,9.38544,0.17235
SI06,greedy_ssm,384,1,1100100100000110,,,,,0.17235
SI06,greedy_ssm,384,1,1100100101000011,,,,,0.17235
SI06,greedy_ssm,384,1,1100100110101001,7.56157,8.78799,8.78799,9.3919,0.17235
SI06,greedy_ssm,384,1,1100100111000100,,,,,0.17235
SI06,greedy_ssm,384,1,1100100111011000,,,,,0.17235
SI06,greedy_ssm,384,1,1100100111101011,9.14055,9.3919,9.3919,9.63947,0.17235
SI06,greedy_ssm,384,1,1100101000110101,,,,,0.17235
SI06,greedy_ssm,384,1,1100101001000010,,,,,0.17235
SI06,greedy_ssm,384,1,1100101001011001,,,,,0.17235
SI06,greedy_ssm,384,1,1100101010011000,,,,,0.17235
SI06,greedy_ssm,384,1,1100101011000010,,,,,0.17235
SI06,greedy_ssm,384,1,1100101101110011,9.12249,9.59164,9.59164,9.73616,0.17235
SI06,greedy_ssm,384,1,1100101110111110,7.81198,8.66127,8.66127,9.59346,0.17235
SI06,greedy_ssm,384,1,1100101111110111,9.59346,9.69761,9.69761,9.72572,0.17235
SI06,greedy_ssm,384,1,1100110001000110,,,,,0.17235
SI06,greedy_ssm,384,1,1100110001010101,,,,,0.17235
SI06,greedy_ssm,384,1,1100110010000011,,,,,0.17235
SI06,greedy_ssm,384,1,1100110010000100,,,,,0.17235
SI06,greedy_ssm,384,1,1100110011000011,,,,,0.17235
SI06,greedy_ssm,384,1,1100110101010001,,,,,0.17235
SI06,greedy_ssm,384,1,1100111001110001,8.18036,9.07111,9.07111,9.55594,0.17235
SI06,greedy_ssm,384,1,1100111100011010,,,,,0.17235
SI06,greedy_ssm,384,1,1100111101101110,8.47305,9.03966,9.03966,9.63947,0.17235
SI06,greedy_ssm,384,1,1100111101110010,8.58677,9.37754,9.37754,9.71095,0.17235
SI06,greedy_ssm,384,1,1100111110000111,,,,,0.17235
SI06,greedy_ssm,384,1,1101000001101000,,,,,0.17235
SI06,greedy_ssm,384,1,1101000010100101,,,,,0.17235
SI06,greedy_ssm,384,1,1101000011000100,,,,,0.17235
SI06,greedy_ssm,384,1,1101000011011100,,,,,0.17235
SI06,greedy_ssm,384,1,1101000011100111,7.17672,9.47559,9.47559,9.62669,0.17235
SI06,greedy_ssm,384,1,1101000100000110,,,,,0.17235
SI06,greedy_ssm,384,1,1101000101011001,,,,,0.17235
SI06,greedy_ssm,384,1,1101000101100010,,,,,0.17235
SI06,greedy_ssm,384,1,1101000110110101,,,,,0.17235
SI06,greedy_ssm,384,1,1101000110111001,6.23142,8.42893,8.42893,9.50302,0.17235
SI06,greedy_ssm,384,1,1101000110111101,,,,,0.17235
SI06,greedy_ssm,384,1,1101000111000101,,,,,0.17235
SI06,greedy_ssm,384,1,1101001000011110,,,,,0.17235
SI06,greedy_ssm,384,1,1101001001111000,,,,,0.17235
SI06,greedy_ssm,384,1,1101001011110010,,,,,0.17235
SI06,greedy_ssm,384,1,1101001110101011,7.10713,9.2064,9.2064,9.73616,0.17235
SI06,greedy_ssm,384,1,1101001110111101,7.38154,8.89529,8.89529,9.59229,0.17235
SI06,greedy_ssm,384,1,1101001111001010,,,,,0.17235
SI06,greedy_ssm,384,1,1101001111101001,8.14128,9.37953,9.37953,9.73616,0.17235
SI06,greedy_ssm,384,1,1101010001000101,,,,,0.17235
SI06,greedy_ssm,384,1,1101010001010011,,,,,0.17235
SI06,greedy_ssm,384,1,1101010010100010,,,,,0.17235
SI06,greedy_ssm,384,1,1101010010101100,,,,,0.17235
SI06,greedy_ssm,384,1,1101010011101000,,,,,0.17235
SI06,greedy_ssm,384,1,1101010100001100,,,,,0.17235
SI06,greedy_ssm,384,1,1101010110000110,,,,,0.17235
SI06,greedy_ssm,384,1,1101010110001110,,,,,0.17235
SI06,greedy_ssm,384,1,1101010110101110,,,,,0.17235
SI06,greedy_ssm,384,1,1101010110111001,,,,,0.17235
SI06,greedy_ssm,384,1,1101010110111011,6.95234,8.88491,8.88491,9.71603,0.17235
SI06,greedy_ssm,384,1,1101010111000110,,,,,0.17235
SI06,greedy_ssm,384,1,1101011000000110,,,,,0.17235
SI06,greedy_ssm,384,1,1101011001110110,,,,,0.17235
SI06,greedy_ssm,384,1,1101011010010111,,,,,0.17235
SI06,greedy_ssm,384,1,1101011010101100,,,,,0.17235
SI06,greedy_ssm,384,1,1101011011001000,,,,,0.17235
SI06,greedy_ssm,384,1,1101011011011011,,,,,0.17235
SI06,greedy_ssm,384,1,1101011100100111,7.3092,9.06038,9.06038,9.7021,0.17235
SI06,greedy_ssm,384,1,1101011110011100,,,,,0.17235
SI06,greedy_ssm,384,1,1101011110101110,,,,,0.17235
SI06,greedy_ssm,384,1,1101011111000001,,,,,0.17235
SI06,greedy_ssm,384,1,1101100011000100,,,,,0.17235
SI06,greedy_ssm,384,1,1101100100000110,,,,,0.17235
SI06,greedy_ssm,384,1,1101100101100111,9.18076,9.43698,9.43698,9.73616,0.17235
SI06,greedy_ssm,384,1,1101100110000000,,,,,0.17235
SI06,greedy_ssm,384,1,1101100110111010,8.25535,8.87291,8.87291,9.66331,0.17235
SI06,greedy_ssm,384,1,1101101000010110,,,,,0.17235
SI06,greedy_ssm,384,1,1101101000011011,,,,,0.17235
SI06,greedy_ssm,384,1,1101101000101011,8.44098,9.30129,9.30129,9.60851,0.17235
SI06,greedy_ssm,384,1,1101101001001101,,,,,0.17235
SI06,greedy_ssm,384,1,1101101001100010,8.55063,9.34534,9.34534,9.73616,0.17235
SI06,greedy_ssm,384,1,1101101010000111,,,,,0.17235
SI06,greedy_ssm,384,1,1101101011000010,,,,,0.17235
SI06,greedy_ssm,384,1,1101101011001010,,,,,0.17235
SI06,greedy_ssm,384,1,1101101011101001,9.32722,9.54477,9.54477,9.73616,0.17235
SI06,greedy_ssm,384,1,1101101110011101,,,,,0.17235
SI06,greedy_ssm,384,1,1101101110110100,8.9896,9.33543,9.33543,9.69761,0.17235
SI06,greedy_ssm,384,1,1101101111111100,9.2856,9.57779,9.57779,9.69761,0.17235
SI06,greedy_ssm,384,1,1101110000000110,,,,,0.17235
SI06,greedy_ssm,384,1,1101110000101110,8.14887,8.75087,8.75087,9.39136,0.17235
SI06,greedy_ssm,384,1,1101110001000011,,,,,0.17235
SI06,greedy_ssm,384,1,1101110001001011,,,,,0.17235
SI06,greedy_ssm,384,1,1101110010001011,,,,,0.17235
SI06,greedy_ssm,384,1,1101110011111100,8.64909,9.0999,9.0999,9.34127,0.17235
SI06,greedy_ssm,384,1,1101110111001110,,,,,0.17235
SI06,greedy_ssm,384,1,1101110111011100,6.29401,9.01855,9.01855,9.49638,0.17235
SI06,greedy_ssm,384,1,1101111000011000,,,,,0.17235
SI06,greedy_ssm,384,1,1101111001110001,9.07111,9.24732,9.24732,9.71095,0.17235
SI06,greedy_ssm,384,1,1101111010101101,8.26657,9.33529,9.33529,9.62967,0.17235
SI06,greedy_ssm,384,1,1101111100000010,,,,,0.17235
SI06,greedy_ssm,384,1,1101111101011101,6.88043,9.22874,9.22874,9.65404,0.17235
SI06,greedy_ssm,384,1,1101111110000010,,,,,0.17235
SI06,greedy_ssm,384,1,1101111110100110,8.5456,9.25999,9.25999,9.76193,0.17235
SI06,greedy_ssm,384,1,1101111111000100,6.80271,9.43983,9.43983,9.7021,0.17235
SI06,greedy_ssm,384,1,1101111111100110,9.01087,9.7021,9.7021,9.76193,0.17235
SI06,greedy_ssm,384,1,1110000000100101,8.21954,8.58383,8.58383,9.10249,0.17235
SI06,greedy_ssm,384,1,1110000011100001,8.63884,8.97961,8.97961,9.38453,0.17235
SI06,greedy_ssm,384,1,1110000101100000,8.29879,8.4592,8.4592,9.15478,0.17235
SI06,greedy_ssm,384,1,1110001001000111,,,,,0.17235
SI06,greedy_ssm,384,1,1110001001011111,6.70708,8.76902,8.76902,9.32594,0.17235
SI06,greedy_ssm,384,1,1110001010110101,8.24042,8.89575,8.89575,9.31862,0.17235
SI06,greedy_ssm,384,1,1110001010111000,7.99367,8.50267,8.50267,9.01144,0.17235
SI06,greedy_ssm,384,1,1110001011001011,6.62631,9.13057,9.13057,9.38453,0.17235
SI06,greedy_ssm,384,1,1110001100001101,,,,,0.17235
SI06,greedy_ssm,384,1,1110001100011101,6.283,8.59107,8.59107,9.05056,0.17235
SI06,greedy_ssm,384,1,1110001100011110,,,,,0.17235
SI06,greedy_ssm,384,1,1110001100100100,8.53347,8.79809,8.79809,9.08563,0.17235
SI06,greedy_ssm,384,1,1110001101100001,8.59393,9.15478,9.15478,9.48779,0.17235
SI06,greedy_ssm,384,1,1110001110010101,,,,,0.17235
SI06,greedy_ssm,384,1,1110001110101110,8.33312,8.97491,8.97491,9.37608,0.17235
SI06,greedy_ssm,384,1,1110001111001001,,,,,0.17235
SI06,greedy_ssm,384,1,1110010000100010,7.8809,8.3593,8.3593,8.92005,0.17235
SI06,greedy_ssm,384,1,1110010001010000,,,,,0.17235
SI06,greedy_ssm,384,1,1110010101101011,8.72068,9.06426,9.06426,9.48779,0.17235
SI06,greedy_ssm,384,1,1110010110010010,,,,,0.17235
SI06,greedy_ssm,384,1,1110010110101110,8.32923,8.67702,8.67702,9.37608,0.17235
SI06,greedy_ssm,384,1,1110010110111010,8.30232,8.75328,8.75328,9.28738,0.17235
SI06,greedy_ssm,384,1,1110011000000010,,,,,0.17235
SI06,greedy_ssm,384,1,1110011000000110,,,,,0.17235
SI06,greedy_ssm,384,1,1110011000100001,7.88756,8.73107,8.73107,9.19522,0.17235
SI06,greedy_ssm,384,1,1110011001001101,,,,,0.17235
SI06,greedy_ssm,384,1,1110011010100111,8.43778,9.20571,9.20571,9.48779,0.17235
SI06,greedy_ssm,384,1,1110011100000101,,,,,0.17235
SI06,greedy_ssm,384,1,1110011100101111,8.86258,9.0803,9.0803,9.42679,0.17235
SI06,greedy_ssm,384,1,1110011101111111,9.04332,9.31636,9.31636,9.42679,0.17235
SI06,greedy_ssm,384,1,1110011111001110,,,,,0.17235
SI06,greedy_ssm,384,1,1110100000001101,,,,,0.17235
SI06,greedy_ssm,384,1,1110100000110001,8.15756,8.52122,8.52122,9.00489,0.17235
SI06,greedy_ssm,384,1,1110100001111100,8.2865,8.42206,8.42206,8.80811,0.17235
SI06,greedy_ssm,384,1,1110100010000010,,,,,0.17235
SI06,greedy_ssm,384,1,1110100100001101,,,,,0.17235
SI06,greedy_ssm,384,1,1110100101001110,,,,,0.17235
SI06,greedy_ssm,384,1,1110100101101001,8.0086,8.60834,8.60834,9.10937,0.17235
SI06,greedy_ssm,384,1,1110100101110101,8.30852,8.60393,8.60393,9.20822,0.17235
SI06,greedy_ssm,384,1,1110100110000010,,,,,0.17235
SI06,greedy_ssm,384,1,1110100110100000,8.21921,8.425,8.425,8.95538,0.17235
SI06,greedy_ssm,384,1,1110100110101111,8.34911,8.80828,8.80828,9.36961,0.17235
SI06,greedy_ssm,384,1,1110100111000110,,,,,0.17235
SI06,greedy_ssm,384,1,1110100111100111,8.70153,9.11652,9.11652,9.62669,0.17235
SI06,greedy_ssm,384,1,1110101010000000,,,,,0.17235
SI06,greedy_ssm,384,1,1110101101000010,,,,,0.17235
SI06,greedy_ssm,384,1,1110101101111011,8.80532,9.19303,9.19303,9.66331,0.17235
SI06,greedy_ssm,384,1,1110101110110100,8.35291,8.80611,8.80611,9.21899,0.17235
SI06,greedy_ssm,384,1,1110101111001111,6.06023,8.96341,8.96341,9.65068,0.17235
SI06,greedy_ssm,384,1,1110101111010111,6.41553,9.09377,9.09377,9.69761,0.17235
SI06,greedy_ssm,384,1,1110110000010111,,,,,0.17235
SI06,greedy_ssm,384,1,1110110000011010,,,,,0.17235
SI06,greedy_ssm,384,1,1110110010101110,8.11644,8.52565,8.52565,9.06431,0.17235
SI06,greedy_ssm,384,1,1110110100110111,8.54577,8.989,8.989,9.2683,0.17235
SI06,greedy_ssm,384,1,1110110101111100,8.18183,8.51041,8.51041,9.14156,0.17235
SI06,greedy_ssm,384,1,1110110111011100,,,,,0.17235
SI06,greedy_ssm,384,1,1110111001010011,7.22081,8.54643,8.54643,9.34765,0.17235
SI06,greedy_ssm,384,1,1110111001101110,8.40656,8.66401,8.66401,9.35715,0.17235
SI06,greedy_ssm,384,1,1110111010000011,,,,,0.17235
SI06,greedy_ssm,384,1,1110111010010100,,,,,0.17235
SI06,greedy_ssm,384,1,1110111010110010,8.06067,8.33599,8.33599,9.34765,0.17235
SI06,greedy_ssm,384,1,1110111011010010,,,,,0.17235
SI06,greedy_ssm,384,1,1110111011101100,8.67033,8.93884,8.93884,9.33998,0.17235
SI06,greedy_ssm,384,1,1110111100011000,,,,,0.17235
SI06,greedy_ssm,384,1,1110111101111001,8.57647,8.96113,8.96113,9.48952,0.17235
SI06,greedy_ssm,384,1,1110111111100100,8.76799,9.04387,9.04387,9.59387,0.17235
SI06,greedy_ssm,384,1,1111000011000000,,,,,0.17235
SI06,greedy_ssm,384,1,1111000011001000,,,,,0.17235
SI06,greedy_ssm,384,1,1111000100110100,8.12255,8.34517,8.34517,8.70464,0.17235
SI06,greedy_ssm,384,1,1111000100111110,7.92118,8.40692,8.40692,9.25984,0.17235
SI06,greedy_ssm,384,1,1111000111010111,,,,,0.17235
SI06,greedy_ssm,384,1,1111001000111100,7.45598,8.48658,8.48658,8.63098,0.17235
SI06,greedy_ssm,384,1,1111001001010011,,,,,0.17235
SI06,greedy_ssm,384,1,1111001100011010,,,,,0.17235
SI06,greedy_ssm,384,1,1111001111101110,8.3602,8.85102,8.85102,9.65068,0.17235
SI06,greedy_ssm,384,1,1111001111111100,8.41299,8.85726,8.85726,9.32594,0.17235
SI06,greedy_ssm,384,1,1111010001100011,8.42417,8.86922,8.86922,9.3248,0.17235
SI06,greedy_ssm,384,1,1111010011010100,,,,,0.17235
SI06,greedy_ssm,384,1,1111010011110000,8.09214,8.53799,8.53799,8.94169,0.17235
SI06,greedy_ssm,384,1,1111010100101110,8.1698,8.45555,8.45555,9.2716,0.17235
SI06,greedy_ssm,384,1,1111010101001001,,,,,0.17235
SI06,greedy_ssm,384,1,1111010101101010,8.19272,8.51768,8.51768,9.20649,0.17235
SI06,greedy_ssm,384,1,1111010110101010,8.12167,8.44185,8.44185,9.19487,0.17235
SI06,greedy_ssm,384,1,1111011011011111,,,,,0.17235
SI06,greedy_ssm,384,1,1111011011100000,8.45423,8.90917,8.90917,9.34483,0.17235
SI06,greedy_ssm,384,1,1111011011111010,8.11664,8.50408,8.50408,9.39127,0.17235
SI06,greedy_ssm,384,1,1111011100011010,,,,,0.17235
SI06,greedy_ssm,384,1,1111100000110000,8.49251,8.52122,8.52122,9.00489,0.17235
SI06,greedy_ssm,384,1,1111100001001001,,,,,0.17235
SI06,greedy_ssm,384,1,1111100001001011,,,,,0.17235
SI06,greedy_ssm,384,1,1111100001011001,,,,,0.17235
SI06,greedy_ssm,384,1,1111100001110101,8.50311,8.70297,8.70297,9.32761,0.17235
SI06,greedy_ssm,384,1,1111100010100001,8.61336,8.83034,8.83034,9.40213,0.17235
SI06,greedy_ssm,384,1,1111100010110000,8.45343,8.68003,8.68003,8.93085,0.17235
SI06,greedy_ssm,384,1,1111100011001111,6.74924,8.86905,8.86905,9.52194,0.17235
SI06,greedy_ssm,384,1,1111100100001000,,,,,0.17235
SI06,greedy_ssm,384,1,1111100100010010,6.2545,8.25245,8.25245,9.01048,0.17235
SI06,greedy_ssm,384,1,1111100101010110,,,,,0.17235
SI06,greedy_ssm,384,1,1111100110100111,8.81197,9.09116,9.09116,9.62669,0.17235
SI06,greedy_ssm,384,1,1111100111101001,8.57026,9.05481,9.05481,9.58677,0.17235
SI06,greedy_ssm,384,1,1111100111101010,8.43693,8.96091,8.96091,9.58677,0.17235
SI06,greedy_ssm,384,1,1111101000010101,6.95578,8.79943,8.79943,9.12592,0.17235
SI06,greedy_ssm,384,1,1111101000011010,,,,,0.17235
SI06,greedy_ssm,384,1,1111101000110100,8.41952,8.79943,8.79943,9.12592,0.17235
SI06,greedy_ssm,384,1,1111101010001101,6.77245,8.76138,8.76138,9.36538,0.17235
SI06,greedy_ssm,384,1,1111101011000100,6.74796,8.9397,8.9397,9.38544,0.17235
SI06,greedy_ssm,384,1,1111101110001001,6.78316,8.69927,8.69927,9.28691,0.17235
SI06,greedy_ssm,384,1,1111101110100101,8.80002,9.12174,9.12174,9.62669,0.17235
SI06,greedy_ssm,384,1,1111110000101000,8.36881,8.39605,8.39605,9.21308,0.17235
SI06,greedy_ssm,384,1,1111110001111010,8.27039,8.65226,8.65226,9.35622,0.17235
SI06,greedy_ssm,384,1,1111110001111011,8.65226,9.10945,9.10945,9.47225,0.17235
SI06,greedy_ssm,384,1,1111110010001101,,,,,0.17235
SI06,greedy_ssm,384,1,1111110011100000,8.7096,8.91512,8.91512,9.34483,0.17235
SI06,greedy_ssm,384,1,1111110101001101,,,,,0.17235
SI06,greedy_ssm,384,1,1111110111001011,,,,,0.17235
SI06,greedy_ssm,384,1,1111110111111101,8.86977,9.27646,9.27646,9.67119,0.17235
SI06,greedy_ssm,384,1,1111111001011110,7.23299,8.44751,8.44751,9.13993,0.17235
SI06,greedy_ssm,384,1,1111111010001011,,,,,0.17235
SI06,greedy_ssm,384,1,1111111111110111,9.38756,9.72572,9.72572,9.72572,0.17235
SI06,greedy_ssm,384,1,1111111111111100,9.01642,9.34877,9.34877,9.65404,0.17235
SI06,greedy_ssm,384,2,0000000001111010,,,,,0.17235
SI06,greedy_ssm,384,2,0000000011101110,6.3905,8.60037,8.60037,8.78639,0.17235
SI06,greedy_ssm,384,2,0000000100010011,,,,,0.17235
SI06,greedy_ssm,384,2,0000000101001100,,,,,0.17235
SI06,greedy_ssm,384,2,0000001000100001,,,,,0.17235
SI06,greedy_ssm,384,2,0000001000100100,,,,,0.17235
SI06,greedy_ssm,384,2,0000001001001100,,,,,0.17235
SI06,greedy_ssm,384,2,0000001001101010,,,,,0.17235
SI06,greedy_ssm,384,2,0000001011101110,6.80265,8.78639,8.78639,8.87211,0.17235
SI06,greedy_ssm,384,2,0000001101011001,,,,,0.17235
SI06,greedy_ssm,384,2,0000001110001001,,,,,0.17235
SI06,greedy_ssm,384,2,0000001111001001,,,,,0.17235
SI06,greedy_ssm,384,2,0000001111001111,,,,,0.17235
SI06,greedy_ssm,384,2,0000010000001100,,,,,0.17235
SI06,greedy_ssm,384,2,0000010000100100,,,,,0.17235
SI06,greedy_ssm,384,2,0000010000110110,,,,,0.17235
SI06,greedy_ssm,384,2,0000010001000101,,,,,0.17235
SI06,greedy_ssm,384,2,0000010001100000,,,,,0.17235
SI06,greedy_ssm,384,2,0000010001101100,,,,,0.17235
SI06,greedy_ssm,384,2,0000010010001101,,,,,0.17235
SI06,greedy_ssm,384,2,0000010010110010,,,,,0.17235
SI06,greedy_ssm,384,2,0000010010110100,,,,,0.17235
SI06,greedy_ssm,384,2,0000010110100101,,,,,0.17235
SI06,greedy_ssm,384,2,0000010110101010,,,,,0.17235
SI06,greedy_ssm,384,2,0000011001101010,,,,,0.17235
SI06,greedy_ssm,384,2,0000011001111100,,,,,0.17235
SI06,greedy_ssm,384,2,0000011010000101,,,,,0.17235
SI06,greedy_ssm,384,2,0000011010101011,,,,,0.17235
SI06,greedy_ssm,384,2,0000011010111000,,,,,0.17235
SI06,greedy_ssm,384,2,0000011100001111,,,,,0.17235
SI06,greedy_ssm,384,2,0000011110100011,7.52482,8.9952,8.9952,9.38081,0.17235
SI06,greedy_ssm,384,2,0000011111110000,8.03771,9.00361,9.00361,9.18133,0.17235
SI06,greedy_ssm,384,2,0000100010001000,,,,,0.17235
SI06,greedy_ssm,384,2,0000100011100101,8.23125,8.99109,8.99109,9.22744,0.17235
SI06,greedy_ssm,384,2,0000100011101100,7.56496,8.64018,8.64018,8.95581,0.17235
SI06,greedy_ssm,384,2,0000100100000010,,,,,0.17235
SI06,greedy_ssm,384,2,0000100100001010,,,,,0.17235
SI06,greedy_ssm,384,2,0000100101000010,,,,,0.17235
SI06,greedy_ssm,384,2,0000100110101011,6.94836,9.18565,9.18565,9.23792,0.17235
SI06,greedy_ssm,384,2,0000101001011010,,,,,0.17235
SI06,greedy_ssm,384,2,0000101001110000,,,,,0.17235
SI06,greedy_ssm,384,2,0000101001111101,7.81014,8.88925,8.88925,9.20042,0.17235
SI06,greedy_ssm,384,2,0000101010010011,,,,,0.17235
SI06,greedy_ssm,384,2,0000101010110011,,,,,0.17235
SI06,greedy_ssm,384,2,0000101011010110,,,,,0.17235
SI06,greedy_ssm,384,2,0000101100001011,,,,,0.17235
SI06,greedy_ssm,384,2,0000101100011001,,,,,0.17235
SI06,greedy_ssm,384,2,0000101110010100,,,,,0.17235
SI06,greedy_ssm,384,2,0000101111100000,8.57398,9.05803,9.05803,9.05517,0.17235
SI06,greedy_ssm,384,2,0000101111100101,8.72625,9.3232,9.3232,9.52102,0.17235
SI06,greedy_ssm,384,2,0000101111110111,9.19059,9.59346,9.59346,9.69761,0.17235
SI06,greedy_ssm,384,2,0000110001000111,,,,,0.17235
SI06,greedy_ssm,384,2,0000110001111101,,,,,0.17235
SI06,greedy_ssm,384,2,0000110010111011,,,,,0.17235
SI06,greedy_ssm,384,2,0000110100010010,,,,,0.17235
SI06,greedy_ssm,384,2,0000110100111110,7.4616,8.43116,8.43116,8.95912,0.17235
SI06,greedy_ssm,384,2,0000110101010101,,,,,0.17235
SI06,greedy_ssm,384,2,0000111010001011,,,,,0.17235
SI06,greedy_ssm,384,2,0000111010010101,,,,,0.17235
SI06,greedy_ssm,384,2,0000111010011101,,,,,0.17235
SI06,greedy_ssm,384,2,0000111011000001,,,,,0.17235
SI06,greedy_ssm,384,2,0000111100001111,,,,,0.17235
SI06,greedy_ssm,384,2,0000111100011100,,,,,0.17235
SI06,greedy_ssm,384,2,0000111100100010,,,,,0.17235
SI06,greedy_ssm,384,2,0000111101010100,,,,,0.17235
SI06,greedy_ssm,384,2,0000111101011001,,,,,0.17235
SI06,greedy_ssm,384,2,0001000000011101,,,,,0.17235
SI06,greedy_ssm,384,2,0001000001101111,,,,,0.17235
SI06,greedy_ssm,384,2,0001000100011011,,,,,0.17235
SI06,greedy_ssm,384,2,0001000110000110,,,,,0.17235
SI06,greedy_ssm,384,2,0001000110001000,,,,,0.17235
SI06,greedy_ssm,384,2,0001000110001111,,,,,0.17235
SI06,greedy_ssm,384,2,0001000110011111,,,,,0.17235
SI06,greedy_ssm,384,2,0001000111001010,,,,,0.17235
SI06,greedy_ssm,384,2,0001000111111111,7.36761,9.28422,9.28422,9.38423,0.17235
SI06,greedy_ssm,384,2,0001001001011110,,,,,0.17235
SI06,greedy_ssm,384,2,0001001011011010,,,,,0.17235
SI06,greedy_ssm,384,2,0001001011110100,,,,,0.17235
SI06,greedy_ssm,384,2,0001001100000000,,,,,0.17235
SI06,greedy_ssm,384,2,0001001100011011,,,,,0.17235
SI06,greedy_ssm,384,2,0001001101100000,,,,,0.17235
SI06,greedy_ssm,384,2,0001010001100100,,,,,0.17235
SI06,greedy_ssm,384,2,0001010010000100,,,,,0.17235
SI06,greedy_ssm,384,2,0001010010001110,,,,,0.17235
SI06,greedy_ssm,384,2,0001010100001010,,,,,0.17235
SI06,greedy_ssm,384,2,0001010110100011,,,,,0.17235
SI06,greedy_ssm,384,2,0001010111100111,7.4148,9.33775,9.33775,9.55953,0.17235
SI06,greedy_ssm,384,2,0001011000010110,,,,,0.17235
SI06,greedy_ssm,384,2,0001011000100011,,,,,0.17235
SI06,greedy_ssm,384,2,0001011011000010,,,,,0.17235
SI06,greedy_ssm,384,2,0001011011011110,,,,,0.17235
SI06,greedy_ssm,384,2,0001011100000011,,,,,0.17235
SI06,greedy_ssm,384,2,0001011100010100,,,,,0.17235
SI06,greedy_ssm,384,2,0001011111001110,,,,,0.17235
SI06,greedy_ssm,384,2,0001011111010011,,,,,0.17235
SI06,greedy_ssm,384,2,0001011111110011,7.91603,9.4599,9.4599,9.4599,0.17235
SI06,greedy_ssm,384,2,0001100001000110,,,,,0.17235
SI06,greedy_ssm,384,2,0001100010110100,7.43163,8.76247,8.76247,9.02529,0.17235
SI06,greedy_ssm,384,2,0001100011001010,,,,,0.17235
SI06,greedy_ssm,384,2,0001100011111011,8.89002,9.47225,9.47225,9.45278,0.17235
SI06,greedy_ssm,384,2,0001100110000011,,,,,0.17235
SI06,greedy_ssm,384,2,0001100111001010,,,,,0.17235
SI06,greedy_ssm,384,2,0001100111100110,8.36119,9.3232,9.3232,9.52102,0.17235
SI06,greedy_ssm,384,2,0001101001000000,,,,,0.17235
SI06,greedy_ssm,384,2,0001101100010110,,,,,0.17235
SI06,greedy_ssm,384,2,0001101110011000,,,,,0.17235
SI06,greedy_ssm,384,2,0001101111010111,6.45413,9.51611,9.51611,9.69761,0.17235
SI06,greedy_ssm,384,2,0001101111110011,9.44794,9.69467,9.69467,9.73616,0.17235
SI06,greedy_ssm,384,2,0001110000101011,8.1435,9.06761,9.06761,9.25609,0.17235
SI06,greedy_ssm,384,2,0001110000111011,8.12987,8.86464,8.86464,9.06761,0.17235
SI06,greedy_ssm,384,2,0001110001011111,,,,,0.17235
SI06,greedy_ssm,384,2,0001110100100100,8.00861,8.61176,8.61176,8.66264,0.17235
SI06,greedy_ssm,384,2,0001110101000000,,,,,0.17235
SI06,greedy_ssm,384,2,0001110101001110,,,,,0.17235
SI06,greedy_ssm,384,2,0001110101100101,8.26603,9.07031,9.07031,9.33775,0.17235
SI06,greedy_ssm,384,2,0001110110010100,,,,,0.17235
SI06,greedy_ssm,384,2,0001110111000110,,,,,0.17235
SI06,greedy_ssm,384,2,0001110111001100,,,,,0.17235
SI06,greedy_ssm,384,2,0001111000001101,,,,,0.17235
SI06,greedy_ssm,384,2,0001111001001101,,,,,0.17235
SI06,greedy_ssm,384,2,0001111001010100,,,,,0.17235
SI06,greedy_ssm,384,2,0001111010010100,,,,,0.17235
SI06,greedy_ssm,384,2,0001111100001100,,,,,0.17235
SI06,greedy_ssm,384,2,0001111100010111,,,,,0.17235
SI06,greedy_ssm,384,2,0001111100101111,8.60626,9.28044,9.28044,9.57734,0.17235
SI06,greedy_ssm,384,2,0001111101000111,6.55038,9.33775,9.33775,9.55953,0.17235
SI06,greedy_ssm,384,2,0001111101101011,9.22171,9.50439,9.50439,9.5988,0.17235
SI06,greedy_ssm,384,2,0001111101110001,8.91447,9.4599,9.4599,9.4599,0.17235
SI06,greedy_ssm,384,2,0010000001101011,8.22432,8.72449,8.72449,8.9199,0.17235
SI06,greedy_ssm,384,2,0010000011101000,8.13687,8.57487,8.57487,8.67147,0.17235
SI06,greedy_ssm,384,2,0010000011101111,8.60037,8.95765,8.95765,9.10037,0.17235
SI06,greedy_ssm,384,2,0010000100001001,,,,,0.17235
SI06,greedy_ssm,384,2,0010000100110011,8.29909,8.66968,8.66968,8.99502,0.17235
SI06,greedy_ssm,384,2,0010000111101100,8.13862,8.59778,8.59778,8.87211,0.17235
SI06,greedy_ssm,384,2,0010001000001110,,,,,0.17235
SI06,greedy_ssm,384,2,0010001001101101,8.0165,8.78639,8.78639,8.87211,0.17235
SI06,greedy_ssm,384,2,0010001010110100,7.67046,8.6444,8.6444,8.75553,0.17235
SI06,greedy_ssm,384,2,0010001101100000,8.12325,8.61849,8.61849,8.83685,0.17235
SI06,greedy_ssm,384,2,0010001110001111,6.21326,8.87211,8.87211,9.10037,0.17235
SI06,greedy_ssm,384,2,0010001110010111,,,,,0.17235
SI06,greedy_ssm,384,2,0010001110101001,8.16651,8.81617,8.81617,9.10287,0.17235
SI06,greedy_ssm,384,2,0010001111101110,8.25499,9.10037,9.10037,9.26674,0.17235
SI06,greedy_ssm,384,2,0010010010100011,7.78663,8.64888,8.64888,8.90762,0.17235
SI06,greedy_ssm,384,2,0010010010101110,7.1945,8.5622,8.5622,8.8155,0.17235
SI06,greedy_ssm,384,2,0010010011011001,,,,,0.17235
SI06,greedy_ssm,384,2,0010010100011010,,,,,0.17235
SI06,greedy_ssm,384,2,0010010100111100,7.82769,8.29683,8.29683,8.51542,0.17235
SI06,greedy_ssm,384,2,0010010101011101,,,,,0.17235
SI06,greedy_ssm,384,2,0010010110010111,,,,,0.17235
SI06,greedy_ssm,384,2,0010010111011000,,,,,0.17235
SI06,greedy_ssm,384,2,0010011001000111,,,,,0.17235
SI06,greedy_ssm,384,2,0010011001010001,,,,,0.17235
SI06,greedy_ssm,384,2,0010011011110011,8.75634,9.15145,9.15145,9.51729,0.17235
SI06,greedy_ssm,384,2,0010011111101110,8.39326,9.08729,9.08729,9.37608,0.17235
SI06,greedy_ssm,384,2,0010100011111001,7.96335,8.61318,8.61318,8.89002,0.17235
SI06,greedy_ssm,384,2,0010100100001000,,,,,0.17235
SI06,greedy_ssm,384,2,0010100101111010,7.77367,8.56564,8.56564,8.86864,0.17235
SI06,greedy_ssm,384,2,0010101000010000,,,,,0.17235
SI06,greedy_ssm,384,2,0010101101010100,,,,,0.17235
SI06,greedy_ssm,384,2,0010101110011010,,,,,0.17235
SI06,greedy_ssm,384,2,0010101110111010,7.91925,8.83758,8.83758,9.01071,0.17235
SI06,greedy_ssm,384,2,0010101111001001,,,,,0.17235
SI06,greedy_ssm,384,2,0010101111101011,8.73341,9.23792,9.23792,9.35943,0.17235
SI06,greedy_ssm,384,2,0010110000110101,7.74409,8.40967,8.40967,8.4433,0.17235
SI06,greedy_ssm,384,2,0010110001100100,7.73323,8.47828,8.47828,8.57004,0.17235
SI06,greedy_ssm,384,2,0010110010010010,,,,,0.17235
SI06,greedy_ssm,384,2,0010110101011010,,,,,0.17235
SI06,greedy_ssm,384,2,0010111000011111,,,,,0.17235
SI06,greedy_ssm,384,2,0010111010101010,7.37664,8.72217,8.72217,8.82858,0.17235
SI06,greedy_ssm,384,2,0010111011101011,8.72217,9.25609,9.25609,9.25609,0.17235
SI06,greedy_ssm,384,2,0010111011110010,7.96311,8.86982,8.86982,9.25372,0.17235
SI06,greedy_ssm,384,2,0010111100001111,,,,,0.17235
SI06,greedy_ssm,384,2,0010111100010000,,,,,0.17235
SI06,greedy_ssm,384,2,0010111101110011,8.6724,9.18133,9.18133,9.4599,0.17235
SI06,greedy_ssm,384,2,0010111111010100,,,,,0.17235
SI06,greedy_ssm,384,2,0010111111101110,8.27679,9.03094,9.03094,9.28044,0.17235
SI06,greedy_ssm,384,2,0011000000011001,,,,,0.17235
SI06,greedy_ssm,384,2,0011000011010100,,,,,0.17235
SI06,greedy_ssm,384,2,0011000100101010,7.49676,8.56549,8.56549,8.88782,0.17235
SI06,greedy_ssm,384,2,0011000101110010,7.18149,8.53195,8.53195,8.81931,0.17235
SI06,greedy_ssm,384,2,0011000110000100,,,,,0.17235
SI06,greedy_ssm,384,2,0011000110011011,,,,,0.17235
SI06,greedy_ssm,384,2,0011000110011111,,,,,0.17235
SI06,greedy_ssm,384,2,0011001000000100,,,,,0.17235
SI06,greedy_ssm,384,2,0011001000110011,6.89403,8.77849,8.77849,9.00706,0.17235
SI06,greedy_ssm,384,2,0011001001010100,,,,,0.17235
SI06,greedy_ssm,384,2,0011001001110011,7.69129,8.89733,8.89733,9.13351,0.17235
SI06,greedy_ssm,384,2,0011001011011000,,,,,0.17235
SI06,greedy_ssm,384,2,0011001011011001,,,,,0.17235
SI06,greedy_ssm,384,2,0011001100000001,,,,,0.17235
SI06,greedy_ssm,384,2,0011001100010100,,,,,0.17235
SI06,greedy_ssm,384,2,0011001101100000,7.7978,8.55178,8.55178,8.90883,0.17235
SI06,greedy_ssm,384,2,0011001101110001,7.9287,8.85175,8.85175,9.06128,0.17235
SI06,greedy_ssm,384,2,0011001111011110,,,,,0.17235
SI06,greedy_ssm,384,2,0011001111100110,8.10365,8.95925,8.95925,9.3232,0.17235
SI06,greedy_ssm,384,2,0011010000101100,,,,,0.17235
SI06,greedy_ssm,384,2,0011010000111000,,,,,0.17235
SI06,greedy_ssm,384,2,0011010001000100,,,,,0.17235
SI06,greedy_ssm,384,2,0011010011111000,7.75502,8.5001,8.5001,8.62824,0.17235
SI06,greedy_ssm,384,2,0011010100100101,7.45947,8.59792,8.59792,8.88435,0.17235
SI06,greedy_ssm,384,2,0011010101101000,,,,,0.17235
SI06,greedy_ssm,384,2,0011010110010010,,,,,0.17235
SI06,greedy_ssm,384,2,0011010111000000,,,,,0.17235
SI06,greedy_ssm,384,2,0011010111011011,,,,,0.17235
SI06,greedy_ssm,384,2,0011011000100111,,,,,0.17235
SI06,greedy_ssm,384,2,0011011010010011,,,,,0.17235
SI06,greedy_ssm,384,2,0011011010111101,6.80613,8.55989,8.55989,8.98643,0.17235
SI06,greedy_ssm,384,2,0011011011111011,7.91263,9.10018,9.10018,9.21822,0.17235
SI06,greedy_ssm,384,2,0011011110100011,7.91742,9.10952,9.10952,9.29432,0.17235
SI06,greedy_ssm,384,2,0011011111011101,6.20662,8.85575,8.85575,9.15925,0.17235
SI06,greedy_ssm,384,2,0011011111111101,8.36833,9.15925,9.15925,9.30523,0.17235
SI06,greedy_ssm,384,2,0011100000000001,,,,,0.17235
SI06,greedy_ssm,384,2,0011100000111011,8.31327,8.81298,8.81298,8.88903,0.17235
SI06,greedy_ssm,384,2,0011100000111101,8.16416,8.51638,8.51638,8.54587,0.17235
SI06,greedy_ssm,384,2,0011100010001011,,,,,0.17235
SI06,greedy_ssm,384,2,0011100100010011,,,,,0.17235
SI06,greedy_ssm,384,2,0011100100011101,6.33653,8.51638,8.51638,8.71332,0.17235
SI06,greedy_ssm,384,2,0011100101010010,,,,,0.17235
SI06,greedy_ssm,384,2,0011100101010101,,,,,0.17235
SI06,greedy_ssm,384,2,0011100101011010,,,,,0.17235
SI06,greedy_ssm,384,2,0011100110010010,,,,,0.17235
SI06,greedy_ssm,384,2,0011100111100111,8.70643,9.3232,9.3232,9.52102,0.17235
SI06,greedy_ssm,384,2,0011101000101010,7.89609,8.88782,8.88782,8.93244,0.17235
SI06,greedy_ssm,384,2,0011101001111100,8.0388,8.66871,8.66871,8.99615,0.17235
SI06,greedy_ssm,384,2,0011101100001100,,,,,0.17235
SI06,greedy_ssm,384,2,0011101101011000,,,,,0.17235
SI06,greedy_ssm,384,2,0011101101110111,8.74588,9.39342,9.39342,9.55309,0.17235
SI06,greedy_ssm,384,2,0011110001000100,,,,,0.17235
SI06,greedy_ssm,384,2,0011110001000111,,,,,0.17235
SI06,greedy_ssm,384,2,0011110001010100,,,,,0.17235
SI06,greedy_ssm,384,2,0011110001101110,8.11813,8.745,8.745,8.89743,0.17235
SI06,greedy_ssm,384,2,0011110010000001,,,,,0.17235
SI06,greedy_ssm,384,2,0011110010101010,7.95309,8.68009,8.68009,9.06761,0.17235
SI06,greedy_ssm,384,2,0011110011100000,8.31266,8.7888,8.7888,9.0844,0.17235
SI06,greedy_ssm,384,2,0011110011110100,8.4133,8.75296,8.75296,8.941,0.17235
SI06,greedy_ssm,384,2,0011110100000111,,,,,0.17235
SI06,greedy_ssm,384,2,0011110100010111,,,,,0.17235
SI06,greedy_ssm,384,2,0011110101111010,8.03248,8.77835,8.77835,9.14086,0.17235
SI06,greedy_ssm,384,2,0011110110010110,,,,,0.17235
SI06,greedy_ssm,384,2,0011110111101001,8.50004,9.02963,9.02963,9.24052,0.17235
SI06,greedy_ssm,384,2,0011111010010100,,,,,0.17235
SI06,greedy_ssm,384,2,0011111010100100,8.28162,8.9002,8.9002,9.01875,0.17235
SI06,greedy_ssm,384,2,0011111011100101,8.89707,9.15799,9.15799,9.33775,0.17235
SI06,greedy_ssm,384,2,0011111011111101,8.55989,9.15925,9.15925,9.34207,0.17235
SI06,greedy_ssm,384,2,0011111100111000,8.40149,8.88903,8.88903,8.72138,0.17235
SI06,greedy_ssm,384,2,0011111110110001,8.68113,9.06738,9.06738,9.4599,0.17235
SI06,greedy_ssm,384,2,0011111110110010,8.20642,9.0228,9.0228,9.4599,0.17235
SI06,greedy_ssm,384,2,0011111111011001,6.57984,9.2326,9.2326,9.36479,0.17235
SI06,greedy_ssm,384,2,0011111111111000,8.49958,9.2326,9.2326,9.36479,0.17235
SI06,greedy_ssm,384,2,0100000000000101,,,,,0.17235
SI06,greedy_ssm,384,2,0100000000010011,,,,,0.17235
SI06,greedy_ssm,384,2,0100000000101010,,,,,0.17235
SI06,greedy_ssm,384,2,0100000010111011,7.26069,8.56827,8.56827,8.88536,0.17235
SI06,greedy_ssm,384,2,0100000101101110,7.79739,8.5074,8.5074,8.78263,0.17235
SI06,greedy_ssm,384,2,0100000101111110,7.45826,8.61998,8.61998,8.97342,0.17235
SI06,greedy_ssm,384,2,0100000110111101,7.58325,8.73816,8.73816,8.99431,0.17235
SI06,greedy_ssm,384,2,0100000111101011,8.42943,9.14055,9.14055,9.31014,0.17235
SI06,greedy_ssm,384,2,0100000111110110,7.69289,8.89475,8.89475,9.2361,0.17235
SI06,greedy_ssm,384,2,0100001001100011,7.44716,8.91621,8.91621,9.19272,0.17235
SI06,greedy_ssm,384,2,0100001010010111,,,,,0.17235
SI06,greedy_ssm,384,2,0100001011101000,7.65916,8.66124,8.66124,8.90102,0.17235
SI06,greedy_ssm,384,2,0100001100000011,,,,,0.17235
SI06,greedy_ssm,384,2,0100001100001110,,,,,0.17235
SI06,greedy_ssm,384,2,0100001100010100,,,,,0.17235
SI06,greedy_ssm,384,2,0100001100011101,,,,,0.17235
SI06,greedy_ssm,384,2,0100001101110110,8.00677,8.97281,8.97281,9.39342,0.17235
SI06,greedy_ssm,384,2,0100001110101111,7.81984,9.23942,9.23942,9.47392,0.17235
SI06,greedy_ssm,384,2,0100001111011010,,,,,0.17235
SI06,greedy_ssm,384,2,0100010000010110,,,,,0.17235
SI06,greedy_ssm,384,2,0100010000100001,,,,,0.17235
SI06,greedy_ssm,384,2,0100010100010011,,,,,0.17235
SI06,greedy_ssm,384,2,0100010100010111,,,,,0.17235
SI06,greedy_ssm,384,2,0100010111000110,,,,,0.17235
SI06,greedy_ssm,384,2,0100010111101111,8.2014,9.26307,9.26307,9.57734,0.17235
SI06,greedy_ssm,384,2,0100011000101010,,,,,0.17235
SI06,greedy_ssm,384,2,0100011000110010,,,,,0.17235
SI06,greedy_ssm,384,2,0100011001101010,6.18435,8.54122,8.54122,9.09965,0.17235
SI06,greedy_ssm,384,2,0100011001110100,6.75189,8.71804,8.71804,8.79397,0.17235
SI06,greedy_ssm,384,2,0100011010010001,,,,,0.17235
SI06,greedy_ssm,384,2,0100011100001010,,,,,0.17235
SI06,greedy_ssm,384,2,0100011100100000,7.12608,8.43029,8.43029,8.60351,0.17235
SI06,greedy_ssm,384,2,0100011111011111,,,,,0.17235
SI06,greedy_ssm,384,2,0100100010000010,,,,,0.17235
SI06,greedy_ssm,384,2,0100100010010111,,,,,0.17235
SI06,greedy_ssm,384,2,0100100101011100,,,,,0.17235
SI06,greedy_ssm,384,2,0100100111011001,,,,,0.17235
SI06,greedy_ssm,384,2,0100101000011000,,,,,0.17235
SI06,greedy_ssm,384,2,0100101000111110,,,,,0.17235
SI06,greedy_ssm,384,2,0100101001100111,8.08338,9.2667,9.2667,9.43698,0.17235
SI06,greedy_ssm,384,2,0100101010110010,,,,,0.17235
SI06,greedy_ssm,384,2,0100101011000011,,,,,0.17235
SI06,greedy_ssm,384,2,0100101011110101,8.13258,9.2361,9.2361,9.56383,0.17235
SI06,greedy_ssm,384,2,0100101011111110,7.85575,9.28481,9.28481,9.38423,0.17235
SI06,greedy_ssm,384,2,0100101100011111,,,,,0.17235
SI06,greedy_ssm,384,2,0100101101111100,8.36579,9.06156,9.06156,9.02935,0.17235
SI06,greedy_ssm,384,2,0100110001001111,,,,,0.17235
SI06,greedy_ssm,384,2,0100110001111111,7.75129,9.10859,9.10859,9.29372,0.17235
SI06,greedy_ssm,384,2,0100110011100110,7.93177,9.25414,9.25414,9.5706,0.17235
SI06,greedy_ssm,384,2,0100110100100001,,,,,0.17235
SI06,greedy_ssm,384,2,0100110101100000,8.0505,8.91128,8.91128,8.91128,0.17235
SI06,greedy_ssm,384,2,0100110101110011,8.61792,9.37754,9.37754,9.55594,0.17235
SI06,greedy_ssm,384,2,0100110110110010,7.54634,8.74682,8.74682,9.29408,0.17235
SI06,greedy_ssm,384,2,0100111000111100,,,,,0.17235
SI06,greedy_ssm,384,2,0100111010100110,,,,,0.17235
SI06,greedy_ssm,384,2,0100111011001001,,,,,0.17235
SI06,greedy_ssm,384,2,0100111011001100,,,,,0.17235
SI06,greedy_ssm,384,2,0100111101011000,,,,,0.17235
SI06,greedy_ssm,384,2,0100111101101110,8.19894,9.15893,9.15893,9.57734,0.17235
SI06,greedy_ssm,384,2,0101000000011011,,,,,0.17235
SI06,greedy_ssm,384,2,0101000010000101,,,,,0.17235
SI06,greedy_ssm,384,2,0101000010011000,,,,,0.17235
SI06,greedy_ssm,384,2,0101000011000101,,,,,0.17235
SI06,greedy_ssm,384,2,0101000100000100,,,,,0.17235
SI06,greedy_ssm,384,2,0101000100010101,,,,,0.17235
SI06,greedy_ssm,384,2,0101000111000011,,,,,0.17235
SI06,greedy_ssm,384,2,0101001001101100,,,,,0.17235
SI06,greedy_ssm,384,2,0101001101010100,,,,,0.17235
SI06,greedy_ssm,384,2,0101001111010101,,,,,0.17235
SI06,greedy_ssm,384,2,0101010000111001,,,,,0.17235
SI06,greedy_ssm,384,2,0101010001111000,,,,,0.17235
SI06,greedy_ssm,384,2,0101010010010010,,,,,0.17235
SI06,greedy_ssm,384,2,0101010011100100,,,,,0.17235
SI06,greedy_ssm,384,2,0101010100110011,,,,,0.17235
SI06,greedy_ssm,384,2,0101010101100010,,,,,0.17235
SI06,greedy_ssm,384,2,0101010110011110,,,,,0.17235
SI06,greedy_ssm,384,2,0101010110110100,,,,,0.17235
SI06,greedy_ssm,384,2,0101010110111111,6.2202,9.27858,9.27858,9.67119,0.17235
SI06,greedy_ssm,384,2,0101010111001011,,,,,0.17235
SI06,greedy_ssm,384,2,0101011000010001,,,,,0.17235
SI06,greedy_ssm,384,2,0101011000011000,,,,,0.17235
SI06,greedy_ssm,384,2,0101011000101111,,,,,0.17235
SI06,greedy_ssm,384,2,0101011010011010,,,,,0.17235
SI06,greedy_ssm,384,2,0101011010101101,,,,,0.17235
SI06,greedy_ssm,384,2,0101011010111001,,,,,0.17235
SI06,greedy_ssm,384,2,0101011011011100,,,,,0.17235
SI06,greedy_ssm,384,2,0101011101110101,7.90207,9.29496,9.29496,9.64155,0.17235
SI06,greedy_ssm,384,2,0101011110000001,,,,,0.17235
SI06,greedy_ssm,384,2,0101011110001001,,,,,0.17235
SI06,greedy_ssm,384,2,0101011110110010,7.03508,8.9557,8.9557,9.44717,0.17235
SI06,greedy_ssm,384,2,0101011111000011,,,,,0.17235
SI06,greedy_ssm,384,2,0101100000100101,7.63062,8.99171,8.99171,9.22004,0.17235
SI06,greedy_ssm,384,2,0101100010010000,,,,,0.17235
SI06,greedy_ssm,384,2,0101101010101111,8.09731,9.52194,9.52194,9.65068,0.17235
SI06,greedy_ssm,384,2,0101101011000011,6.65996,9.60851,9.60851,9.73616,0.17235
SI06,greedy_ssm,384,2,0101101011010001,6.48346,9.1855,9.1855,9.46947,0.17235
SI06,greedy_ssm,384,2,0101101011010010,,,,,0.17235
SI06,greedy_ssm,384,2,0101101100010000,,,,,0.17235
SI06,greedy_ssm,384,2,0101101110100111,8.80032,9.62669,9.62669,9.73616,0.17235
SI06,greedy_ssm,384,2,0101101111110001,9.02407,9.69467,9.69467,9.73616,0.17235
SI06,greedy_ssm,384,2,0101101111111011,9.45278,9.71603,9.71603,9.71603,0.17235
SI06,greedy_ssm,384,2,0101110010001100,,,,,0.17235
SI06,greedy_ssm,384,2,0101110011101010,8.53003,9.43966,9.43966,9.50905,0.17235
SI06,greedy_ssm,384,2,0101110110000001,,,,,0.17235
SI06,greedy_ssm,384,2,0101110110101000,8.00616,8.82076,8.82076,9.09421,0.17235
SI06,greedy_ssm,384,2,0101110110101110,8.07756,9.08883,9.08883,9.57734,0.17235
SI06,greedy_ssm,384,2,0101110110111110,8.08823,9.27858,9.27858,9.67119,0.17235
SI06,greedy_ssm,384,2,0101110111001000,,,,,0.17235
SI06,greedy_ssm,384,2,0101111010001111,,,,,0.17235
SI06,greedy_ssm,384,2,0101111011000110,,,,,0.17235
SI06,greedy_ssm,384,2,0101111011110010,8.46709,9.53256,9.53256,9.71095,0.17235
SI06,greedy_ssm,384,2,0101111011111100,8.66616,9.39824,9.39824,9.49638,0.17235
SI06,greedy_ssm,384,2,0101111100010010,,,,,0.17235
SI06,greedy_ssm,384,2,0101111100101000,8.12158,8.8409,8.8409,9.15856,0.17235
SI06,greedy_ssm,384,2,0101111100101011,8.79449,9.50439,9.50439,9.5988,0.17235
SI06,greedy_ssm,384,2,0101111110000011,,,,,0.17235
SI06,greedy_ssm,384,2,0101111110011101,,,,,0.17235
SI06,greedy_ssm,384,2,0101111110111011,9.09219,9.71603,9.71603,9.71603,0.17235
SI06,greedy_ssm,384,2,0110000001010010,,,,,0.17235
SI06,greedy_ssm,384,2,0110000001101001,8.21066,8.72449,8.72449,8.9199,0.17235
SI06,greedy_ssm,384,2,0110000001110110,7.81134,8.58785,8.58785,8.90416,0.17235
SI06,greedy_ssm,384,2,0110000010011011,,,,,0.17235
SI06,greedy_ssm,384,2,0110000011011001,,,,,0.17235
SI06,greedy_ssm,384,2,0110000011111011,8.56827,9.07903,9.07903,9.37387,0.17235
SI06,greedy_ssm,384,2,0110000100100111,8.42936,8.96101,8.96101,9.08563,0.17235
SI06,greedy_ssm,384,2,0110000100101111,8.31928,8.98727,8.98727,9.03058,0.17235
SI06,greedy_ssm,384,2,0110000101110111,8.34403,9.22622,9.22622,9.31862,0.17235
SI06,greedy_ssm,384,2,0110000110000010,,,,,0.17235
SI06,greedy_ssm,384,2,0110001000010011,6.18531,8.66968,8.66968,8.99502,0.17235
SI06,greedy_ssm,384,2,0110001000011111,6.44341,8.41012,8.41012,8.88405,0.17235
SI06,greedy_ssm,384,2,0110001000110101,7.85669,8.68649,8.68649,8.86684,0.17235
SI06,greedy_ssm,384,2,0110001001010000,,,,,0.17235
SI06,greedy_ssm,384,2,0110001100000011,,,,,0.17235
SI06,greedy_ssm,384,2,0110001100111110,8.12908,8.88405,8.88405,9.05056,0.17235
SI06,greedy_ssm,384,2,0110001110101001,8.41127,9.10287,9.10287,9.31014,0.17235
SI06,greedy_ssm,384,2,0110001111010001,6.59973,9.10361,9.10361,9.37989,0.17235
SI06,greedy_ssm,384,2,0110010010110101,7.92833,8.70432,8.70432,8.99539,0.17235
SI06,greedy_ssm,384,2,0110010100000101,,,,,0.17235
SI06,greedy_ssm,384,2,0110010101101000,8.01003,8.66973,8.66973,8.72068,0.17235
SI06,greedy_ssm,384,2,0110010110100101,8.17948,8.79042,8.79042,9.1821,0.17235
SI06,greedy_ssm,384,2,0110010111101110,8.32324,9.26307,9.26307,9.37608,0.17235
SI06,greedy_ssm,384,2,0110010111110100,8.53702,9.01605,9.01605,9.07791,0.17235
SI06,greedy_ssm,384,2,0110011001010010,,,,,0.17235
SI06,greedy_ssm,384,2,0110011010001100,,,,,0.17235
SI06,greedy_ssm,384,2,0110011010100001,7.8076,9.16452,9.16452,9.19756,0.17235
SI06,greedy_ssm,384,2,0110011010101011,7.95262,9.17927,9.17927,9.38081,0.17235
SI06,greedy_ssm,384,2,0110011011110001,8.62825,9.16452,9.16452,9.51729,0.17235
SI06,greedy_ssm,384,2,0110011011110011,9.02241,9.51729,9.51729,9.51729,0.17235
SI06,greedy_ssm,384,2,0110011110100111,8.7351,9.42679,9.42679,9.48779,0.17235
SI06,greedy_ssm,384,2,0110011111100000,8.67713,9.38081,9.38081,9.48779,0.17235
SI06,greedy_ssm,384,2,0110011111111110,8.61029,9.31636,9.31636,9.37608,0.17235
SI06,greedy_ssm,384,2,0110100001001101,,,,,0.17235
SI06,greedy_ssm,384,2,0110100010100101,7.21421,8.61965,8.61965,8.74483,0.17235
SI06,greedy_ssm,384,2,0110100010101100,6.98808,8.40211,8.40211,8.59588,0.17235
SI06,greedy_ssm,384,2,0110100011010101,,,,,0.17235
SI06,greedy_ssm,384,2,0110100100000001,,,,,0.17235
SI06,greedy_ssm,384,2,0110100101100001,7.93879,8.62291,8.62291,8.84225,0.17235
SI06,greedy_ssm,384,2,0110100101101000,,,,,0.17235
SI06,greedy_ssm,384,2,0110100110001111,,,,,0.17235
SI06,greedy_ssm,384,2,0110100110010101,,,,,0.17235
SI06,greedy_ssm,384,2,0110100110100111,7.9549,8.81197,8.81197,9.09116,0.17235
SI06,greedy_ssm,384,2,0110101000110010,7.0957,8.54763,8.54763,9.00706,0.17235
SI06,greedy_ssm,384,2,0110101001001010,,,,,0.17235
SI06,greedy_ssm,384,2,0110101001100001,7.8307,8.78738,8.78738,9.08974,0.17235
SI06,greedy_ssm,384,2,0110101001100101,8.04991,8.72178,8.72178,9.27136,0.17235
SI06,greedy_ssm,384,2,0110101011000101,,,,,0.17235
SI06,greedy_ssm,384,2,0110101011111010,7.88123,8.84768,8.84768,9.19051,0.17235
SI06,greedy_ssm,384,2,0110101100000111,6.12896,8.94857,8.94857,9.10796,0.17235
SI06,greedy_ssm,384,2,0110101101000110,,,,,0.17235
SI06,greedy_ssm,384,2,0110101101101101,8.2204,8.95523,8.95523,9.10728,0.17235
SI06,greedy_ssm,384,2,0110101110010011,,,,,0.17235
SI06,greedy_ssm,384,2,0110101110011011,6.36991,8.98865,8.98865,9.10318,0.17235
SI06,greedy_ssm,384,2,0110110001101001,,,,,0.17235
SI06,greedy_ssm,384,2,0110110001110001,8.08532,8.52367,8.52367,8.80142,0.17235
SI06,greedy_ssm,384,2,0110110010101110,7.78349,8.52565,8.52565,8.63618,0.17235
SI06,greedy_ssm,384,2,0110110011100101,8.27417,8.85862,8.85862,9.25414,0.17235
SI06,greedy_ssm,384,2,0110111001100010,7.83011,8.7427,8.7427,9.09272,0.17235
SI06,greedy_ssm,384,2,0110111001100100,8.14979,8.74544,8.74544,8.82822,0.17235
SI06,greedy_ssm,384,2,0110111001100111,8.22502,9.1571,9.1571,9.27073,0.17235
SI06,greedy_ssm,384,2,0110111001110010,7.78791,8.70421,8.70421,9.06161,0.17235
SI06,greedy_ssm,384,2,0110111001110101,8.32386,8.76679,8.76679,9.04058,0.17235
SI06,greedy_ssm,384,2,0110111011001000,,,,,0.17235
SI06,greedy_ssm,384,2,0110111011001010,,,,,0.17235
SI06,greedy_ssm,384,2,0110111100010100,,,,,0.17235
SI06,greedy_ssm,384,2,0110111100011100,,,,,0.17235
SI06,greedy_ssm,384,2,0110111101001111,6.29346,8.8883,8.8883,9.14888,0.17235
SI06,greedy_ssm,384,2,0110111101101110,8.17262,8.8883,8.8883,9.14888,0.17235
SI06,greedy_ssm,384,2,0110111110011110,,,,,0.17235
SI06,greedy_ssm,384,2,0110111110100010,7.92914,9.01349,9.01349,9.1422,0.17235
SI06,greedy_ssm,384,2,0111000001001101,,,,,0.17235
SI06,greedy_ssm,384,2,0111000011101010,7.52871,8.65743,8.65743,9.02295,0.17235
SI06,greedy_ssm,384,2,0111000011111111,8.1446,8.85586,8.85586,9.08568,0.17235
SI06,greedy_ssm,384,2,0111000100101000,7.60438,8.43502,8.43502,8.64352,0.17235
SI06,greedy_ssm,384,2,0111000101110000,7.55075,8.41981,8.41981,8.57687,0.17235
SI06,greedy_ssm,384,2,0111000101111011,8.11064,8.97053,8.97053,9.24172,0.17235
SI06,greedy_ssm,384,2,0111001000000011,,,,,0.17235
SI06,greedy_ssm,384,2,0111001010011001,,,,,0.17235
SI06,greedy_ssm,384,2,0111001011100000,8.20147,8.87012,8.87012,8.94552,0.17235
SI06,greedy_ssm,384,2,0111001100001001,,,,,0.17235
SI06,greedy_ssm,384,2,0111001110001111,,,,,0.17235
SI06,greedy_ssm,384,2,0111001110100110,7.78999,8.80884,8.80884,9.01841,0.17235
SI06,greedy_ssm,384,2,0111001110101010,7.62951,8.71053,8.71053,9.14407,0.17235
SI06,greedy_ssm,384,2,0111001111001111,,,,,0.17235
SI06,greedy_ssm,384,2,0111010001010110,,,,,0.17235
SI06,greedy_ssm,384,2,0111010001101101,,,,,0.17235
SI06,greedy_ssm,384,2,0111010011010010,,,,,0.17235
SI06,greedy_ssm,384,2,0111010110001100,,,,,0.17235
SI06,greedy_ssm,384,2,0111010110111101,7.92722,8.67207,8.67207,8.90368,0.17235
SI06,greedy_ssm,384,2,0111010111001111,,,,,0.17235
SI06,greedy_ssm,384,2,0111010111101111,8.21787,9.26307,9.26307,9.37608,0.17235
SI06,greedy_ssm,384,2,0111011000010011,,,,,0.17235
SI06,greedy_ssm,384,2,0111011011100000,8.10826,8.90917,8.90917,9.06912,0.17235
SI06,greedy_ssm,384,2,0111011110100001,7.60625,9.01349,9.01349,9.1422,0.17235
SI06,greedy_ssm,384,2,0111100000110001,8.05068,8.83232,8.83232,9.00489,0.17235
SI06,greedy_ssm,384,2,0111100001000001,,,,,0.17235
SI06,greedy_ssm,384,2,0111100001111111,8.309,9.12423,9.12423,9.19249,0.17235
SI06,greedy_ssm,384,2,0111100011100010,8.21889,9.04714,9.04714,9.36761,0.17235
SI06,greedy_ssm,384,2,0111100011110100,8.29305,9.02529,9.02529,9.12701,0.17235
SI06,greedy_ssm,384,2,0111100111100101,8.42486,9.12174,9.12174,9.47913,0.17235
SI06,greedy_ssm,384,2,0111101001011100,,,,,0.17235
SI06,greedy_ssm,384,2,0111101001100010,8.02125,9.04653,9.04653,9.40213,0.17235
SI06,greedy_ssm,384,2,0111101010011011,6.68779,8.98865,8.98865,9.10318,0.17235
SI06,greedy_ssm,384,2,0111101011010111,7.163,9.21837,9.21837,9.40839,0.17235
SI06,greedy_ssm,384,2,0111101110001110,,,,,0.17235
SI06,greedy_ssm,384,2,0111101110111100,8.51644,8.91227,8.91227,9.05427,0.17235
SI06,greedy_ssm,384,2,0111101111110000,8.59781,9.14575,9.14575,9.41388,0.17235
SI06,greedy_ssm,384,2,0111110000000010,,,,,0.17235
SI06,greedy_ssm,384,2,0111110000101011,8.35824,9.21308,9.21308,9.24529,0.17235
SI06,greedy_ssm,384,2,0111110000111011,8.42755,8.88862,8.88862,9.21308,0.17235
SI06,greedy_ssm,384,2,0111110100010110,,,,,0.17235
SI06,greedy_ssm,384,2,0111110110001010,,,,,0.17235
SI06,greedy_ssm,384,2,0111111011000101,6.66342,9.15799,9.15799,9.41166,0.17235
SI06,greedy_ssm,384,2,0111111011010001,7.03562,8.91526,8.91526,9.34765,0.17235
SI06,greedy_ssm,384,2,0111111011011011,7.12731,9.29479,9.29479,9.39127,0.17235
SI06,greedy_ssm,384,2,0111111011101010,8.508,9.29997,9.29997,9.50905,0.17235
SI06,greedy_ssm,384,2,0111111100001110,,,,,0.17235
SI06,greedy_ssm,384,2,1000000000100010,,,,,0.17235
SI06,greedy_ssm,384,2,1000000011111000,,,,,0.17235
SI06,greedy_ssm,384,2,1000000110001110,,,,,0.17235
SI06,greedy_ssm,384,2,1000000111110111,7.95008,9.16005,9.16005,9.44862,0.17235
SI06,greedy_ssm,384,2,1000001010010101,,,,,0.17235
SI06,greedy_ssm,384,2,1000001010111111,,,,,0.17235
SI06,greedy_ssm,384,2,1000001011000011,,,,,0.17235
SI06,greedy_ssm,384,2,1000001100000011,,,,,0.17235
SI06,greedy_ssm,384,2,1000001100101011,7.28425,9.03058,9.03058,9.03058,0.17235
SI06,greedy_ssm,384,2,1000001100110001,6.89703,8.60275,8.60275,8.99502,0.17235
SI06,greedy_ssm,384,2,1000001101000011,,,,,0.17235
SI06,greedy_ssm,384,2,1000001101111011,8.14094,9.2486,9.2486,9.45015,0.17235
SI06,greedy_ssm,384,2,1000001110000101,,,,,0.17235
SI06,greedy_ssm,384,2,1000001110101011,7.29987,9.10452,9.10452,9.3919,0.17235
SI06,greedy_ssm,384,2,1000010000011100,,,,,0.17235
SI06,greedy_ssm,384,2,1000010000111011,6.47551,8.48468,8.48468,8.81368,0.17235
SI06,greedy_ssm,384,2,1000010000111111,,,,,0.17235
SI06,greedy_ssm,384,2,1000010001010111,,,,,0.17235
SI06,greedy_ssm,384,2,1000010011011110,,,,,0.17235
SI06,greedy_ssm,384,2,1000010100110011,7.14751,8.7931,8.7931,8.88593,0.17235
SI06,greedy_ssm,384,2,1000010101000001,,,,,0.17235
SI06,greedy_ssm,384,2,1000010101011000,,,,,0.17235
SI06,greedy_ssm,384,2,1000010101101111,7.76015,8.93515,8.93515,9.22147,0.17235
SI06,greedy_ssm,384,2,1000011000011000,,,,,0.17235
SI06,greedy_ssm,384,2,1000011000101110,,,,,0.17235
SI06,greedy_ssm,384,2,1000011001000000,,,,,0.17235
SI06,greedy_ssm,384,2,1000011010100011,,,,,0.17235
SI06,greedy_ssm,384,2,1000011011001001,,,,,0.17235
SI06,greedy_ssm,384,2,1000011101100000,7.70064,8.68351,8.68351,8.97342,0.17235
SI06,greedy_ssm,384,2,1000011110011010,,,,,0.17235
SI06,greedy_ssm,384,2,1000011110111100,7.44408,8.64748,8.64748,8.98607,0.17235
SI06,greedy_ssm,384,2,1000100000011101,,,,,0.17235
SI06,greedy_ssm,384,2,1000100010111011,,,,,0.17235
SI06,greedy_ssm,384,2,1000100011010011,,,,,0.17235
SI06,greedy_ssm,384,2,1000100011011110,,,,,0.17235
SI06,greedy_ssm,384,2,1000100011100110,8.09017,9.22744,9.22744,9.47559,0.17235
SI06,greedy_ssm,384,2,1000100011110110,8.0501,9.03245,9.03245,9.16005,0.17235
SI06,greedy_ssm,384,2,1000100100110011,6.95184,8.92609,8.92609,9.22761,0.17235
SI06,greedy_ssm,384,2,1000100101000100,,,,,0.17235
SI06,greedy_ssm,384,2,1000101000000101,,,,,0.17235
SI06,greedy_ssm,384,2,1000101000000111,,,,,0.17235
SI06,greedy_ssm,384,2,1000101001100011,8.16428,9.35244,9.35244,9.60851,0.17235
SI06,greedy_ssm,384,2,1000101011100111,8.40441,9.58331,9.58331,9.62669,0.17235
SI06,greedy_ssm,384,2,1000101100010010,,,,,0.17235
SI06,greedy_ssm,384,2,1000101100101001,7.41008,8.81558,8.81558,9.15706,0.17235
SI06,greedy_ssm,384,2,1000101110001100,,,,,0.17235
SI06,greedy_ssm,384,2,1000101110010111,,,,,0.17235
SI06,greedy_ssm,384,2,1000101110101100,7.47897,8.77839,8.77839,9.30648,0.17235
SI06,greedy_ssm,384,2,1000110000001001,,,,,0.17235
SI06,greedy_ssm,384,2,1000110001000011,,,,,0.17235
SI06,greedy_ssm,384,2,1000110001101100,7.43668,8.68817,8.68817,8.87136,0.17235
SI06,greedy_ssm,384,2,1000110011001000,,,,,0.17235
SI06,greedy_ssm,384,2,1000110011010000,,,,,0.17235
SI06,greedy_ssm,384,2,1000110011100000,8.01389,8.92718,8.92718,9.1673,0.17235
SI06,greedy_ssm,384,2,1000110100000000,,,,,0.17235
SI06,greedy_ssm,384,2,1000110100110111,7.08709,9.05514,9.05514,9.38585,0.17235
SI06,greedy_ssm,384,2,1000110110100111,7.16114,9.18101,9.18101,9.36261,0.17235
SI06,greedy_ssm,384,2,1000111000100101,,,,,0.17235
SI06,greedy_ssm,384,2,1000111001001100,,,,,0.17235
SI06,greedy_ssm,384,2,1000111010000001,,,,,0.17235
SI06,greedy_ssm,384,2,1000111011101101,8.35343,9.33529,9.33529,9.62967,0.17235
SI06,greedy_ssm,384,2,1000111100000111,,,,,0.17235
SI06,greedy_ssm,384,2,1000111100011111,,,,,0.17235
SI06,greedy_ssm,384,2,1000111100100110,,,,,0.17235
SI06,greedy_ssm,384,2,1000111100111110,7.36268,9.12846,9.12846,9.23421,0.17235
SI06,greedy_ssm,384,2,1000111101010101,,,,,0.17235
SI06,greedy_ssm,384,2,1000111101011101,,,,,0.17235
SI06,greedy_ssm,384,2,1000111101101011,8.71442,9.63947,9.63947,9.63947,0.17235
SI06,greedy_ssm,384,2,1000111101110101,8.81426,9.38585,9.38585,9.67993,0.17235
SI06,greedy_ssm,384,2,1000111110000010,,,,,0.17235
SI06,greedy_ssm,384,2,1000111111110001,8.96839,9.52194,9.52194,9.71095,0.17235
SI06,greedy_ssm,384,2,1000111111111110,8.60087,9.40934,9.40934,9.67993,0.17235
SI06,greedy_ssm,384,2,1001000000001011,,,,,0.17235
SI06,greedy_ssm,384,2,1001000001010000,,,,,0.17235
SI06,greedy_ssm,384,2,1001000010000101,,,,,0.17235
SI06,greedy_ssm,384,2,1001000011110000,,,,,0.17235
SI06,greedy_ssm,384,2,1001000011111100,,,,,0.17235
SI06,greedy_ssm,384,2,1001000011111101,,,,,0.17235
SI06,greedy_ssm,384,2,1001000100000001,,,,,0.17235
SI06,greedy_ssm,384,2,1001000101111100,,,,,0.17235
SI06,greedy_ssm,384,2,1001000110000110,,,,,0.17235
SI06,greedy_ssm,384,2,1001000111000101,,,,,0.17235
SI06,greedy_ssm,384,2,1001001001000101,,,,,0.17235
SI06,greedy_ssm,384,2,1001001001011010,,,,,0.17235
SI06,greedy_ssm,384,2,1001001111011010,,,,,0.17235
SI06,greedy_ssm,384,2,1001010010011110,,,,,0.17235
SI06,greedy_ssm,384,2,1001010100001111,,,,,0.17235
SI06,greedy_ssm,384,2,1001010101011110,,,,,0.17235
SI06,greedy_ssm,384,2,1001010110100111,,,,,0.17235
SI06,greedy_ssm,384,2,1001010110111100,,,,,0.17235
SI06,greedy_ssm,384,2,1001011000010110,,,,,0.17235
SI06,greedy_ssm,384,2,1001011001100000,,,,,0.17235
SI06,greedy_ssm,384,2,1001011010011100,,,,,0.17235
SI06,greedy_ssm,384,2,1001011011110100,,,,,0.17235
SI06,greedy_ssm,384,2,1001011100000001,,,,,0.17235
SI06,greedy_ssm,384,2,1001011100110000,,,,,0.17235
SI06,greedy_ssm,384,2,1001011101010101,,,,,0.17235
SI06,greedy_ssm,384,2,1001011101100110,,,,,0.17235
SI06,greedy_ssm,384,2,1001011110111010,,,,,0.17235
SI06,greedy_ssm,384,2,1001100000001011,,,,,0.17235
SI06,greedy_ssm,384,2,1001100001110000,8.57674,8.81498,8.81498,9.22696,0.17235
SI06,greedy_ssm,384,2,1001100010001011,,,,,0.17235
SI06,greedy_ssm,384,2,1001100110001011,,,,,0.17235
SI06,greedy_ssm,384,2,1001100110101001,8.17479,9.15706,9.15706,9.37953,0.17235
SI06,greedy_ssm,384,2,1001100110111011,8.49097,9.50302,9.50302,9.66331,0.17235
SI06,greedy_ssm,384,2,1001100111011100,,,,,0.17235
SI06,greedy_ssm,384,2,1001100111101100,8.46814,9.30648,9.30648,9.2856,0.17235
SI06,greedy_ssm,384,2,1001101000110101,7.83793,8.91886,8.91886,9.21995,0.17235
SI06,greedy_ssm,384,2,1001101001100100,8.78279,9.38544,9.38544,9.38544,0.17235
SI06,greedy_ssm,384,2,1001101010110011,7.89684,9.46947,9.46947,9.69467,0.17235
SI06,greedy_ssm,384,2,1001101011011011,6.41741,9.49108,9.49108,9.66331,0.17235
SI06,greedy_ssm,384,2,1001101011111111,9.11489,9.59229,9.59229,9.69761,0.17235
SI06,greedy_ssm,384,2,1001101100000011,,,,,0.17235
SI06,greedy_ssm,384,2,1001101100011011,,,,,0.17235
SI06,greedy_ssm,384,2,1001101101101010,8.51033,9.32592,9.32592,9.58677,0.17235
SI06,greedy_ssm,384,2,1001101110010011,,,,,0.17235
SI06,greedy_ssm,384,2,1001101111011111,7.12967,9.59229,9.59229,9.69761,0.17235
SI06,greedy_ssm,384,2,1001110000000110,,,,,0.17235
SI06,greedy_ssm,384,2,1001110001111110,8.40192,9.10859,9.10859,9.29372,0.17235
SI06,greedy_ssm,384,2,1001110010011010,,,,,0.17235
SI06,greedy_ssm,384,2,1001110010110101,8.13805,9.02937,9.02937,9.29131,0.17235
SI06,greedy_ssm,384,2,1001110100101000,8.09029,8.75022,8.75022,8.91128,0.17235
SI06,greedy_ssm,384,2,1001110100101110,8.13315,8.85279,8.85279,9.16879,0.17235
SI06,greedy_ssm,384,2,1001110101101000,8.36795,8.91128,8.91128,8.91128,0.17235
SI06,greedy_ssm,384,2,1001110101111100,8.41032,9.01855,9.01855,9.34877,0.17235
SI06,greedy_ssm,384,2,1001110110100111,8.4551,9.36107,9.36107,9.7021,0.17235
SI06,greedy_ssm,384,2,1001111000100110,7.44836,8.84097,8.84097,9.3202,0.17235
SI06,greedy_ssm,384,2,1001111010010100,,,,,0.17235
SI06,greedy_ssm,384,2,1001111010101011,8.08337,9.50905,9.50905,9.62967,0.17235
SI06,greedy_ssm,384,2,1001111010101110,7.68935,9.17509,9.17509,9.62967,0.17235
SI06,greedy_ssm,384,2,1001111011001001,,,,,0.17235
SI06,greedy_ssm,384,2,1001111011100001,9.09323,9.6161,9.6161,9.76193,0.17235
SI06,greedy_ssm,384,2,1001111011100110,8.52763,9.45838,9.45838,9.7021,0.17235
SI06,greedy_ssm,384,2,1001111110011110,,,,,0.17235
SI06,greedy_ssm,384,2,1010000011101110,8.21219,8.95765,8.95765,9.13896,0.17235
SI06,greedy_ssm,384,2,1010000101110110,7.97963,8.67804,8.67804,9.13324,0.17235
SI06,greedy_ssm,384,2,1010000111101011,8.53697,9.31014,9.31014,9.38453,0.17235
SI06,greedy_ssm,384,2,1010001010010110,,,,,0.17235
SI06,greedy_ssm,384,2,1010001010100010,6.52742,8.82778,8.82778,9.19331,0.17235
SI06,greedy_ssm,384,2,1010001010111110,7.18382,8.51993,8.51993,8.94207,0.17235
SI06,greedy_ssm,384,2,1010001100011110,,,,,0.17235
SI06,greedy_ssm,384,2,1010001101011010,,,,,0.17235
SI06,greedy_ssm,384,2,1010001101101111,8.52413,9.26674,9.26674,9.37608,0.17235
SI06,greedy_ssm,384,2,1010001110100100,8.00704,8.93739,8.93739,9.06106,0.17235
SI06,greedy_ssm,384,2,1010001111001101,,,,,0.17235
SI06,greedy_ssm,384,2,1010001111011010,,,,,0.17235
SI06,greedy_ssm,384,2,1010010000011001,,,,,0.17235
SI06,greedy_ssm,384,2,1010010001000110,,,,,0.17235
SI06,greedy_ssm,384,2,1010010010010101,,,,,0.17235
SI06,greedy_ssm,384,2,1010010010111110,7.40658,8.50108,8.50108,8.762,0.17235
SI06,greedy_ssm,384,2,1010010011110000,8.43898,8.76911,8.76911,8.94169,0.17235
SI06,greedy_ssm,384,2,1010011000110101,7.75149,8.86684,8.86684,8.99556,0.17235
SI06,greedy_ssm,384,2,1010011100101011,8.37406,9.06426,9.06426,9.27484,0.17235
SI06,greedy_ssm,384,2,1010011101100001,8.33767,9.19522,9.19522,9.48779,0.17235
SI06,greedy_ssm,384,2,1010011110000011,,,,,0.17235
SI06,greedy_ssm,384,2,1010011111010011,6.91876,9.51729,9.51729,9.51729,0.17235
SI06,greedy_ssm,384,2,1010100001110100,7.97285,8.50415,8.50415,8.76247,0.17235
SI06,greedy_ssm,384,2,1010100011110011,8.38091,8.92609,8.92609,9.26693,0.17235
SI06,greedy_ssm,384,2,1010100100011100,,,,,0.17235
SI06,greedy_ssm,384,2,1010100100111001,8.36494,8.65448,8.65448,8.88857,0.17235
SI06,greedy_ssm,384,2,1010100101100100,7.81391,8.5462,8.5462,8.72859,0.17235
SI06,greedy_ssm,384,2,1010100110000000,,,,,0.17235
SI06,greedy_ssm,384,2,1010100110011010,,,,,0.17235
SI06,greedy_ssm,384,2,1010100110100001,8.02942,8.65224,8.65224,8.7967,0.17235
SI06,greedy_ssm,384,2,1010100110101111,8.20642,8.80828,8.80828,9.04692,0.17235
SI06,greedy_ssm,384,2,1010101000100110,7.37934,8.50945,8.50945,8.67653,0.17235
SI06,greedy_ssm,384,2,1010101001100000,7.98794,8.62174,8.62174,8.87012,0.17235
SI06,greedy_ssm,384,2,1010101001110100,8.09002,8.67601,8.67601,8.82723,0.17235
SI06,greedy_ssm,384,2,1010101100101111,8.48651,9.14704,9.14704,9.2716,0.17235
SI06,greedy_ssm,384,2,1010101101010101,,,,,0.17235
SI06,greedy_ssm,384,2,1010110000101001,7.74937,8.69884,8.69884,8.88862,0.17235
SI06,greedy_ssm,384,2,1010110000110110,7.68657,8.57622,8.57622,8.6439,0.17235
SI06,greedy_ssm,384,2,1010110010010111,,,,,0.17235
SI06,greedy_ssm,384,2,1010110010100000,7.32316,8.63254,8.63254,8.7888,0.17235
SI06,greedy_ssm,384,2,1010110100011100,,,,,0.17235
SI06,greedy_ssm,384,2,1010110110111001,8.2681,8.7054,8.7054,8.96113,0.17235
SI06,greedy_ssm,384,2,1010110111001100,,,,,0.17235
SI06,greedy_ssm,384,2,1010111010010110,,,,,0.17235
SI06,greedy_ssm,384,2,1010111010111011,8.00187,8.9592,8.9592,9.3076,0.17235
SI06,greedy_ssm,384,2,1010111011110001,8.55372,9.01417,9.01417,9.34765,0.17235
SI06,greedy_ssm,384,2,1010111011111010,8.1845,8.9592,8.9592,9.3076,0.17235
SI06,greedy_ssm,384,2,1010111101000010,,,,,0.17235
SI06,greedy_ssm,384,2,1010111101100000,8.31832,8.76694,8.76694,8.98394,0.17235
SI06,greedy_ssm,384,2,1011000001001110,,,,,0.17235
SI06,greedy_ssm,384,2,1011000100000100,,,,,0.17235
SI06,greedy_ssm,384,2,1011000101100010,,,,,0.17235
SI06,greedy_ssm,384,2,1011000110100101,7.11718,8.57291,8.57291,8.99812,0.17235
SI06,greedy_ssm,384,2,1011000110110111,7.81106,8.93046,8.93046,9.21899,0.17235
SI06,greedy_ssm,384,2,1011000111101001,8.0357,8.77489,8.77489,9.08151,0.17235
SI06,greedy_ssm,384,2,1011001001010100,,,,,0.17235
SI06,greedy_ssm,384,2,1011001001100011,7.95179,9.13712,9.13712,9.35244,0.17235
SI06,greedy_ssm,384,2,1011001001110101,7.40731,8.70716,8.70716,8.95518,0.17235
SI06,greedy_ssm,384,2,1011001010000001,,,,,0.17235
SI06,greedy_ssm,384,2,1011001010000111,,,,,0.17235
SI06,greedy_ssm,384,2,1011001010101110,6.45578,8.74134,8.74134,8.94936,0.17235
SI06,greedy_ssm,384,2,1011001011001110,,,,,0.17235
SI06,greedy_ssm,384,2,1011001011111010,7.83955,8.81069,8.81069,9.19051,0.17235
SI06,greedy_ssm,384,2,1011001100001101,,,,,0.17235
SI06,greedy_ssm,384,2,1011001100101111,7.81012,9.14704,9.14704,9.2716,0.17235
SI06,greedy_ssm,384,2,1011001100111100,7.6313,8.60165,8.60165,8.88064,0.17235
SI06,greedy_ssm,384,2,1011001110011101,,,,,0.17235
SI06,greedy_ssm,384,2,1011001110110100,7.77871,8.80611,8.80611,9.01591,0.17235
SI06,greedy_ssm,384,2,1011001110111100,7.67962,8.88064,8.88064,8.91227,0.17235
SI06,greedy_ssm,384,2,1011001111100010,8.03564,9.0953,9.0953,9.43515,0.17235
SI06,greedy_ssm,384,2,1011001111100111,8.4318,9.41784,9.41784,9.62669,0.17235
SI06,greedy_ssm,384,2,1011010011000010,,,,,0.17235
SI06,greedy_ssm,384,2,1011010011100100,8.10364,8.77892,8.77892,9.01875,0.17235
SI06,greedy_ssm,384,2,1011010011110000,7.90739,8.69087,8.69087,8.76911,0.17235
SI06,greedy_ssm,384,2,1011010100001110,,,,,0.17235
SI06,greedy_ssm,384,2,1011010100110100,7.74996,8.58489,8.58489,8.78427,0.17235
SI06,greedy_ssm,384,2,1011010101110100,7.66251,8.56276,8.56276,8.93688,0.17235
SI06,greedy_ssm,384,2,1011010101110111,7.86862,8.97068,8.97068,9.29883,0.17235
SI06,greedy_ssm,384,2,1011010110000101,,,,,0.17235
SI06,greedy_ssm,384,2,1011010111101000,7.83782,8.67836,8.67836,8.77817,0.17235
SI06,greedy_ssm,384,2,1011011001000111,,,,,0.17235
SI06,greedy_ssm,384,2,1011011010011010,,,,,0.17235
SI06,greedy_ssm,384,2,1011011010011011,,,,,0.17235
SI06,greedy_ssm,384,2,1011011101000100,,,,,0.17235
SI06,greedy_ssm,384,2,1011011101000111,,,,,0.17235
SI06,greedy_ssm,384,2,1011011111010111,6.12441,9.12874,9.12874,9.38756,0.17235
SI06,greedy_ssm,384,2,1011100000100111,8.44429,8.99794,8.99794,9.10796,0.17235
SI06,greedy_ssm,384,2,1011100001111111,8.41317,9.12423,9.12423,9.19249,0.17235
SI06,greedy_ssm,384,2,1011100010000101,,,,,0.17235
SI06,greedy_ssm,384,2,1011100010100100,8.19324,8.76412,8.76412,8.9397,0.17235
SI06,greedy_ssm,384,2,1011100011011110,,,,,0.17235
SI06,greedy_ssm,384,2,1011100011101111,8.81578,9.30368,9.30368,9.52194,0.17235
SI06,greedy_ssm,384,2,1011100100011011,,,,,0.17235
SI06,greedy_ssm,384,2,1011100110101010,8.20548,8.83092,8.83092,9.14407,0.17235
SI06,greedy_ssm,384,2,1011100111000110,,,,,0.17235
SI06,greedy_ssm,384,2,1011100111101011,8.77489,9.32592,9.32592,9.58677,0.17235
SI06,greedy_ssm,384,2,1011101010000010,,,,,0.17235
SI06,greedy_ssm,384,2,1011101010011110,,,,,0.17235
SI06,greedy_ssm,384,2,1011101011010001,6.79624,8.93085,8.93085,9.20042,0.17235
SI06,greedy_ssm,384,2,1011101101000000,,,,,0.17235
SI06,greedy_ssm,384,2,1011101101110010,8.26052,9.25448,9.25448,9.59164,0.17235
SI06,greedy_ssm,384,2,1011101110001100,,,,,0.17235
SI06,greedy_ssm,384,2,1011101111010000,,,,,0.17235
SI06,greedy_ssm,384,2,1011101111110000,8.57366,9.14575,9.14575,9.41388,0.17235
SI06,greedy_ssm,384,2,1011101111110001,8.74629,9.41388,9.41388,9.69467,0.17235
SI06,greedy_ssm,384,2,1011110001111101,8.43354,8.82544,8.82544,9.05389,0.17235
SI06,greedy_ssm,384,2,1011110010000101,,,,,0.17235
SI06,greedy_ssm,384,2,1011110010111111,8.58665,9.02607,9.02607,9.22924,0.17235
SI06,greedy_ssm,384,2,1011110011011011,7.02018,9.1258,9.1258,9.30995,0.17235
SI06,greedy_ssm,384,2,1011110100010100,,,,,0.17235
SI06,greedy_ssm,384,2,1011111000110010,7.92743,8.81236,8.81236,9.25459,0.17235
SI06,greedy_ssm,384,2,1011111010110100,8.29707,8.90691,8.90691,9.12231,0.17235
SI06,greedy_ssm,384,2,1011111111010000,,,,,0.17235
SI06,greedy_ssm,384,2,1100000000011100,,,,,0.17235
SI06,greedy_ssm,384,2,1100000001010110,,,,,0.17235
SI06,greedy_ssm,384,2,1100000001101110,6.9405,8.637,8.637,8.95765,0.17235
SI06,greedy_ssm,384,2,1100000010100111,6.76564,9.10249,9.10249,9.15161,0.17235
SI06,greedy_ssm,384,2,1100000011001001,,,,,0.17235
SI06,greedy_ssm,384,2,1100000100000111,,,,,0.17235
SI06,greedy_ssm,384,2,1100000100001000,,,,,0.17235
SI06,greedy_ssm,384,2,1100000100001100,,,,,0.17235
SI06,greedy_ssm,384,2,1100000100011110,,,,,0.17235
SI06,greedy_ssm,384,2,1100000100101000,6.89092,8.46239,8.46239,8.63162,0.17235
SI06,greedy_ssm,384,2,1100000101001000,,,,,0.17235
SI06,greedy_ssm,384,2,1100000101001101,,,,,0.17235
SI06,greedy_ssm,384,2,1100000101110100,7.93548,9.06156,9.06156,9.06156,0.17235
SI06,greedy_ssm,384,2,1100000111101110,8.09672,9.09174,9.09174,9.39225,0.17235
SI06,greedy_ssm,384,2,1100001000110110,,,,,0.17235
SI06,greedy_ssm,384,2,1100001000111110,,,,,0.17235
SI06,greedy_ssm,384,2,1100001001001110,,,,,0.17235
SI06,greedy_ssm,384,2,1100001001111001,7.4717,8.881,8.881,9.23741,0.17235
SI06,greedy_ssm,384,2,1100001011010001,,,,,0.17235
SI06,greedy_ssm,384,2,1100001100101000,7.51,8.63162,8.63162,9.03058,0.17235
SI06,greedy_ssm,384,2,1100001100110101,7.68684,8.90723,8.90723,8.99556,0.17235
SI06,greedy_ssm,384,2,1100001101101100,8.30212,8.79602,8.79602,9.03132,0.17235
SI06,greedy_ssm,384,2,1100001110001000,,,,,0.17235
SI06,greedy_ssm,384,2,1100001110111100,7.88177,8.85726,8.85726,9.12576,0.17235
SI06,greedy_ssm,384,2,1100010000100111,7.2259,8.7137,8.7137,8.92592,0.17235
SI06,greedy_ssm,384,2,1100010011001010,,,,,0.17235
SI06,greedy_ssm,384,2,1100010011111000,7.57223,8.79031,8.79031,8.87094,0.17235
SI06,greedy_ssm,384,2,1100010101001010,,,,,0.17235
SI06,greedy_ssm,384,2,1100010101101010,7.99231,8.72068,8.72068,9.06426,0.17235
SI06,greedy_ssm,384,2,1100010101110011,8.44421,9.37754,9.37754,9.55594,0.17235
SI06,greedy_ssm,384,2,1100011000010100,,,,,0.17235
SI06,greedy_ssm,384,2,1100011010100110,,,,,0.17235
SI06,greedy_ssm,384,2,1100011011011011,,,,,0.17235
SI06,greedy_ssm,384,2,1100011011011110,,,,,0.17235
SI06,greedy_ssm,384,2,1100011100000111,,,,,0.17235
SI06,greedy_ssm,384,2,1100011100111000,7.52637,8.80924,8.80924,9.05759,0.17235
SI06,greedy_ssm,384,2,1100011101000011,,,,,0.17235
SI06,greedy_ssm,384,2,1100011101001100,,,,,0.17235
SI06,greedy_ssm,384,2,1100011110000000,,,,,0.17235
SI06,greedy_ssm,384,2,1100011110000101,,,,,0.17235
SI06,greedy_ssm,384,2,1100011110111110,7.45001,9.06092,9.06092,9.40934,0.17235
SI06,greedy_ssm,384,2,1100011111000011,,,,,0.17235
SI06,greedy_ssm,384,2,1100011111011110,,,,,0.17235
SI06,greedy_ssm,384,2,1100100000001010,,,,,0.17235
SI06,greedy_ssm,384,2,1100100000010100,,,,,0.17235
SI06,greedy_ssm,384,2,1100100000011011,,,,,0.17235
SI06,greedy_ssm,384,2,1100100011101000,8.36059,8.99808,8.99808,9.11134,0.17235
SI06,greedy_ssm,384,2,1100100011110100,8.22874,9.12701,9.12701,9.38544,0.17235
SI06,greedy_ssm,384,2,1100100100000110,,,,,0.17235
SI06,greedy_ssm,384,2,1100100101000011,,,,,0.17235
SI06,greedy_ssm,384,2,1100100110101001,7.56157,9.14055,9.14055,9.3919,0.17235
SI06,greedy_ssm,384,2,1100100111000100,,,,,0.17235
SI06,greedy_ssm,384,2,1100100111011000,,,,,0.17235
SI06,greedy_ssm,384,2,1100100111101011,9.14055,9.63947,9.63947,9.63947,0.17235
SI06,greedy_ssm,384,2,1100101000110101,,,,,0.17235
SI06,greedy_ssm,384,2,1100101001000010,,,,,0.17235
SI06,greedy_ssm,384,2,1100101001011001,,,,,0.17235
SI06,greedy_ssm,384,2,1100101010011000,,,,,0.17235
SI06,greedy_ssm,384,2,1100101011000010,,,,,0.17235
SI06,greedy_ssm,384,2,1100101101110011,9.12249,9.69467,9.69467,9.73616,0.17235
SI06,greedy_ssm,384,2,1100101110111110,7.81198,9.34681,9.34681,9.59346,0.17235
SI06,greedy_ssm,384,2,1100101111110111,9.59346,9.72572,9.72572,9.72572,0.17235
SI06,greedy_ssm,384,2,1100110001000110,,,,,0.17235
SI06,greedy_ssm,384,2,1100110001010101,,,,,0.17235
SI06,greedy_ssm,384,2,1100110010000011,,,,,0.17235
SI06,greedy_ssm,384,2,1100110010000100,,,,,0.17235
SI06,greedy_ssm,384,2,1100110011000011,,,,,0.17235
SI06,greedy_ssm,384,2,1100110101010001,,,,,0.17235
SI06,greedy_ssm,384,2,1100111001110001,8.18036,9.37754,9.37754,9.55594,0.17235
SI06,greedy_ssm,384,2,1100111100011010,,,,,0.17235
SI06,greedy_ssm,384,2,1100111101101110,8.47305,9.56587,9.56587,9.63947,0.17235
SI06,greedy_ssm,384,2,1100111101110010,8.58677,9.55594,9.55594,9.71095,0.17235
SI06,greedy_ssm,384,2,1100111110000111,,,,,0.17235
SI06,greedy_ssm,384,2,1101000001101000,,,,,0.17235
SI06,greedy_ssm,384,2,1101000010100101,,,,,0.17235
SI06,greedy_ssm,384,2,1101000011000100,,,,,0.17235
SI06,greedy_ssm,384,2,1101000011011100,,,,,0.17235
SI06,greedy_ssm,384,2,1101000011100111,7.17672,9.58331,9.58331,9.62669,0.17235
SI06,greedy_ssm,384,2,1101000100000110,,,,,0.17235
SI06,greedy_ssm,384,2,1101000101011001,,,,,0.17235
SI06,greedy_ssm,384,2,1101000101100010,,,,,0.17235
SI06,greedy_ssm,384,2,1101000110110101,,,,,0.17235
SI06,greedy_ssm,384,2,1101000110111001,6.23142,9.16364,9.16364,9.50302,0.17235
SI06,greedy_ssm,384,2,1101000110111101,,,,,0.17235
SI06,greedy_ssm,384,2,1101000111000101,,,,,0.17235
SI06,greedy_ssm,384,2,1101001000011110,,,,,0.17235
SI06,greedy_ssm,384,2,1101001001111000,,,,,0.17235
SI06,greedy_ssm,384,2,1101001011110010,,,,,0.17235
SI06,greedy_ssm,384,2,1101001110101011,7.10713,9.58677,9.58677,9.73616,0.17235
SI06,greedy_ssm,384,2,1101001110111101,7.38154,9.57779,9.57779,9.59229,0.17235
SI06,greedy_ssm,384,2,1101001111001010,,,,,0.17235
SI06,greedy_ssm,384,2,1101001111101001,8.14128,9.58677,9.58677,9.73616,0.17235
SI06,greedy_ssm,384,2,1101010001000101,,,,,0.17235
SI06,greedy_ssm,384,2,1101010001010011,,,,,0.17235
SI06,greedy_ssm,384,2,1101010010100010,,,,,0.17235
SI06,greedy_ssm,384,2,1101010010101100,,,,,0.17235
SI06,greedy_ssm,384,2,1101010011101000,,,,,0.17235
SI06,greedy_ssm,384,2,1101010100001100,,,,,0.17235
SI06,greedy_ssm,384,2,1101010110000110,,,,,0.17235
SI06,greedy_ssm,384,2,1101010110001110,,,,,0.17235
SI06,greedy_ssm,384,2,1101010110101110,,,,,0.17235
SI06,greedy_ssm,384,2,1101010110111001,,,,,0.17235
SI06,greedy_ssm,384,2,1101010110111011,6.95234,9.4709,9.4709,9.71603,0.17235
SI06,greedy_ssm,384,2,1101010111000110,,,,,0.17235
SI06,greedy_ssm,384,2,1101011000000110,,,,,0.17235
SI06,greedy_ssm,384,2,1101011001110110,,,,,0.17235
SI06,greedy_ssm,384,2,1101011010010111,,,,,0.17235
SI06,greedy_ssm,384,2,1101011010101100,,,,,0.17235
SI06,greedy_ssm,384,2,1101011011001000,,,,,0.17235
SI06,greedy_ssm,384,2,1101011011011011,,,,,0.17235
SI06,greedy_ssm,384,2,1101011100100111,7.3092,9.48644,9.48644,9.7021,0.17235
SI06,greedy_ssm,384,2,1101011110011100,,,,,0.17235
SI06,greedy_ssm,384,2,1101011110101110,,,,,0.17235
SI06,greedy_ssm,384,2,1101011111000001,,,,,0.17235
SI06,greedy_ssm,384,2,1101100011000100,,,,,0.17235
SI06,greedy_ssm,384,2,1101100100000110,,,,,0.17235
SI06,greedy_ssm,384,2,1101100101100111,9.18076,9.62669,9.62669,9.73616,0.17235
SI06,greedy_ssm,384,2,1101100110000000,,,,,0.17235
SI06,greedy_ssm,384,2,1101100110111010,8.25535,9.50302,9.50302,9.66331,0.17235
SI06,greedy_ssm,384,2,1101101000010110,,,,,0.17235
SI06,greedy_ssm,384,2,1101101000011011,,,,,0.17235
SI06,greedy_ssm,384,2,1101101000101011,8.44098,9.54477,9.54477,9.60851,0.17235
SI06,greedy_ssm,384,2,1101101001001101,,,,,0.17235
SI06,greedy_ssm,384,2,1101101001100010,8.55063,9.60851,9.60851,9.73616,0.17235
SI06,greedy_ssm,384,2,1101101010000111,,,,,0.17235
SI06,greedy_ssm,384,2,1101101011000010,,,,,0.17235
SI06,greedy_ssm,384,2,1101101011001010,,,,,0.17235
SI06,greedy_ssm,384,2,1101101011101001,9.32722,9.60851,9.60851,9.73616,0.17235
SI06,greedy_ssm,384,2,1101101110011101,,,,,0.17235
SI06,greedy_ssm,384,2,1101101110110100,8.9896,9.56383,9.56383,9.69761,0.17235
SI06,greedy_ssm,384,2,1101101111111100,9.2856,9.59229,9.59229,9.69761,0.17235
SI06,greedy_ssm,384,2,1101110000000110,,,,,0.17235
SI06,greedy_ssm,384,2,1101110000101110,8.14887,9.08619,9.08619,9.39136,0.17235
SI06,greedy_ssm,384,2,1101110001000011,,,,,0.17235
SI06,greedy_ssm,384,2,1101110001001011,,,,,0.17235
SI06,greedy_ssm,384,2,1101110010001011,,,,,0.17235
SI06,greedy_ssm,384,2,1101110011111100,8.64909,9.39824,9.39824,9.34127,0.17235
SI06,greedy_ssm,384,2,1101110111001110,,,,,0.17235
SI06,greedy_ssm,384,2,1101110111011100,6.29401,9.34877,9.34877,9.49638,0.17235
SI06,greedy_ssm,384,2,1101111000011000,,,,,0.17235
SI06,greedy_ssm,384,2,1101111001110001,9.07111,9.55594,9.55594,9.71095,0.17235
SI06,greedy_ssm,384,2,1101111010101101,8.26657,9.62967,9.62967,9.62967,0.17235
SI06,greedy_ssm,384,2,1101111100000010,,,,,0.17235
SI06,greedy_ssm,384,2,1101111101011101,6.88043,9.49638,9.49638,9.65404,0.17235
SI06,greedy_ssm,384,2,1101111110000010,,,,,0.17235
SI06,greedy_ssm,384,2,1101111110100110,8.5456,9.7021,9.7021,9.76193,0.17235
SI06,greedy_ssm,384,2,1101111111000100,6.80271,9.59387,9.59387,9.7021,0.17235
SI06,greedy_ssm,384,2,1101111111100110,9.01087,9.76193,9.76193,9.76193,0.17235
SI06,greedy_ssm,384,2,1110000000100101,8.21954,8.79809,8.79809,9.10249,0.17235
SI06,greedy_ssm,384,2,1110000011100001,8.63884,9.19331,9.19331,9.38453,0.17235
SI06,greedy_ssm,384,2,1110000101100000,8.29879,8.83685,8.83685,9.15478,0.17235
SI06,greedy_ssm,384,2,1110001001000111,,,,,0.17235
SI06,greedy_ssm,384,2,1110001001011111,6.70708,8.96104,8.96104,9.32594,0.17235
SI06,greedy_ssm,384,2,1110001010110101,8.24042,9.09654,9.09654,9.31862,0.17235
SI06,greedy_ssm,384,2,1110001010111000,7.99367,8.87094,8.87094,9.01144,0.17235
SI06,greedy_ssm,384,2,1110001011001011,6.62631,9.31014,9.31014,9.38453,0.17235
SI06,greedy_ssm,384,2,1110001100001101,,,,,0.17235
SI06,greedy_ssm,384,2,1110001100011101,6.283,8.88405,8.88405,9.05056,0.17235
SI06,greedy_ssm,384,2,1110001100011110,,,,,0.17235
SI06,greedy_ssm,384,2,1110001100100100,8.53347,8.96101,8.96101,9.08563,0.17235
SI06,greedy_ssm,384,2,1110001101100001,8.59393,9.38453,9.38453,9.48779,0.17235
SI06,greedy_ssm,384,2,1110001110010101,,,,,0.17235
SI06,greedy_ssm,384,2,1110001110101110,8.33312,9.26674,9.26674,9.37608,0.17235
SI06,greedy_ssm,384,2,1110001111001001,,,,,0.17235
SI06,greedy_ssm,384,2,1110010000100010,7.8809,8.77455,8.77455,8.92005,0.17235
SI06,greedy_ssm,384,2,1110010001010000,,,,,0.17235
SI06,greedy_ssm,384,2,1110010101101011,8.72068,9.27484,9.27484,9.48779,0.17235
SI06,greedy_ssm,384,2,1110010110010010,,,,,0.17235
SI06,greedy_ssm,384,2,1110010110101110,8.32923,9.26307,9.26307,9.37608,0.17235
SI06,greedy_ssm,384,2,1110010110111010,8.30232,8.97681,8.97681,9.28738,0.17235
SI06,greedy_ssm,384,2,1110011000000010,,,,,0.17235
SI06,greedy_ssm,384,2,1110011000000110,,,,,0.17235
SI06,greedy_ssm,384,2,1110011000100001,7.88756,9.16452,9.16452,9.19522,0.17235
SI06,greedy_ssm,384,2,1110011001001101,,,,,0.17235
SI06,greedy_ssm,384,2,1110011010100111,8.43778,9.42679,9.42679,9.48779,0.17235
SI06,greedy_ssm,384,2,1110011100000101,,,,,0.17235
SI06,greedy_ssm,384,2,1110011100101111,8.86258,9.37608,9.37608,9.42679,0.17235
SI06,greedy_ssm,384,2,1110011101111111,9.04332,9.37608,9.37608,9.42679,0.17235
SI06,greedy_ssm,384,2,1110011111001110,,,,,0.17235
SI06,greedy_ssm,384,2,1110100000001101,,,,,0.17235
SI06,greedy_ssm,384,2,1110100000110001,8.15756,8.83232,8.83232,9.00489,0.17235
SI06,greedy_ssm,384,2,1110100001111100,8.2865,8.63055,8.63055,8.80811,0.17235
SI06,greedy_ssm,384,2,1110100010000010,,,,,0.17235
SI06,greedy_ssm,384,2,1110100100001101,,,,,0.17235
SI06,greedy_ssm,384,2,1110100101001110,,,,,0.17235
SI06,greedy_ssm,384,2,1110100101101001,8.0086,8.89627,8.89627,9.10937,0.17235
SI06,greedy_ssm,384,2,1110100101110101,8.30852,8.99049,8.99049,9.20822,0.17235
SI06,greedy_ssm,384,2,1110100110000010,,,,,0.17235
SI06,greedy_ssm,384,2,1110100110100000,8.21921,8.79104,8.79104,8.95538,0.17235
SI06,greedy_ssm,384,2,1110100110101111,8.34911,9.09174,9.09174,9.36961,0.17235
SI06,greedy_ssm,384,2,1110100111000110,,,,,0.17235
SI06,greedy_ssm,384,2,1110100111100111,8.70153,9.41784,9.41784,9.62669,0.17235
SI06,greedy_ssm,384,2,1110101010000000,,,,,0.17235
SI06,greedy_ssm,384,2,1110101101000010,,,,,0.17235
SI06,greedy_ssm,384,2,1110101101111011,8.80532,9.40917,9.40917,9.66331,0.17235
SI06,greedy_ssm,384,2,1110101110110100,8.35291,9.01591,9.01591,9.21899,0.17235
SI06,greedy_ssm,384,2,1110101111001111,6.06023,9.36961,9.36961,9.65068,0.17235
SI06,greedy_ssm,384,2,1110101111010111,6.41553,9.59346,9.59346,9.69761,0.17235
SI06,greedy_ssm,384,2,1110110000010111,,,,,0.17235
SI06,greedy_ssm,384,2,1110110000011010,,,,,0.17235
SI06,greedy_ssm,384,2,1110110010101110,8.11644,8.68228,8.68228,9.06431,0.17235
SI06,greedy_ssm,384,2,1110110100110111,8.54577,9.02742,9.02742,9.2683,0.17235
SI06,greedy_ssm,384,2,1110110101111100,8.18183,8.80243,8.80243,9.14156,0.17235
SI06,greedy_ssm,384,2,1110110111011100,,,,,0.17235
SI06,greedy_ssm,384,2,1110111001010011,7.22081,9.06161,9.06161,9.34765,0.17235
SI06,greedy_ssm,384,2,1110111001101110,8.40656,9.0393,9.0393,9.35715,0.17235
SI06,greedy_ssm,384,2,1110111010000011,,,,,0.17235
SI06,greedy_ssm,384,2,1110111010010100,,,,,0.17235
SI06,greedy_ssm,384,2,1110111010110010,8.06067,9.01417,9.01417,9.34765,0.17235
SI06,greedy_ssm,384,2,1110111011010010,,,,,0.17235
SI06,greedy_ssm,384,2,1110111011101100,8.67033,9.1053,9.1053,9.33998,0.17235
SI06,greedy_ssm,384,2,1110111100011000,,,,,0.17235
SI06,greedy_ssm,384,2,1110111101111001,8.57647,9.30532,9.30532,9.48952,0.17235
SI06,greedy_ssm,384,2,1110111111100100,8.76799,9.43983,9.43983,9.59387,0.17235
SI06,greedy_ssm,384,2,1111000011000000,,,,,0.17235
SI06,greedy_ssm,384,2,1111000011001000,,,,,0.17235
SI06,greedy_ssm,384,2,1111000100110100,8.12255,8.7621,8.7621,8.70464,0.17235
SI06,greedy_ssm,384,2,1111000100111110,7.92118,8.86837,8.86837,9.25984,0.17235
SI06,greedy_ssm,384,2,1111000111010111,,,,,0.17235
SI06,greedy_ssm,384,2,1111001000111100,7.45598,8.63098,8.63098,8.63098,0.17235
SI06,greedy_ssm,384,2,1111001001010011,,,,,0.17235
SI06,greedy_ssm,384,2,1111001100011010,,,,,0.17235
SI06,greedy_ssm,384,2,1111001111101110,8.3602,9.36961,9.36961,9.65068,0.17235
SI06,greedy_ssm,384,2,1111001111111100,8.41299,9.2856,9.2856,9.32594,0.17235
SI06,greedy_ssm,384,2,1111010001100011,8.42417,9.19575,9.19575,9.3248,0.17235
SI06,greedy_ssm,384,2,1111010011010100,,,,,0.17235
SI06,greedy_ssm,384,2,1111010011110000,8.09214,8.93592,8.93592,8.94169,0.17235
SI06,greedy_ssm,384,2,1111010100101110,8.1698,8.84751,8.84751,9.2716,0.17235
SI06,greedy_ssm,384,2,1111010101001001,,,,,0.17235
SI06,greedy_ssm,384,2,1111010101101010,8.19272,8.72068,8.72068,9.20649,0.17235
SI06,greedy_ssm,384,2,1111010110101010,8.12167,8.78892,8.78892,9.19487,0.17235
SI06,greedy_ssm,384,2,1111011011011111,,,,,0.17235
SI06,greedy_ssm,384,2,1111011011100000,8.45423,9.16452,9.16452,9.34483,0.17235
SI06,greedy_ssm,384,2,1111011011111010,8.11664,9.29479,9.29479,9.39127,0.17235
SI06,greedy_ssm,384,2,1111011100011010,,,,,0.17235
SI06,greedy_ssm,384,2,1111100000110000,8.49251,8.83232,8.83232,9.00489,0.17235
SI06,greedy_ssm,384,2,1111100001001001,,,,,0.17235
SI06,greedy_ssm,384,2,1111100001001011,,,,,0.17235
SI06,greedy_ssm,384,2,1111100001011001,,,,,0.17235
SI06,greedy_ssm,384,2,1111100001110101,8.50311,9.12416,9.12416,9.32761,0.17235
SI06,greedy_ssm,384,2,1111100010100001,8.61336,9.08974,9.08974,9.40213,0.17235
SI06,greedy_ssm,384,2,1111100010110000,8.45343,8.89943,8.89943,8.93085,0.17235
SI06,greedy_ssm,384,2,1111100011001111,6.74924,9.30368,9.30368,9.52194,0.17235
SI06,greedy_ssm,384,2,1111100100001000,,,,,0.17235
SI06,greedy_ssm,384,2,1111100100010010,6.2545,9.00489,9.00489,9.01048,0.17235
SI06,greedy_ssm,384,2,1111100101010110,,,,,0.17235
SI06,greedy_ssm,384,2,1111100110100111,8.81197,9.41784,9.41784,9.62669,0.17235
SI06,greedy_ssm,384,2,1111100111101001,8.57026,9.37953,9.37953,9.58677,0.17235
SI06,greedy_ssm,384,2,1111100111101010,8.43693,9.28697,9.28697,9.58677,0.17235
SI06,greedy_ssm,384,2,1111101000010101,6.95578,8.90889,8.90889,9.12592,0.17235
SI06,greedy_ssm,384,2,1111101000011010,,,,,0.17235
SI06,greedy_ssm,384,2,1111101000110100,8.41952,8.92347,8.92347,9.12592,0.17235
SI06,greedy_ssm,384,2,1111101010001101,6.77245,9.02568,9.02568,9.36538,0.17235
SI06,greedy_ssm,384,2,1111101011000100,6.74796,9.38544,9.38544,9.38544,0.17235
SI06,greedy_ssm,384,2,1111101110001001,6.78316,9.14407,9.14407,9.28691,0.17235
SI06,greedy_ssm,384,2,1111101110100101,8.80002,9.47913,9.47913,9.62669,0.17235
SI06,greedy_ssm,384,2,1111110000101000,8.36881,8.88862,8.88862,9.21308,0.17235
SI06,greedy_ssm,384,2,1111110001111010,8.27039,9.10945,9.10945,9.35622,0.17235
SI06,greedy_ssm,384,2,1111110001111011,8.65226,9.35622,9.35622,9.47225,0.17235
SI06,greedy_ssm,384,2,1111110010001101,,,,,0.17235
SI06,greedy_ssm,384,2,1111110011100000,8.7096,9.19575,9.19575,9.34483,0.17235
SI06,greedy_ssm,384,2,1111110101001101,,,,,0.17235
SI06,greedy_ssm,384,2,1111110111001011,,,,,0.17235
SI06,greedy_ssm,384,2,1111110111111101,8.86977,9.67119,9.67119,9.67119,0.17235
SI06,greedy_ssm,384,2,1111111001011110,7.23299,8.92867,8.92867,9.13993,0.17235
SI06,greedy_ssm,384,2,1111111010001011,,,,,0.17235
SI06,greedy_ssm,384,2,1111111111110111,9.38756,9.72572,9.72572,9.72572,0.17235
SI06,greedy_ssm,384,2,1111111111111100,9.01642,9.49638,9.49638,9.65404,0.17235
SI06,greedy_ssm,384,3,0000000001111010,,,,,0.17235
SI06,greedy_ssm,384,3,0000000011101110,6.3905,8.95581,8.95581,8.78639,0.17235
SI06,greedy_ssm,384,3,0000000100010011,,,,,0.17235
SI06,greedy_ssm,384,3,0000000101001100,,,,,0.17235
SI06,greedy_ssm,384,3,0000001000100001,,,,,0.17235
SI06,greedy_ssm,384,3,0000001000100100,,,,,0.17235
SI06,greedy_ssm,384,3,0000001001001100,,,,,0.17235
SI06,greedy_ssm,384,3,0000001001101010,,,,,0.17235
SI06,greedy_ssm,384,3,0000001011101110,6.80265,9.1487,9.1487,8.87211,0.17235
SI06,greedy_ssm,384,3,0000001101011001,,,,,0.17235
SI06,greedy_ssm,384,3,0000001110001001,,,,,0.17235
SI06,greedy_ssm,384,3,0000001111001001,,,,,0.17235
SI06,greedy_ssm,384,3,0000001111001111,,,,,0.17235
SI06,greedy_ssm,384,3,0000010000001100,,,,,0.17235
SI06,greedy_ssm,384,3,0000010000100100,,,,,0.17235
SI06,greedy_ssm,384,3,0000010000110110,,,,,0.17235
SI06,greedy_ssm,384,3,0000010001000101,,,,,0.17235
SI06,greedy_ssm,384,3,0000010001100000,,,,,0.17235
SI06,greedy_ssm,384,3,0000010001101100,,,,,0.17235
SI06,greedy_ssm,384,3,0000010010001101,,,,,0.17235
SI06,greedy_ssm,384,3,0000010010110010,,,,,0.17235
SI06,greedy_ssm,384,3,0000010010110100,,,,,0.17235
SI06,greedy_ssm,384,3,0000010110100101,,,,,0.17235
SI06,greedy_ssm,384,3,0000010110101010,,,,,0.17235
SI06,greedy_ssm,384,3,0000011001101010,,,,,0.17235
SI06,greedy_ssm,384,3,0000011001111100,,,,,0.17235
SI06,greedy_ssm,384,3,0000011010000101,,,,,0.17235
SI06,greedy_ssm,384,3,0000011010101011,,,,,0.17235
SI06,greedy_ssm,384,3,0000011010111000,,,,,0.17235
SI06,greedy_ssm,384,3,0000011100001111,,,,,0.17235
SI06,greedy_ssm,384,3,0000011110100011,7.52482,9.38081,9.38081,9.38081,0.17235
SI06,greedy_ssm,384,3,0000011111110000,8.03771,9.18133,9.18133,9.18133,0.17235
SI06,greedy_ssm,384,3,0000100010001000,,,,,0.17235
SI06,greedy_ssm,384,3,0000100011100101,8.23125,9.22744,9.22744,9.22744,0.17235
SI06,greedy_ssm,384,3,0000100011101100,7.56496,8.95581,8.95581,8.95581,0.17235
SI06,greedy_ssm,384,3,0000100100000010,,,,,0.17235
SI06,greedy_ssm,384,3,0000100100001010,,,,,0.17235
SI06,greedy_ssm,384,3,0000100101000010,,,,,0.17235
SI06,greedy_ssm,384,3,0000100110101011,6.94836,9.23792,9.23792,9.23792,0.17235
SI06,greedy_ssm,384,3,0000101001011010,,,,,0.17235
SI06,greedy_ssm,384,3,0000101001110000,,,,,0.17235
SI06,greedy_ssm,384,3,0000101001111101,7.81014,9.20042,9.20042,9.20042,0.17235
SI06,greedy_ssm,384,3,0000101010010011,,,,,0.17235
SI06,greedy_ssm,384,3,0000101010110011,,,,,0.17235
SI06,greedy_ssm,384,3,0000101011010110,,,,,0.17235
SI06,greedy_ssm,384,3,0000101100001011,,,,,0.17235
SI06,greedy_ssm,384,3,0000101100011001,,,,,0.17235
SI06,greedy_ssm,384,3,0000101110010100,,,,,0.17235
SI06,greedy_ssm,384,3,0000101111100000,8.57398,9.23799,9.23799,9.05517,0.17235
SI06,greedy_ssm,384,3,0000101111100101,8.72625,9.52102,9.52102,9.52102,0.17235
SI06,greedy_ssm,384,3,0000101111110111,9.19059,9.69761,9.69761,9.69761,0.17235
SI06,greedy_ssm,384,3,0000110001000111,,,,,0.17235
SI06,greedy_ssm,384,3,0000110001111101,,,,,0.17235
SI06,greedy_ssm,384,3,0000110010111011,,,,,0.17235
SI06,greedy_ssm,384,3,0000110100010010,,,,,0.17235
SI06,greedy_ssm,384,3,0000110100111110,7.4616,8.95912,8.95912,8.95912,0.17235
SI06,greedy_ssm,384,3,0000110101010101,,,,,0.17235
SI06,greedy_ssm,384,3,0000111010001011,,,,,0.17235
SI06,greedy_ssm,384,3,0000111010010101,,,,,0.17235
SI06,greedy_ssm,384,3,0000111010011101,,,,,0.17235
SI06,greedy_ssm,384,3,0000111011000001,,,,,0.17235
SI06,greedy_ssm,384,3,0000111100001111,,,,,0.17235
SI06,greedy_ssm,384,3,0000111100011100,,,,,0.17235
SI06,greedy_ssm,384,3,0000111100100010,,,,,0.17235
SI06,greedy_ssm,384,3,0000111101010100,,,,,0.17235
SI06,greedy_ssm,384,3,0000111101011001,,,,,0.17235
SI06,greedy_ssm,384,3,0001000000011101,,,,,0.17235
SI06,greedy_ssm,384,3,0001000001101111,,,,,0.17235
SI06,greedy_ssm,384,3,0001000100011011,,,,,0.17235
SI06,greedy_ssm,384,3,0001000110000110,,,,,0.17235
SI06,greedy_ssm,384,3,0001000110001000,,,,,0.17235
SI06,greedy_ssm,384,3,0001000110001111,,,,,0.17235
SI06,greedy_ssm,384,3,0001000110011111,,,,,0.17235
SI06,greedy_ssm,384,3,0001000111001010,,,,,0.17235
SI06,greedy_ssm,384,3,0001000111111111,7.36761,9.45896,9.45896,9.38423,0.17235
SI06,greedy_ssm,384,3,0001001001011110,,,,,0.17235
SI06,greedy_ssm,384,3,0001001011011010,,,,,0.17235
SI06,greedy_ssm,384,3,0001001011110100,,,,,0.17235
SI06,greedy_ssm,384,3,0001001100000000,,,,,0.17235
SI06,greedy_ssm,384,3,0001001100011011,,,,,0.17235
SI06,greedy_ssm,384,3,0001001101100000,,,,,0.17235
SI06,greedy_ssm,384,3,0001010001100100,,,,,0.17235
SI06,greedy_ssm,384,3,0001010010000100,,,,,0.17235
SI06,greedy_ssm,384,3,0001010010001110,,,,,0.17235
SI06,greedy_ssm,384,3,0001010100001010,,,,,0.17235
SI06,greedy_ssm,384,3,0001010110100011,,,,,0.17235
SI06,greedy_ssm,384,3,0001010111100111,7.4148,9.55953,9.55953,9.55953,0.17235
SI06,greedy_ssm,384,3,0001011000010110,,,,,0.17235
SI06,greedy_ssm,384,3,0001011000100011,,,,,0.17235
SI06,greedy_ssm,384,3,0001011011000010,,,,,0.17235
SI06,greedy_ssm,384,3,0001011011011110,,,,,0.17235
SI06,greedy_ssm,384,3,0001011100000011,,,,,0.17235
SI06,greedy_ssm,384,3,0001011100010100,,,,,0.17235
SI06,greedy_ssm,384,3,0001011111001110,,,,,0.17235
SI06,greedy_ssm,384,3,0001011111010011,,,,,0.17235
SI06,greedy_ssm,384,3,0001011111110011,7.91603,9.71095,9.71095,9.4599,0.17235
SI06,greedy_ssm,384,3,0001100001000110,,,,,0.17235
SI06,greedy_ssm,384,3,0001100010110100,7.43163,9.05512,9.05512,9.02529,0.17235
SI06,greedy_ssm,384,3,0001100011001010,,,,,0.17235
SI06,greedy_ssm,384,3,0001100011111011,8.89002,9.50302,9.50302,9.45278,0.17235
SI06,greedy_ssm,384,3,0001100110000011,,,,,0.17235
SI06,greedy_ssm,384,3,0001100111001010,,,,,0.17235
SI06,greedy_ssm,384,3,0001100111100110,8.36119,9.52102,9.52102,9.52102,0.17235
SI06,greedy_ssm,384,3,0001101001000000,,,,,0.17235
SI06,greedy_ssm,384,3,0001101100010110,,,,,0.17235
SI06,greedy_ssm,384,3,0001101110011000,,,,,0.17235
SI06,greedy_ssm,384,3,0001101111010111,6.45413,9.69761,9.69761,9.69761,0.17235
SI06,greedy_ssm,384,3,0001101111110011,9.44794,9.73616,9.73616,9.73616,0.17235
SI06,greedy_ssm,384,3,0001110000101011,8.1435,9.27021,9.27021,9.25609,0.17235
SI06,greedy_ssm,384,3,0001110000111011,8.12987,9.14086,9.14086,9.06761,0.17235
SI06,greedy_ssm,384,3,0001110001011111,,,,,0.17235
SI06,greedy_ssm,384,3,0001110100100100,8.00861,8.98188,8.98188,8.66264,0.17235
SI06,greedy_ssm,384,3,0001110101000000,,,,,0.17235
SI06,greedy_ssm,384,3,0001110101001110,,,,,0.17235
SI06,greedy_ssm,384,3,0001110101100101,8.26603,9.33775,9.33775,9.33775,0.17235
SI06,greedy_ssm,384,3,0001110110010100,,,,,0.17235
SI06,greedy_ssm,384,3,0001110111000110,,,,,0.17235
SI06,greedy_ssm,384,3,0001110111001100,,,,,0.17235
SI06,greedy_ssm,384,3,0001111000001101,,,,,0.17235
SI06,greedy_ssm,384,3,0001111001001101,,,,,0.17235
SI06,greedy_ssm,384,3,0001111001010100,,,,,0.17235
SI06,greedy_ssm,384,3,0001111010010100,,,,,0.17235
SI06,greedy_ssm,384,3,0001111100001100,,,,,0.17235
SI06,greedy_ssm,384,3,0001111100010111,,,,,0.17235
SI06,greedy_ssm,384,3,0001111100101111,8.60626,9.57734,9.57734,9.57734,0.17235
SI06,greedy_ssm,384,3,0001111101000111,6.55038,9.55953,9.55953,9.55953,0.17235
SI06,greedy_ssm,384,3,0001111101101011,9.22171,9.5988,9.5988,9.5988,0.17235
SI06,greedy_ssm,384,3,0001111101110001,8.91447,9.55594,9.55594,9.4599,0.17235
SI06,greedy_ssm,384,3,0010000001101011,8.22432,8.9199,8.9199,8.9199,0.17235
SI06,greedy_ssm,384,3,0010000011101000,8.13687,8.67147,8.67147,8.67147,0.17235
SI06,greedy_ssm,384,3,0010000011101111,8.60037,9.13896,9.13896,9.10037,0.17235
SI06,greedy_ssm,384,3,0010000100001001,,,,,0.17235
SI06,greedy_ssm,384,3,0010000100110011,8.29909,8.99502,8.99502,8.99502,0.17235
SI06,greedy_ssm,384,3,0010000111101100,8.13862,8.87211,8.87211,8.87211,0.17235
SI06,greedy_ssm,384,3,0010001000001110,,,,,0.17235
SI06,greedy_ssm,384,3,0010001001101101,8.0165,8.87211,8.87211,8.87211,0.17235
SI06,greedy_ssm,384,3,0010001010110100,7.67046,8.81011,8.81011,8.75553,0.17235
SI06,greedy_ssm,384,3,0010001101100000,8.12325,8.9454,8.9454,8.83685,0.17235
SI06,greedy_ssm,384,3,0010001110001111,6.21326,9.10037,9.10037,9.10037,0.17235
SI06,greedy_ssm,384,3,0010001110010111,,,,,0.17235
SI06,greedy_ssm,384,3,0010001110101001,8.16651,9.10287,9.10287,9.10287,0.17235
SI06,greedy_ssm,384,3,0010001111101110,8.25499,9.26674,9.26674,9.26674,0.17235
SI06,greedy_ssm,384,3,0010010010100011,7.78663,9.05004,9.05004,8.90762,0.17235
SI06,greedy_ssm,384,3,0010010010101110,7.1945,8.8155,8.8155,8.8155,0.17235
SI06,greedy_ssm,384,3,0010010011011001,,,,,0.17235
SI06,greedy_ssm,384,3,0010010100011010,,,,,0.17235
SI06,greedy_ssm,384,3,0010010100111100,7.82769,8.52721,8.52721,8.51542,0.17235
SI06,greedy_ssm,384,3,0010010101011101,,,,,0.17235
SI06,greedy_ssm,384,3,0010010110010111,,,,,0.17235
SI06,greedy_ssm,384,3,0010010111011000,,,,,0.17235
SI06,greedy_ssm,384,3,0010011001000111,,,,,0.17235
SI06,greedy_ssm,384,3,0010011001010001,,,,,0.17235
SI06,greedy_ssm,384,3,0010011011110011,8.75634,9.51729,9.51729,9.51729,0.17235
SI06,greedy_ssm,384,3,0010011111101110,8.39326,9.37608,9.37608,9.37608,0.17235
SI06,greedy_ssm,384,3,0010100011111001,7.96335,8.89002,8.89002,8.89002,0.17235
SI06,greedy_ssm,384,3,0010100100001000,,,,,0.17235
SI06,greedy_ssm,384,3,0010100101111010,7.77367,8.87445,8.87445,8.86864,0.17235
SI06,greedy_ssm,384,3,0010101000010000,,,,,0.17235
SI06,greedy_ssm,384,3,0010101101010100,,,,,0.17235
SI06,greedy_ssm,384,3,0010101110011010,,,,,0.17235
SI06,greedy_ssm,384,3,0010101110111010,7.91925,9.01071,9.01071,9.01071,0.17235
SI06,greedy_ssm,384,3,0010101111001001,,,,,0.17235
SI06,greedy_ssm,384,3,0010101111101011,8.73341,9.3919,9.3919,9.35943,0.17235
SI06,greedy_ssm,384,3,0010110000110101,7.74409,8.57622,8.57622,8.4433,0.17235
SI06,greedy_ssm,384,3,0010110001100100,7.73323,8.57004,8.57004,8.57004,0.17235
SI06,greedy_ssm,384,3,0010110010010010,,,,,0.17235
SI06,greedy_ssm,384,3,0010110101011010,,,,,0.17235
SI06,greedy_ssm,384,3,0010111000011111,,,,,0.17235
SI06,greedy_ssm,384,3,0010111010101010,7.37664,8.82858,8.82858,8.82858,0.17235
SI06,greedy_ssm,384,3,0010111011101011,8.72217,9.29997,9.29997,9.25609,0.17235
SI06,greedy_ssm,384,3,0010111011110010,7.96311,9.25372,9.25372,9.25372,0.17235
SI06,greedy_ssm,384,3,0010111100001111,,,,,0.17235
SI06,greedy_ssm,384,3,0010111100010000,,,,,0.17235
SI06,greedy_ssm,384,3,0010111101110011,8.6724,9.4599,9.4599,9.4599,0.17235
SI06,greedy_ssm,384,3,0010111111010100,,,,,0.17235
SI06,greedy_ssm,384,3,0010111111101110,8.27679,9.28044,9.28044,9.28044,0.17235
SI06,greedy_ssm,384,3,0011000000011001,,,,,0.17235
SI06,greedy_ssm,384,3,0011000011010100,,,,,0.17235
SI06,greedy_ssm,384,3,0011000100101010,7.49676,8.88782,8.88782,8.88782,0.17235
SI06,greedy_ssm,384,3,0011000101110010,7.18149,8.81931,8.81931,8.81931,0.17235
SI06,greedy_ssm,384,3,0011000110000100,,,,,0.17235
SI06,greedy_ssm,384,3,0011000110011011,,,,,0.17235
SI06,greedy_ssm,384,3,0011000110011111,,,,,0.17235
SI06,greedy_ssm,384,3,0011001000000100,,,,,0.17235
SI06,greedy_ssm,384,3,0011001000110011,6.89403,9.00706,9.00706,9.00706,0.17235
SI06,greedy_ssm,384,3,0011001001010100,,,,,0.17235
SI06,greedy_ssm,384,3,0011001001110011,7.69129,9.13351,9.13351,9.13351,0.17235
SI06,greedy_ssm,384,3,0011001011011000,,,,,0.17235
SI06,greedy_ssm,384,3,0011001011011001,,,,,0.17235
SI06,greedy_ssm,384,3,0011001100000001,,,,,0.17235
SI06,greedy_ssm,384,3,0011001100010100,,,,,0.17235
SI06,greedy_ssm,384,3,0011001101100000,7.7978,8.90883,8.90883,8.90883,0.17235
SI06,greedy_ssm,384,3,0011001101110001,7.9287,9.12801,9.12801,9.06128,0.17235
SI06,greedy_ssm,384,3,0011001111011110,,,,,0.17235
SI06,greedy_ssm,384,3,0011001111100110,8.10365,9.3232,9.3232,9.3232,0.17235
SI06,greedy_ssm,384,3,0011010000101100,,,,,0.17235
SI06,greedy_ssm,384,3,0011010000111000,,,,,0.17235
SI06,greedy_ssm,384,3,0011010001000100,,,,,0.17235
SI06,greedy_ssm,384,3,0011010011111000,7.75502,8.63166,8.63166,8.62824,0.17235
SI06,greedy_ssm,384,3,0011010100100101,7.45947,8.88435,8.88435,8.88435,0.17235
SI06,greedy_ssm,384,3,0011010101101000,,,,,0.17235
SI06,greedy_ssm,384,3,0011010110010010,,,,,0.17235
SI06,greedy_ssm,384,3,0011010111000000,,,,,0.17235
SI06,greedy_ssm,384,3,0011010111011011,,,,,0.17235
SI06,greedy_ssm,384,3,0011011000100111,,,,,0.17235
SI06,greedy_ssm,384,3,0011011010010011,,,,,0.17235
SI06,greedy_ssm,384,3,0011011010111101,6.80613,8.98643,8.98643,8.98643,0.17235
SI06,greedy_ssm,384,3,0011011011111011,7.91263,9.36479,9.36479,9.21822,0.17235
SI06,greedy_ssm,384,3,0011011110100011,7.91742,9.38081,9.38081,9.29432,0.17235
SI06,greedy_ssm,384,3,0011011111011101,6.20662,9.15925,9.15925,9.15925,0.17235
SI06,greedy_ssm,384,3,0011011111111101,8.36833,9.34207,9.34207,9.30523,0.17235
SI06,greedy_ssm,384,3,0011100000000001,,,,,0.17235
SI06,greedy_ssm,384,3,0011100000111011,8.31327,8.97284,8.97284,8.88903,0.17235
SI06,greedy_ssm,384,3,0011100000111101,8.16416,8.71332,8.71332,8.54587,0.17235
SI06,greedy_ssm,384,3,0011100010001011,,,,,0.17235
SI06,greedy_ssm,384,3,0011100100010011,,,,,0.17235
SI06,greedy_ssm,384,3,0011100100011101,6.33653,8.71332,8.71332,8.71332,0.17235
SI06,greedy_ssm,384,3,0011100101010010,,,,,0.17235
SI06,greedy_ssm,384,3,0011100101010101,,,,,0.17235
SI06,greedy_ssm,384,3,0011100101011010,,,,,0.17235
SI06,greedy_ssm,384,3,0011100110010010,,,,,0.17235
SI06,greedy_ssm,384,3,0011100111100111,8.70643,9.52102,9.52102,9.52102,0.17235
SI06,greedy_ssm,384,3,0011101000101010,7.89609,8.96646,8.96646,8.93244,0.17235
SI06,greedy_ssm,384,3,0011101001111100,8.0388,8.99615,8.99615,8.99615,0.17235
SI06,greedy_ssm,384,3,0011101100001100,,,,,0.17235
SI06,greedy_ssm,384,3,0011101101011000,,,,,0.17235
SI06,greedy_ssm,384,3,0011101101110111,8.74588,9.55309,9.55309,9.55309,0.17235
SI06,greedy_ssm,384,3,0011110001000100,,,,,0.17235
SI06,greedy_ssm,384,3,0011110001000111,,,,,0.17235
SI06,greedy_ssm,384,3,0011110001010100,,,,,0.17235
SI06,greedy_ssm,384,3,0011110001101110,8.11813,8.89743,8.89743,8.89743,0.17235
SI06,greedy_ssm,384,3,0011110010000001,,,,,0.17235
SI06,greedy_ssm,384,3,0011110010101010,7.95309,9.06761,9.06761,9.06761,0.17235
SI06,greedy_ssm,384,3,0011110011100000,8.31266,9.0844,9.0844,9.0844,0.17235
SI06,greedy_ssm,384,3,0011110011110100,8.4133,9.0999,9.0999,8.941,0.17235
SI06,greedy_ssm,384,3,0011110100000111,,,,,0.17235
SI06,greedy_ssm,384,3,0011110100010111,,,,,0.17235
SI06,greedy_ssm,384,3,0011110101111010,8.03248,9.17519,9.17519,9.14086,0.17235
SI06,greedy_ssm,384,3,0011110110010110,,,,,0.17235
SI06,greedy_ssm,384,3,0011110111101001,8.50004,9.24052,9.24052,9.24052,0.17235
SI06,greedy_ssm,384,3,0011111010010100,,,,,0.17235
SI06,greedy_ssm,384,3,0011111010100100,8.28162,9.04119,9.04119,9.01875,0.17235
SI06,greedy_ssm,384,3,0011111011100101,8.89707,9.41166,9.41166,9.33775,0.17235
SI06,greedy_ssm,384,3,0011111011111101,8.55989,9.39824,9.39824,9.34207,0.17235
SI06,greedy_ssm,384,3,0011111100111000,8.40149,9.1012,9.1012,8.72138,0.17235
SI06,greedy_ssm,384,3,0011111110110001,8.68113,9.4599,9.4599,9.4599,0.17235
SI06,greedy_ssm,384,3,0011111110110010,8.20642,9.4599,9.4599,9.4599,0.17235
SI06,greedy_ssm,384,3,0011111111011001,6.57984,9.36479,9.36479,9.36479,0.17235
SI06,greedy_ssm,384,3,0011111111111000,8.49958,9.36479,9.36479,9.36479,0.17235
SI06,greedy_ssm,384,3,0100000000000101,,,,,0.17235
SI06,greedy_ssm,384,3,0100000000010011,,,,,0.17235
SI06,greedy_ssm,384,3,0100000000101010,,,,,0.17235
SI06,greedy_ssm,384,3,0100000010111011,7.26069,9.01168,9.01168,8.88536,0.17235
SI06,greedy_ssm,384,3,0100000101101110,7.79739,8.9528,8.9528,8.78263,0.17235
SI06,greedy_ssm,384,3,0100000101111110,7.45826,8.97342,8.97342,8.97342,0.17235
SI06,greedy_ssm,384,3,0100000110111101,7.58325,8.99431,8.99431,8.99431,0.17235
SI06,greedy_ssm,384,3,0100000111101011,8.42943,9.3919,9.3919,9.31014,0.17235
SI06,greedy_ssm,384,3,0100000111110110,7.69289,9.2361,9.2361,9.2361,0.17235
SI06,greedy_ssm,384,3,0100001001100011,7.44716,9.34534,9.34534,9.19272,0.17235
SI06,greedy_ssm,384,3,0100001010010111,,,,,0.17235
SI06,greedy_ssm,384,3,0100001011101000,7.65916,8.96929,8.96929,8.90102,0.17235
SI06,greedy_ssm,384,3,0100001100000011,,,,,0.17235
SI06,greedy_ssm,384,3,0100001100001110,,,,,0.17235
SI06,greedy_ssm,384,3,0100001100010100,,,,,0.17235
SI06,greedy_ssm,384,3,0100001100011101,,,,,0.17235
SI06,greedy_ssm,384,3,0100001101110110,8.00677,9.39342,9.39342,9.39342,0.17235
SI06,greedy_ssm,384,3,0100001110101111,7.81984,9.47392,9.47392,9.47392,0.17235
SI06,greedy_ssm,384,3,0100001111011010,,,,,0.17235
SI06,greedy_ssm,384,3,0100010000010110,,,,,0.17235
SI06,greedy_ssm,384,3,0100010000100001,,,,,0.17235
SI06,greedy_ssm,384,3,0100010100010011,,,,,0.17235
SI06,greedy_ssm,384,3,0100010100010111,,,,,0.17235
SI06,greedy_ssm,384,3,0100010111000110,,,,,0.17235
SI06,greedy_ssm,384,3,0100010111101111,8.2014,9.57734,9.57734,9.57734,0.17235
SI06,greedy_ssm,384,3,0100011000101010,,,,,0.17235
SI06,greedy_ssm,384,3,0100011000110010,,,,,0.17235
SI06,greedy_ssm,384,3,0100011001101010,6.18435,9.09965,9.09965,9.09965,0.17235
SI06,greedy_ssm,384,3,0100011001110100,6.75189,8.94235,8.94235,8.79397,0.17235
SI06,greedy_ssm,384,3,0100011010010001,,,,,0.17235
SI06,greedy_ssm,384,3,0100011100001010,,,,,0.17235
SI06,greedy_ssm,384,3,0100011100100000,7.12608,8.73107,8.73107,8.60351,0.17235
SI06,greedy_ssm,384,3,0100011111011111,,,,,0.17235
SI06,greedy_ssm,384,3,0100100010000010,,,,,0.17235
SI06,greedy_ssm,384,3,0100100010010111,,,,,0.17235
SI06,greedy_ssm,384,3,0100100101011100,,,,,0.17235
SI06,greedy_ssm,384,3,0100100111011001,,,,,0.17235
SI06,greedy_ssm,384,3,0100101000011000,,,,,0.17235
SI06,greedy_ssm,384,3,0100101000111110,,,,,0.17235
SI06,greedy_ssm,384,3,0100101001100111,8.08338,9.58331,9.58331,9.43698,0.17235
SI06,greedy_ssm,384,3,0100101010110010,,,,,0.17235
SI06,greedy_ssm,384,3,0100101011000011,,,,,0.17235
SI06,greedy_ssm,384,3,0100101011110101,8.13258,9.59346,9.59346,9.56383,0.17235
SI06,greedy_ssm,384,3,0100101011111110,7.85575,9.45122,9.45122,9.38423,0.17235
SI06,greedy_ssm,384,3,0100101100011111,,,,,0.17235
SI06,greedy_ssm,384,3,0100101101111100,8.36579,9.33222,9.33222,9.02935,0.17235
SI06,greedy_ssm,384,3,0100110001001111,,,,,0.17235
SI06,greedy_ssm,384,3,0100110001111111,7.75129,9.31805,9.31805,9.29372,0.17235
SI06,greedy_ssm,384,3,0100110011100110,7.93177,9.5706,9.5706,9.5706,0.17235
SI06,greedy_ssm,384,3,0100110100100001,,,,,0.17235
SI06,greedy_ssm,384,3,0100110101100000,8.0505,9.06715,9.06715,8.91128,0.17235
SI06,greedy_ssm,384,3,0100110101110011,8.61792,9.55594,9.55594,9.55594,0.17235
SI06,greedy_ssm,384,3,0100110110110010,7.54634,9.29408,9.29408,9.29408,0.17235
SI06,greedy_ssm,384,3,0100111000111100,,,,,0.17235
SI06,greedy_ssm,384,3,0100111010100110,,,,,0.17235
SI06,greedy_ssm,384,3,0100111011001001,,,,,0.17235
SI06,greedy_ssm,384,3,0100111011001100,,,,,0.17235
SI06,greedy_ssm,384,3,0100111101011000,,,,,0.17235
SI06,greedy_ssm,384,3,0100111101101110,8.19894,9.57734,9.57734,9.57734,0.17235
SI06,greedy_ssm,384,3,0101000000011011,,,,,0.17235
SI06,greedy_ssm,384,3,0101000010000101,,,,,0.17235
SI06,greedy_ssm,384,3,0101000010011000,,,,,0.17235
SI06,greedy_ssm,384,3,0101000011000101,,,,,0.17235
SI06,greedy_ssm,384,3,0101000100000100,,,,,0.17235
SI06,greedy_ssm,384,3,0101000100010101,,,,,0.17235
SI06,greedy_ssm,384,3,0101000111000011,,,,,0.17235
SI06,greedy_ssm,384,3,0101001001101100,,,,,0.17235
SI06,greedy_ssm,384,3,0101001101010100,,,,,0.17235
SI06,greedy_ssm,384,3,0101001111010101,,,,,0.17235
SI06,greedy_ssm,384,3,0101010000111001,,,,,0.17235
SI06,greedy_ssm,384,3,0101010001111000,,,,,0.17235
SI06,greedy_ssm,384,3,0101010010010010,,,,,0.17235
SI06,greedy_ssm,384,3,0101010011100100,,,,,0.17235
SI06,greedy_ssm,384,3,0101010100110011,,,,,0.17235
SI06,greedy_ssm,384,3,0101010101100010,,,,,0.17235
SI06,greedy_ssm,384,3,0101010110011110,,,,,0.17235
SI06,greedy_ssm,384,3,0101010110110100,,,,,0.17235
SI06,greedy_ssm,384,3,0101010110111111,6.2202,9.67119,9.67119,9.67119,0.17235
SI06,greedy_ssm,384,3,0101010111001011,,,,,0.17235
SI06,greedy_ssm,384,3,0101011000010001,,,,,0.17235
SI06,greedy_ssm,384,3,0101011000011000,,,,,0.17235
SI06,greedy_ssm,384,3,0101011000101111,,,,,0.17235
SI06,greedy_ssm,384,3,0101011010011010,,,,,0.17235
SI06,greedy_ssm,384,3,0101011010101101,,,,,0.17235
SI06,greedy_ssm,384,3,0101011010111001,,,,,0.17235
SI06,greedy_ssm,384,3,0101011011011100,,,,,0.17235
SI06,greedy_ssm,384,3,0101011101110101,7.90207,9.64155,9.64155,9.64155,0.17235
SI06,greedy_ssm,384,3,0101011110000001,,,,,0.17235
SI06,greedy_ssm,384,3,0101011110001001,,,,,0.17235
SI06,greedy_ssm,384,3,0101011110110010,7.03508,9.44717,9.44717,9.44717,0.17235
SI06,greedy_ssm,384,3,0101011111000011,,,,,0.17235
SI06,greedy_ssm,384,3,0101100000100101,7.63062,9.22004,9.22004,9.22004,0.17235
SI06,greedy_ssm,384,3,0101100010010000,,,,,0.17235
SI06,greedy_ssm,384,3,0101101010101111,8.09731,9.65068,9.65068,9.65068,0.17235
SI06,greedy_ssm,384,3,0101101011000011,6.65996,9.73616,9.73616,9.73616,0.17235
SI06,greedy_ssm,384,3,0101101011010001,6.48346,9.46947,9.46947,9.46947,0.17235
SI06,greedy_ssm,384,3,0101101011010010,,,,,0.17235
SI06,greedy_ssm,384,3,0101101100010000,,,,,0.17235
SI06,greedy_ssm,384,3,0101101110100111,8.80032,9.73616,9.73616,9.73616,0.17235
SI06,greedy_ssm,384,3,0101101111110001,9.02407,9.73616,9.73616,9.73616,0.17235
SI06,greedy_ssm,384,3,0101101111111011,9.45278,9.73616,9.73616,9.71603,0.17235
SI06,greedy_ssm,384,3,0101110010001100,,,,,0.17235
SI06,greedy_ssm,384,3,0101110011101010,8.53003,9.50905,9.50905,9.50905,0.17235
SI06,greedy_ssm,384,3,0101110110000001,,,,,0.17235
SI06,greedy_ssm,384,3,0101110110101000,8.00616,9.15856,9.15856,9.09421,0.17235
SI06,greedy_ssm,384,3,0101110110101110,8.07756,9.57734,9.57734,9.57734,0.17235
SI06,greedy_ssm,384,3,0101110110111110,8.08823,9.67119,9.67119,9.67119,0.17235
SI06,greedy_ssm,384,3,0101110111001000,,,,,0.17235
SI06,greedy_ssm,384,3,0101111010001111,,,,,0.17235
SI06,greedy_ssm,384,3,0101111011000110,,,,,0.17235
SI06,greedy_ssm,384,3,0101111011110010,8.46709,9.71095,9.71095,9.71095,0.17235
SI06,greedy_ssm,384,3,0101111011111100,8.66616,9.57591,9.57591,9.49638,0.17235
SI06,greedy_ssm,384,3,0101111100010010,,,,,0.17235
SI06,greedy_ssm,384,3,0101111100101000,8.12158,9.17726,9.17726,9.15856,0.17235
SI06,greedy_ssm,384,3,0101111100101011,8.79449,9.5988,9.5988,9.5988,0.17235
SI06,greedy_ssm,384,3,0101111110000011,,,,,0.17235
SI06,greedy_ssm,384,3,0101111110011101,,,,,0.17235
SI06,greedy_ssm,384,3,0101111110111011,9.09219,9.71603,9.71603,9.71603,0.17235
SI06,greedy_ssm,384,3,0110000001010010,,,,,0.17235
SI06,greedy_ssm,384,3,0110000001101001,8.21066,8.9199,8.9199,8.9199,0.17235
SI06,greedy_ssm,384,3,0110000001110110,7.81134,8.90416,8.90416,8.90416,0.17235
SI06,greedy_ssm,384,3,0110000010011011,,,,,0.17235
SI06,greedy_ssm,384,3,0110000011011001,,,,,0.17235
SI06,greedy_ssm,384,3,0110000011111011,8.56827,9.37387,9.37387,9.37387,0.17235
SI06,greedy_ssm,384,3,0110000100100111,8.42936,9.19761,9.19761,9.08563,0.17235
SI06,greedy_ssm,384,3,0110000100101111,8.31928,9.10037,9.10037,9.03058,0.17235
SI06,greedy_ssm,384,3,0110000101110111,8.34403,9.31862,9.31862,9.31862,0.17235
SI06,greedy_ssm,384,3,0110000110000010,,,,,0.17235
SI06,greedy_ssm,384,3,0110001000010011,6.18531,8.99502,8.99502,8.99502,0.17235
SI06,greedy_ssm,384,3,0110001000011111,6.44341,8.88405,8.88405,8.88405,0.17235
SI06,greedy_ssm,384,3,0110001000110101,7.85669,8.90424,8.90424,8.86684,0.17235
SI06,greedy_ssm,384,3,0110001001010000,,,,,0.17235
SI06,greedy_ssm,384,3,0110001100000011,,,,,0.17235
SI06,greedy_ssm,384,3,0110001100111110,8.12908,9.08568,9.08568,9.05056,0.17235
SI06,greedy_ssm,384,3,0110001110101001,8.41127,9.31014,9.31014,9.31014,0.17235
SI06,greedy_ssm,384,3,0110001111010001,6.59973,9.37989,9.37989,9.37989,0.17235
SI06,greedy_ssm,384,3,0110010010110101,7.92833,8.99539,8.99539,8.99539,0.17235
SI06,greedy_ssm,384,3,0110010100000101,,,,,0.17235
SI06,greedy_ssm,384,3,0110010101101000,8.01003,8.87347,8.87347,8.72068,0.17235
SI06,greedy_ssm,384,3,0110010110100101,8.17948,9.1821,9.1821,9.1821,0.17235
SI06,greedy_ssm,384,3,0110010111101110,8.32324,9.37608,9.37608,9.37608,0.17235
SI06,greedy_ssm,384,3,0110010111110100,8.53702,9.29596,9.29596,9.07791,0.17235
SI06,greedy_ssm,384,3,0110011001010010,,,,,0.17235
SI06,greedy_ssm,384,3,0110011010001100,,,,,0.17235
SI06,greedy_ssm,384,3,0110011010100001,7.8076,9.38081,9.38081,9.19756,0.17235
SI06,greedy_ssm,384,3,0110011010101011,7.95262,9.38081,9.38081,9.38081,0.17235
SI06,greedy_ssm,384,3,0110011011110001,8.62825,9.51729,9.51729,9.51729,0.17235
SI06,greedy_ssm,384,3,0110011011110011,9.02241,9.51729,9.51729,9.51729,0.17235
SI06,greedy_ssm,384,3,0110011110100111,8.7351,9.48779,9.48779,9.48779,0.17235
SI06,greedy_ssm,384,3,0110011111100000,8.67713,9.48779,9.48779,9.48779,0.17235
SI06,greedy_ssm,384,3,0110011111111110,8.61029,9.37608,9.37608,9.37608,0.17235
SI06,greedy_ssm,384,3,0110100001001101,,,,,0.17235
SI06,greedy_ssm,384,3,0110100010100101,7.21421,8.79437,8.79437,8.74483,0.17235
SI06,greedy_ssm,384,3,0110100010101100,6.98808,8.59588,8.59588,8.59588,0.17235
SI06,greedy_ssm,384,3,0110100011010101,,,,,0.17235
SI06,greedy_ssm,384,3,0110100100000001,,,,,0.17235
SI06,greedy_ssm,384,3,0110100101100001,7.93879,8.8442,8.8442,8.84225,0.17235
SI06,greedy_ssm,384,3,0110100101101000,,,,,0.17235
SI06,greedy_ssm,384,3,0110100110001111,,,,,0.17235
SI06,greedy_ssm,384,3,0110100110010101,,,,,0.17235
SI06,greedy_ssm,384,3,0110100110100111,7.9549,9.19761,9.19761,9.09116,0.17235
SI06,greedy_ssm,384,3,0110101000110010,7.0957,9.00706,9.00706,9.00706,0.17235
SI06,greedy_ssm,384,3,0110101001001010,,,,,0.17235
SI06,greedy_ssm,384,3,0110101001100001,7.8307,9.08974,9.08974,9.08974,0.17235
SI06,greedy_ssm,384,3,0110101001100101,8.04991,9.27136,9.27136,9.27136,0.17235
SI06,greedy_ssm,384,3,0110101011000101,,,,,0.17235
SI06,greedy_ssm,384,3,0110101011111010,7.88123,9.25809,9.25809,9.19051,0.17235
SI06,greedy_ssm,384,3,0110101100000111,6.12896,9.10796,9.10796,9.10796,0.17235
SI06,greedy_ssm,384,3,0110101101000110,,,,,0.17235
SI06,greedy_ssm,384,3,0110101101101101,8.2204,9.23942,9.23942,9.10728,0.17235
SI06,greedy_ssm,384,3,0110101110010011,,,,,0.17235
SI06,greedy_ssm,384,3,0110101110011011,6.36991,9.25809,9.25809,9.10318,0.17235
SI06,greedy_ssm,384,3,0110110001101001,,,,,0.17235
SI06,greedy_ssm,384,3,0110110001110001,8.08532,8.844,8.844,8.80142,0.17235
SI06,greedy_ssm,384,3,0110110010101110,7.78349,8.8155,8.8155,8.63618,0.17235
SI06,greedy_ssm,384,3,0110110011100101,8.27417,9.29131,9.29131,9.25414,0.17235
SI06,greedy_ssm,384,3,0110111001100010,7.83011,9.21794,9.21794,9.09272,0.17235
SI06,greedy_ssm,384,3,0110111001100100,8.14979,9.01708,9.01708,8.82822,0.17235
SI06,greedy_ssm,384,3,0110111001100111,8.22502,9.3202,9.3202,9.27073,0.17235
SI06,greedy_ssm,384,3,0110111001110010,7.78791,9.0665,9.0665,9.06161,0.17235
SI06,greedy_ssm,384,3,0110111001110101,8.32386,9.14436,9.14436,9.04058,0.17235
SI06,greedy_ssm,384,3,0110111011001000,,,,,0.17235
SI06,greedy_ssm,384,3,0110111011001010,,,,,0.17235
SI06,greedy_ssm,384,3,0110111100010100,,,,,0.17235
SI06,greedy_ssm,384,3,0110111100011100,,,,,0.17235
SI06,greedy_ssm,384,3,0110111101001111,6.29346,9.15893,9.15893,9.14888,0.17235
SI06,greedy_ssm,384,3,0110111101101110,8.17262,9.15893,9.15893,9.14888,0.17235
SI06,greedy_ssm,384,3,0110111110011110,,,,,0.17235
SI06,greedy_ssm,384,3,0110111110100010,7.92914,9.38081,9.38081,9.1422,0.17235
SI06,greedy_ssm,384,3,0111000001001101,,,,,0.17235
SI06,greedy_ssm,384,3,0111000011101010,7.52871,9.02295,9.02295,9.02295,0.17235
SI06,greedy_ssm,384,3,0111000011111111,8.1446,9.15797,9.15797,9.08568,0.17235
SI06,greedy_ssm,384,3,0111000100101000,7.60438,8.65543,8.65543,8.64352,0.17235
SI06,greedy_ssm,384,3,0111000101110000,7.55075,8.95381,8.95381,8.57687,0.17235
SI06,greedy_ssm,384,3,0111000101111011,8.11064,9.24172,9.24172,9.24172,0.17235
SI06,greedy_ssm,384,3,0111001000000011,,,,,0.17235
SI06,greedy_ssm,384,3,0111001010011001,,,,,0.17235
SI06,greedy_ssm,384,3,0111001011100000,8.20147,9.08974,9.08974,8.94552,0.17235
SI06,greedy_ssm,384,3,0111001100001001,,,,,0.17235
SI06,greedy_ssm,384,3,0111001110001111,,,,,0.17235
SI06,greedy_ssm,384,3,0111001110100110,7.78999,9.19761,9.19761,9.01841,0.17235
SI06,greedy_ssm,384,3,0111001110101010,7.62951,9.14407,9.14407,9.14407,0.17235
SI06,greedy_ssm,384,3,0111001111001111,,,,,0.17235
SI06,greedy_ssm,384,3,0111010001010110,,,,,0.17235
SI06,greedy_ssm,384,3,0111010001101101,,,,,0.17235
SI06,greedy_ssm,384,3,0111010011010010,,,,,0.17235
SI06,greedy_ssm,384,3,0111010110001100,,,,,0.17235
SI06,greedy_ssm,384,3,0111010110111101,7.92722,9.05088,9.05088,8.90368,0.17235
SI06,greedy_ssm,384,3,0111010111001111,,,,,0.17235
SI06,greedy_ssm,384,3,0111010111101111,8.21787,9.57734,9.57734,9.37608,0.17235
SI06,greedy_ssm,384,3,0111011000010011,,,,,0.17235
SI06,greedy_ssm,384,3,0111011011100000,8.10826,9.257,9.257,9.06912,0.17235
SI06,greedy_ssm,384,3,0111011110100001,7.60625,9.38081,9.38081,9.1422,0.17235
SI06,greedy_ssm,384,3,0111100000110001,8.05068,9.00706,9.00706,9.00489,0.17235
SI06,greedy_ssm,384,3,0111100001000001,,,,,0.17235
SI06,greedy_ssm,384,3,0111100001111111,8.309,9.19249,9.19249,9.19249,0.17235
SI06,greedy_ssm,384,3,0111100011100010,8.21889,9.40213,9.40213,9.36761,0.17235
SI06,greedy_ssm,384,3,0111100011110100,8.29305,9.12701,9.12701,9.12701,0.17235
SI06,greedy_ssm,384,3,0111100111100101,8.42486,9.52102,9.52102,9.47913,0.17235
SI06,greedy_ssm,384,3,0111101001011100,,,,,0.17235
SI06,greedy_ssm,384,3,0111101001100010,8.02125,9.40213,9.40213,9.40213,0.17235
SI06,greedy_ssm,384,3,0111101010011011,6.68779,9.22662,9.22662,9.10318,0.17235
SI06,greedy_ssm,384,3,0111101011010111,7.163,9.51611,9.51611,9.40839,0.17235
SI06,greedy_ssm,384,3,0111101110001110,,,,,0.17235
SI06,greedy_ssm,384,3,0111101110111100,8.51644,9.2856,9.2856,9.05427,0.17235
SI06,greedy_ssm,384,3,0111101111110000,8.59781,9.46646,9.46646,9.41388,0.17235
SI06,greedy_ssm,384,3,0111110000000010,,,,,0.17235
SI06,greedy_ssm,384,3,0111110000101011,8.35824,9.27021,9.27021,9.24529,0.17235
SI06,greedy_ssm,384,3,0111110000111011,8.42755,9.29722,9.29722,9.21308,0.17235
SI06,greedy_ssm,384,3,0111110100010110,,,,,0.17235
SI06,greedy_ssm,384,3,0111110110001010,,,,,0.17235
SI06,greedy_ssm,384,3,0111111011000101,6.66342,9.41166,9.41166,9.41166,0.17235
SI06,greedy_ssm,384,3,0111111011010001,7.03562,9.34765,9.34765,9.34765,0.17235
SI06,greedy_ssm,384,3,0111111011011011,7.12731,9.49201,9.49201,9.39127,0.17235
SI06,greedy_ssm,384,3,0111111011101010,8.508,9.50905,9.50905,9.50905,0.17235
SI06,greedy_ssm,384,3,0111111100001110,,,,,0.17235
SI06,greedy_ssm,384,3,1000000000100010,,,,,0.17235
SI06,greedy_ssm,384,3,1000000011111000,,,,,0.17235
SI06,greedy_ssm,384,3,1000000110001110,,,,,0.17235
SI06,greedy_ssm,384,3,1000000111110111,7.95008,9.59346,9.59346,9.44862,0.17235
SI06,greedy_ssm,384,3,1000001010010101,,,,,0.17235
SI06,greedy_ssm,384,3,1000001010111111,,,,,0.17235
SI06,greedy_ssm,384,3,1000001011000011,,,,,0.17235
SI06,greedy_ssm,384,3,1000001100000011,,,,,0.17235
SI06,greedy_ssm,384,3,1000001100101011,7.28425,9.10937,9.10937,9.03058,0.17235
SI06,greedy_ssm,384,3,1000001100110001,6.89703,8.99502,8.99502,8.99502,0.17235
SI06,greedy_ssm,384,3,1000001101000011,,,,,0.17235
SI06,greedy_ssm,384,3,1000001101111011,8.14094,9.45015,9.45015,9.45015,0.17235
SI06,greedy_ssm,384,3,1000001110000101,,,,,0.17235
SI06,greedy_ssm,384,3,1000001110101011,7.29987,9.3919,9.3919,9.3919,0.17235
SI06,greedy_ssm,384,3,1000010000011100,,,,,0.17235
SI06,greedy_ssm,384,3,1000010000111011,6.47551,8.81368,8.81368,8.81368,0.17235
SI06,greedy_ssm,384,3,1000010000111111,,,,,0.17235
SI06,greedy_ssm,384,3,1000010001010111,,,,,0.17235
SI06,greedy_ssm,384,3,1000010011011110,,,,,0.17235
SI06,greedy_ssm,384,3,1000010100110011,7.14751,9.06078,9.06078,8.88593,0.17235
SI06,greedy_ssm,384,3,1000010101000001,,,,,0.17235
SI06,greedy_ssm,384,3,1000010101011000,,,,,0.17235
SI06,greedy_ssm,384,3,1000010101101111,7.76015,9.26307,9.26307,9.22147,0.17235
SI06,greedy_ssm,384,3,1000011000011000,,,,,0.17235
SI06,greedy_ssm,384,3,1000011000101110,,,,,0.17235
SI06,greedy_ssm,384,3,1000011001000000,,,,,0.17235
SI06,greedy_ssm,384,3,1000011010100011,,,,,0.17235
SI06,greedy_ssm,384,3,1000011011001001,,,,,0.17235
SI06,greedy_ssm,384,3,1000011101100000,7.70064,8.97342,8.97342,8.97342,0.17235
SI06,greedy_ssm,384,3,1000011110011010,,,,,0.17235
SI06,greedy_ssm,384,3,1000011110111100,7.44408,9.14156,9.14156,8.98607,0.17235
SI06,greedy_ssm,384,3,1000100000011101,,,,,0.17235
SI06,greedy_ssm,384,3,1000100010111011,,,,,0.17235
SI06,greedy_ssm,384,3,1000100011010011,,,,,0.17235
SI06,greedy_ssm,384,3,1000100011011110,,,,,0.17235
SI06,greedy_ssm,384,3,1000100011100110,8.09017,9.47559,9.47559,9.47559,0.17235
SI06,greedy_ssm,384,3,1000100011110110,8.0501,9.26117,9.26117,9.16005,0.17235
SI06,greedy_ssm,384,3,1000100100110011,6.95184,9.25472,9.25472,9.22761,0.17235
SI06,greedy_ssm,384,3,1000100101000100,,,,,0.17235
SI06,greedy_ssm,384,3,1000101000000101,,,,,0.17235
SI06,greedy_ssm,384,3,1000101000000111,,,,,0.17235
SI06,greedy_ssm,384,3,1000101001100011,8.16428,9.60851,9.60851,9.60851,0.17235
SI06,greedy_ssm,384,3,1000101011100111,8.40441,9.62669,9.62669,9.62669,0.17235
SI06,greedy_ssm,384,3,1000101100010010,,,,,0.17235
SI06,greedy_ssm,384,3,1000101100101001,7.41008,9.15706,9.15706,9.15706,0.17235
SI06,greedy_ssm,384,3,1000101110001100,,,,,0.17235
SI06,greedy_ssm,384,3,1000101110010111,,,,,0.17235
SI06,greedy_ssm,384,3,1000101110101100,7.47897,9.30648,9.30648,9.30648,0.17235
SI06,greedy_ssm,384,3,1000110000001001,,,,,0.17235
SI06,greedy_ssm,384,3,1000110001000011,,,,,0.17235
SI06,greedy_ssm,384,3,1000110001101100,7.43668,8.89743,8.89743,8.87136,0.17235
SI06,greedy_ssm,384,3,1000110011001000,,,,,0.17235
SI06,greedy_ssm,384,3,1000110011010000,,,,,0.17235
SI06,greedy_ssm,384,3,1000110011100000,8.01389,9.1673,9.1673,9.1673,0.17235
SI06,greedy_ssm,384,3,1000110100000000,,,,,0.17235
SI06,greedy_ssm,384,3,1000110100110111,7.08709,9.38585,9.38585,9.38585,0.17235
SI06,greedy_ssm,384,3,1000110110100111,7.16114,9.36261,9.36261,9.36261,0.17235
SI06,greedy_ssm,384,3,1000111000100101,,,,,0.17235
SI06,greedy_ssm,384,3,1000111001001100,,,,,0.17235
SI06,greedy_ssm,384,3,1000111010000001,,,,,0.17235
SI06,greedy_ssm,384,3,1000111011101101,8.35343,9.62967,9.62967,9.62967,0.17235
SI06,greedy_ssm,384,3,1000111100000111,,,,,0.17235
SI06,greedy_ssm,384,3,1000111100011111,,,,,0.17235
SI06,greedy_ssm,384,3,1000111100100110,,,,,0.17235
SI06,greedy_ssm,384,3,1000111100111110,7.36268,9.23908,9.23908,9.23421,0.17235
SI06,greedy_ssm,384,3,1000111101010101,,,,,0.17235
SI06,greedy_ssm,384,3,1000111101011101,,,,,0.17235
SI06,greedy_ssm,384,3,1000111101101011,8.71442,9.63947,9.63947,9.63947,0.17235
SI06,greedy_ssm,384,3,1000111101110101,8.81426,9.67993,9.67993,9.67993,0.17235
SI06,greedy_ssm,384,3,1000111110000010,,,,,0.17235
SI06,greedy_ssm,384,3,1000111111110001,8.96839,9.71095,9.71095,9.71095,0.17235
SI06,greedy_ssm,384,3,1000111111111110,8.60087,9.67993,9.67993,9.67993,0.17235
SI06,greedy_ssm,384,3,1001000000001011,,,,,0.17235
SI06,greedy_ssm,384,3,1001000001010000,,,,,0.17235
SI06,greedy_ssm,384,3,1001000010000101,,,,,0.17235
SI06,greedy_ssm,384,3,1001000011110000,,,,,0.17235
SI06,greedy_ssm,384,3,1001000011111100,,,,,0.17235
SI06,greedy_ssm,384,3,1001000011111101,,,,,0.17235
SI06,greedy_ssm,384,3,1001000100000001,,,,,0.17235
SI06,greedy_ssm,384,3,1001000101111100,,,,,0.17235
SI06,greedy_ssm,384,3,1001000110000110,,,,,0.17235
SI06,greedy_ssm,384,3,1001000111000101,,,,,0.17235
SI06,greedy_ssm,384,3,1001001001000101,,,,,0.17235
SI06,greedy_ssm,384,3,1001001001011010,,,,,0.17235
SI06,greedy_ssm,384,3,1001001111011010,,,,,0.17235
SI06,greedy_ssm,384,3,1001010010011110,,,,,0.17235
SI06,greedy_ssm,384,3,1001010100001111,,,,,0.17235
SI06,greedy_ssm,384,3,1001010101011110,,,,,0.17235
SI06,greedy_ssm,384,3,1001010110100111,,,,,0.17235
SI06,greedy_ssm,384,3,1001010110111100,,,,,0.17235
SI06,greedy_ssm,384,3,1001011000010110,,,,,0.17235
SI06,greedy_ssm,384,3,1001011001100000,,,,,0.17235
SI06,greedy_ssm,384,3,1001011010011100,,,,,0.17235
SI06,greedy_ssm,384,3,1001011011110100,,,,,0.17235
SI06,greedy_ssm,384,3,1001011100000001,,,,,0.17235
SI06,greedy_ssm,384,3,1001011100110000,,,,,0.17235
SI06,greedy_ssm,384,3,1001011101010101,,,,,0.17235
SI06,greedy_ssm,384,3,1001011101100110,,,,,0.17235
SI06,greedy_ssm,384,3,1001011110111010,,,,,0.17235
SI06,greedy_ssm,384,3,1001100000001011,,,,,0.17235
SI06,greedy_ssm,384,3,1001100001110000,8.57674,9.22696,9.22696,9.22696,0.17235
SI06,greedy_ssm,384,3,1001100010001011,,,,,0.17235
SI06,greedy_ssm,384,3,1001100110001011,,,,,0.17235
SI06,greedy_ssm,384,3,1001100110101001,8.17479,9.37953,9.37953,9.37953,0.17235
SI06,greedy_ssm,384,3,1001100110111011,8.49097,9.66331,9.66331,9.66331,0.17235
SI06,greedy_ssm,384,3,1001100111011100,,,,,0.17235
SI06,greedy_ssm,384,3,1001100111101100,8.46814,9.42327,9.42327,9.2856,0.17235
SI06,greedy_ssm,384,3,1001101000110101,7.83793,9.30036,9.30036,9.21995,0.17235
SI06,greedy_ssm,384,3,1001101001100100,8.78279,9.38544,9.38544,9.38544,0.17235
SI06,greedy_ssm,384,3,1001101010110011,7.89684,9.69467,9.69467,9.69467,0.17235
SI06,greedy_ssm,384,3,1001101011011011,6.41741,9.66331,9.66331,9.66331,0.17235
SI06,greedy_ssm,384,3,1001101011111111,9.11489,9.69761,9.69761,9.69761,0.17235
SI06,greedy_ssm,384,3,1001101100000011,,,,,0.17235
SI06,greedy_ssm,384,3,1001101100011011,,,,,0.17235
SI06,greedy_ssm,384,3,1001101101101010,8.51033,9.58988,9.58988,9.58677,0.17235
SI06,greedy_ssm,384,3,1001101110010011,,,,,0.17235
SI06,greedy_ssm,384,3,1001101111011111,7.12967,9.69761,9.69761,9.69761,0.17235
SI06,greedy_ssm,384,3,1001110000000110,,,,,0.17235
SI06,greedy_ssm,384,3,1001110001111110,8.40192,9.29372,9.29372,9.29372,0.17235
SI06,greedy_ssm,384,3,1001110010011010,,,,,0.17235
SI06,greedy_ssm,384,3,1001110010110101,8.13805,9.39213,9.39213,9.29131,0.17235
SI06,greedy_ssm,384,3,1001110100101000,8.09029,8.91128,8.91128,8.91128,0.17235
SI06,greedy_ssm,384,3,1001110100101110,8.13315,9.16879,9.16879,9.16879,0.17235
SI06,greedy_ssm,384,3,1001110101101000,8.36795,9.20649,9.20649,8.91128,0.17235
SI06,greedy_ssm,384,3,1001110101111100,8.41032,9.34877,9.34877,9.34877,0.17235
SI06,greedy_ssm,384,3,1001110110100111,8.4551,9.7021,9.7021,9.7021,0.17235
SI06,greedy_ssm,384,3,1001111000100110,7.44836,9.3202,9.3202,9.3202,0.17235
SI06,greedy_ssm,384,3,1001111010010100,,,,,0.17235
SI06,greedy_ssm,384,3,1001111010101011,8.08337,9.62967,9.62967,9.62967,0.17235
SI06,greedy_ssm,384,3,1001111010101110,7.68935,9.62967,9.62967,9.62967,0.17235
SI06,greedy_ssm,384,3,1001111011001001,,,,,0.17235
SI06,greedy_ssm,384,3,1001111011100001,9.09323,9.76193,9.76193,9.76193,0.17235
SI06,greedy_ssm,384,3,1001111011100110,8.52763,9.7021,9.7021,9.7021,0.17235
SI06,greedy_ssm,384,3,1001111110011110,,,,,0.17235
SI06,greedy_ssm,384,3,1010000011101110,8.21219,9.13896,9.13896,9.13896,0.17235
SI06,greedy_ssm,384,3,1010000101110110,7.97963,9.13324,9.13324,9.13324,0.17235
SI06,greedy_ssm,384,3,1010000111101011,8.53697,9.38453,9.38453,9.38453,0.17235
SI06,greedy_ssm,384,3,1010001010010110,,,,,0.17235
SI06,greedy_ssm,384,3,1010001010100010,6.52742,9.19331,9.19331,9.19331,0.17235
SI06,greedy_ssm,384,3,1010001010111110,7.18382,8.94207,8.94207,8.94207,0.17235
SI06,greedy_ssm,384,3,1010001100011110,,,,,0.17235
SI06,greedy_ssm,384,3,1010001101011010,,,,,0.17235
SI06,greedy_ssm,384,3,1010001101101111,8.52413,9.37608,9.37608,9.37608,0.17235
SI06,greedy_ssm,384,3,1010001110100100,8.00704,9.06106,9.06106,9.06106,0.17235
SI06,greedy_ssm,384,3,1010001111001101,,,,,0.17235
SI06,greedy_ssm,384,3,1010001111011010,,,,,0.17235
SI06,greedy_ssm,384,3,1010010000011001,,,,,0.17235
SI06,greedy_ssm,384,3,1010010001000110,,,,,0.17235
SI06,greedy_ssm,384,3,1010010010010101,,,,,0.17235
SI06,greedy_ssm,384,3,1010010010111110,7.40658,8.762,8.762,8.762,0.17235
SI06,greedy_ssm,384,3,1010010011110000,8.43898,8.94169,8.94169,8.94169,0.17235
SI06,greedy_ssm,384,3,1010011000110101,7.75149,8.99556,8.99556,8.99556,0.17235
SI06,greedy_ssm,384,3,1010011100101011,8.37406,9.27484,9.27484,9.27484,0.17235
SI06,greedy_ssm,384,3,1010011101100001,8.33767,9.48779,9.48779,9.48779,0.17235
SI06,greedy_ssm,384,3,1010011110000011,,,,,0.17235
SI06,greedy_ssm,384,3,1010011111010011,6.91876,9.51729,9.51729,9.51729,0.17235
SI06,greedy_ssm,384,3,1010100001110100,7.97285,8.76247,8.76247,8.76247,0.17235
SI06,greedy_ssm,384,3,1010100011110011,8.38091,9.26693,9.26693,9.26693,0.17235
SI06,greedy_ssm,384,3,1010100100011100,,,,,0.17235
SI06,greedy_ssm,384,3,1010100100111001,8.36494,8.88857,8.88857,8.88857,0.17235
SI06,greedy_ssm,384,3,1010100101100100,7.81391,8.72859,8.72859,8.72859,0.17235
SI06,greedy_ssm,384,3,1010100110000000,,,,,0.17235
SI06,greedy_ssm,384,3,1010100110011010,,,,,0.17235
SI06,greedy_ssm,384,3,1010100110100001,8.02942,8.85472,8.85472,8.7967,0.17235
SI06,greedy_ssm,384,3,1010100110101111,8.20642,9.21704,9.21704,9.04692,0.17235
SI06,greedy_ssm,384,3,1010101000100110,7.37934,8.95541,8.95541,8.67653,0.17235
SI06,greedy_ssm,384,3,1010101001100000,7.98794,8.96862,8.96862,8.87012,0.17235
SI06,greedy_ssm,384,3,1010101001110100,8.09002,9.06156,9.06156,8.82723,0.17235
SI06,greedy_ssm,384,3,1010101100101111,8.48651,9.2716,9.2716,9.2716,0.17235
SI06,greedy_ssm,384,3,1010101101010101,,,,,0.17235
SI06,greedy_ssm,384,3,1010110000101001,7.74937,8.88862,8.88862,8.88862,0.17235
SI06,greedy_ssm,384,3,1010110000110110,7.68657,8.6439,8.6439,8.6439,0.17235
SI06,greedy_ssm,384,3,1010110010010111,,,,,0.17235
SI06,greedy_ssm,384,3,1010110010100000,7.32316,8.7888,8.7888,8.7888,0.17235
SI06,greedy_ssm,384,3,1010110100011100,,,,,0.17235
SI06,greedy_ssm,384,3,1010110110111001,8.2681,9.1258,9.1258,8.96113,0.17235
SI06,greedy_ssm,384,3,1010110111001100,,,,,0.17235
SI06,greedy_ssm,384,3,1010111010010110,,,,,0.17235
SI06,greedy_ssm,384,3,1010111010111011,8.00187,9.3076,9.3076,9.3076,0.17235
SI06,greedy_ssm,384,3,1010111011110001,8.55372,9.34765,9.34765,9.34765,0.17235
SI06,greedy_ssm,384,3,1010111011111010,8.1845,9.3076,9.3076,9.3076,0.17235
SI06,greedy_ssm,384,3,1010111101000010,,,,,0.17235
SI06,greedy_ssm,384,3,1010111101100000,8.31832,8.98394,8.98394,8.98394,0.17235
SI06,greedy_ssm,384,3,1011000001001110,,,,,0.17235
SI06,greedy_ssm,384,3,1011000100000100,,,,,0.17235
SI06,greedy_ssm,384,3,1011000101100010,,,,,0.17235
SI06,greedy_ssm,384,3,1011000110100101,7.11718,8.99812,8.99812,8.99812,0.17235
SI06,greedy_ssm,384,3,1011000110110111,7.81106,9.21899,9.21899,9.21899,0.17235
SI06,greedy_ssm,384,3,1011000111101001,8.0357,9.15706,9.15706,9.08151,0.17235
SI06,greedy_ssm,384,3,1011001001010100,,,,,0.17235
SI06,greedy_ssm,384,3,1011001001100011,7.95179,9.40213,9.40213,9.35244,0.17235
SI06,greedy_ssm,384,3,1011001001110101,7.40731,8.95518,8.95518,8.95518,0.17235
SI06,greedy_ssm,384,3,1011001010000001,,,,,0.17235
SI06,greedy_ssm,384,3,1011001010000111,,,,,0.17235
SI06,greedy_ssm,384,3,1011001010101110,6.45578,8.94936,8.94936,8.94936,0.17235
SI06,greedy_ssm,384,3,1011001011001110,,,,,0.17235
SI06,greedy_ssm,384,3,1011001011111010,7.83955,9.19051,9.19051,9.19051,0.17235
SI06,greedy_ssm,384,3,1011001100001101,,,,,0.17235
SI06,greedy_ssm,384,3,1011001100101111,7.81012,9.2716,9.2716,9.2716,0.17235
SI06,greedy_ssm,384,3,1011001100111100,7.6313,8.88064,8.88064,8.88064,0.17235
SI06,greedy_ssm,384,3,1011001110011101,,,,,0.17235
SI06,greedy_ssm,384,3,1011001110110100,7.77871,9.08792,9.08792,9.01591,0.17235
SI06,greedy_ssm,384,3,1011001110111100,7.67962,9.06147,9.06147,8.91227,0.17235
SI06,greedy_ssm,384,3,1011001111100010,8.03564,9.43515,9.43515,9.43515,0.17235
SI06,greedy_ssm,384,3,1011001111100111,8.4318,9.62669,9.62669,9.62669,0.17235
SI06,greedy_ssm,384,3,1011010011000010,,,,,0.17235
SI06,greedy_ssm,384,3,1011010011100100,8.10364,9.02937,9.02937,9.01875,0.17235
SI06,greedy_ssm,384,3,1011010011110000,7.90739,8.93592,8.93592,8.76911,0.17235
SI06,greedy_ssm,384,3,1011010100001110,,,,,0.17235
SI06,greedy_ssm,384,3,1011010100110100,7.74996,8.78427,8.78427,8.78427,0.17235
SI06,greedy_ssm,384,3,1011010101110100,7.66251,8.93688,8.93688,8.93688,0.17235
SI06,greedy_ssm,384,3,1011010101110111,7.86862,9.29883,9.29883,9.29883,0.17235
SI06,greedy_ssm,384,3,1011010110000101,,,,,0.17235
SI06,greedy_ssm,384,3,1011010111101000,7.83782,8.88125,8.88125,8.77817,0.17235
SI06,greedy_ssm,384,3,1011011001000111,,,,,0.17235
SI06,greedy_ssm,384,3,1011011010011010,,,,,0.17235
SI06,greedy_ssm,384,3,1011011010011011,,,,,0.17235
SI06,greedy_ssm,384,3,1011011101000100,,,,,0.17235
SI06,greedy_ssm,384,3,1011011101000111,,,,,0.17235
SI06,greedy_ssm,384,3,1011011111010111,6.12441,9.41325,9.41325,9.38756,0.17235
SI06,greedy_ssm,384,3,1011100000100111,8.44429,9.22744,9.22744,9.10796,0.17235
SI06,greedy_ssm,384,3,1011100001111111,8.41317,9.23503,9.23503,9.19249,0.17235
SI06,greedy_ssm,384,3,1011100010000101,,,,,0.17235
SI06,greedy_ssm,384,3,1011100010100100,8.19324,9.09529,9.09529,8.9397,0.17235
SI06,greedy_ssm,384,3,1011100011011110,,,,,0.17235
SI06,greedy_ssm,384,3,1011100011101111,8.81578,9.52194,9.52194,9.52194,0.17235
SI06,greedy_ssm,384,3,1011100100011011,,,,,0.17235
SI06,greedy_ssm,384,3,1011100110101010,8.20548,9.14407,9.14407,9.14407,0.17235
SI06,greedy_ssm,384,3,1011100111000110,,,,,0.17235
SI06,greedy_ssm,384,3,1011100111101011,8.77489,9.58677,9.58677,9.58677,0.17235
SI06,greedy_ssm,384,3,1011101010000010,,,,,0.17235
SI06,greedy_ssm,384,3,1011101010011110,,,,,0.17235
SI06,greedy_ssm,384,3,1011101011010001,6.79624,9.21377,9.21377,9.20042,0.17235
SI06,greedy_ssm,384,3,1011101101000000,,,,,0.17235
SI06,greedy_ssm,384,3,1011101101110010,8.26052,9.59164,9.59164,9.59164,0.17235
SI06,greedy_ssm,384,3,1011101110001100,,,,,0.17235
SI06,greedy_ssm,384,3,1011101111010000,,,,,0.17235
SI06,greedy_ssm,384,3,1011101111110000,8.57366,9.41388,9.41388,9.41388,0.17235
SI06,greedy_ssm,384,3,1011101111110001,8.74629,9.69467,9.69467,9.69467,0.17235
SI06,greedy_ssm,384,3,1011110001111101,8.43354,9.10859,9.10859,9.05389,0.17235
SI06,greedy_ssm,384,3,1011110010000101,,,,,0.17235
SI06,greedy_ssm,384,3,1011110010111111,8.58665,9.22924,9.22924,9.22924,0.17235
SI06,greedy_ssm,384,3,1011110011011011,7.02018,9.35622,9.35622,9.30995,0.17235
SI06,greedy_ssm,384,3,1011110100010100,,,,,0.17235
SI06,greedy_ssm,384,3,1011111000110010,7.92743,9.25459,9.25459,9.25459,0.17235
SI06,greedy_ssm,384,3,1011111010110100,8.29707,9.20218,9.20218,9.12231,0.17235
SI06,greedy_ssm,384,3,1011111111010000,,,,,0.17235
SI06,greedy_ssm,384,3,1100000000011100,,,,,0.17235
SI06,greedy_ssm,384,3,1100000001010110,,,,,0.17235
SI06,greedy_ssm,384,3,1100000001101110,6.9405,9.00239,9.00239,8.95765,0.17235
SI06,greedy_ssm,384,3,1100000010100111,6.76564,9.47559,9.47559,9.15161,0.17235
SI06,greedy_ssm,384,3,1100000011001001,,,,,0.17235
SI06,greedy_ssm,384,3,1100000100000111,,,,,0.17235
SI06,greedy_ssm,384,3,1100000100001000,,,,,0.17235
SI06,greedy_ssm,384,3,1100000100001100,,,,,0.17235
SI06,greedy_ssm,384,3,1100000100011110,,,,,0.17235
SI06,greedy_ssm,384,3,1100000100101000,6.89092,8.70261,8.70261,8.63162,0.17235
SI06,greedy_ssm,384,3,1100000101001000,,,,,0.17235
SI06,greedy_ssm,384,3,1100000101001101,,,,,0.17235
SI06,greedy_ssm,384,3,1100000101110100,7.93548,9.08348,9.08348,9.06156,0.17235
SI06,greedy_ssm,384,3,1100000111101110,8.09672,9.39225,9.39225,9.39225,0.17235
SI06,greedy_ssm,384,3,1100001000110110,,,,,0.17235
SI06,greedy_ssm,384,3,1100001000111110,,,,,0.17235
SI06,greedy_ssm,384,3,1100001001001110,,,,,0.17235
SI06,greedy_ssm,384,3,1100001001111001,7.4717,9.37236,9.37236,9.23741,0.17235
SI06,greedy_ssm,384,3,1100001011010001,,,,,0.17235
SI06,greedy_ssm,384,3,1100001100101000,7.51,9.03058,9.03058,9.03058,0.17235
SI06,greedy_ssm,384,3,1100001100110101,7.68684,9.30036,9.30036,8.99556,0.17235
SI06,greedy_ssm,384,3,1100001101101100,8.30212,9.20798,9.20798,9.03132,0.17235
SI06,greedy_ssm,384,3,1100001110001000,,,,,0.17235
SI06,greedy_ssm,384,3,1100001110111100,7.88177,9.33222,9.33222,9.12576,0.17235
SI06,greedy_ssm,384,3,1100010000100111,7.2259,9.34993,9.34993,8.92592,0.17235
SI06,greedy_ssm,384,3,1100010011001010,,,,,0.17235
SI06,greedy_ssm,384,3,1100010011111000,7.57223,8.99808,8.99808,8.87094,0.17235
SI06,greedy_ssm,384,3,1100010101001010,,,,,0.17235
SI06,greedy_ssm,384,3,1100010101101010,7.99231,9.20649,9.20649,9.06426,0.17235
SI06,greedy_ssm,384,3,1100010101110011,8.44421,9.55594,9.55594,9.55594,0.17235
SI06,greedy_ssm,384,3,1100011000010100,,,,,0.17235
SI06,greedy_ssm,384,3,1100011010100110,,,,,0.17235
SI06,greedy_ssm,384,3,1100011011011011,,,,,0.17235
SI06,greedy_ssm,384,3,1100011011011110,,,,,0.17235
SI06,greedy_ssm,384,3,1100011100000111,,,,,0.17235
SI06,greedy_ssm,384,3,1100011100111000,7.52637,9.05759,9.05759,9.05759,0.17235
SI06,greedy_ssm,384,3,1100011101000011,,,,,0.17235
SI06,greedy_ssm,384,3,1100011101001100,,,,,0.17235
SI06,greedy_ssm,384,3,1100011110000000,,,,,0.17235
SI06,greedy_ssm,384,3,1100011110000101,,,,,0.17235
SI06,greedy_ssm,384,3,1100011110111110,7.45001,9.40934,9.40934,9.40934,0.17235
SI06,greedy_ssm,384,3,1100011111000011,,,,,0.17235
SI06,greedy_ssm,384,3,1100011111011110,,,,,0.17235
SI06,greedy_ssm,384,3,1100100000001010,,,,,0.17235
SI06,greedy_ssm,384,3,1100100000010100,,,,,0.17235
SI06,greedy_ssm,384,3,1100100000011011,,,,,0.17235
SI06,greedy_ssm,384,3,1100100011101000,8.36059,9.32722,9.32722,9.11134,0.17235
SI06,greedy_ssm,384,3,1100100011110100,8.22874,9.38544,9.38544,9.38544,0.17235
SI06,greedy_ssm,384,3,1100100100000110,,,,,0.17235
SI06,greedy_ssm,384,3,1100100101000011,,,,,0.17235
SI06,greedy_ssm,384,3,1100100110101001,7.56157,9.3919,9.3919,9.3919,0.17235
SI06,greedy_ssm,384,3,1100100111000100,,,,,0.17235
SI06,greedy_ssm,384,3,1100100111011000,,,,,0.17235
SI06,greedy_ssm,384,3,1100100111101011,9.14055,9.73616,9.73616,9.63947,0.17235
SI06,greedy_ssm,384,3,1100101000110101,,,,,0.17235
SI06,greedy_ssm,384,3,1100101001000010,,,,,0.17235
SI06,greedy_ssm,384,3,1100101001011001,,,,,0.17235
SI06,greedy_ssm,384,3,1100101010011000,,,,,0.17235
SI06,greedy_ssm,384,3,1100101011000010,,,,,0.17235
SI06,greedy_ssm,384,3,1100101101110011,9.12249,9.73616,9.73616,9.73616,0.17235
SI06,greedy_ssm,384,3,1100101110111110,7.81198,9.59346,9.59346,9.59346,0.17235
SI06,greedy_ssm,384,3,1100101111110111,9.59346,9.73616,9.73616,9.72572,0.17235
SI06,greedy_ssm,384,3,1100110001000110,,,,,0.17235
SI06,greedy_ssm,384,3,1100110001010101,,,,,0.17235
SI06,greedy_ssm,384,3,1100110010000011,,,,,0.17235
SI06,greedy_ssm,384,3,1100110010000100,,,,,0.17235
SI06,greedy_ssm,384,3,1100110011000011,,,,,0.17235
SI06,greedy_ssm,384,3,1100110101010001,,,,,0.17235
SI06,greedy_ssm,384,3,1100111001110001,8.18036,9.55594,9.55594,9.55594,0.17235
SI06,greedy_ssm,384,3,1100111100011010,,,,,0.17235
SI06,greedy_ssm,384,3,1100111101101110,8.47305,9.63947,9.63947,9.63947,0.17235
SI06,greedy_ssm,384,3,1100111101110010,8.58677,9.71095,9.71095,9.71095,0.17235
SI06,greedy_ssm,384,3,1100111110000111,,,,,0.17235
SI06,greedy_ssm,384,3,1101000001101000,,,,,0.17235
SI06,greedy_ssm,384,3,1101000010100101,,,,,0.17235
SI06,greedy_ssm,384,3,1101000011000100,,,,,0.17235
SI06,greedy_ssm,384,3,1101000011011100,,,,,0.17235
SI06,greedy_ssm,384,3,1101000011100111,7.17672,9.62669,9.62669,9.62669,0.17235
SI06,greedy_ssm,384,3,1101000100000110,,,,,0.17235
SI06,greedy_ssm,384,3,1101000101011001,,,,,0.17235
SI06,greedy_ssm,384,3,1101000101100010,,,,,0.17235
SI06,greedy_ssm,384,3,1101000110110101,,,,,0.17235
SI06,greedy_ssm,384,3,1101000110111001,6.23142,9.50302,9.50302,9.50302,0.17235
SI06,greedy_ssm,384,3,1101000110111101,,,,,0.17235
SI06,greedy_ssm,384,3,1101000111000101,,,,,0.17235
SI06,greedy_ssm,384,3,1101001000011110,,,,,0.17235
SI06,greedy_ssm,384,3,1101001001111000,,,,,0.17235
SI06,greedy_ssm,384,3,1101001011110010,,,,,0.17235
SI06,greedy_ssm,384,3,1101001110101011,7.10713,9.73616,9.73616,9.73616,0.17235
SI06,greedy_ssm,384,3,1101001110111101,7.38154,9.59229,9.59229,9.59229,0.17235
SI06,greedy_ssm,384,3,1101001111001010,,,,,0.17235
SI06,greedy_ssm,384,3,1101001111101001,8.14128,9.73616,9.73616,9.73616,0.17235
SI06,greedy_ssm,384,3,1101010001000101,,,,,0.17235
SI06,greedy_ssm,384,3,1101010001010011,,,,,0.17235
SI06,greedy_ssm,384,3,1101010010100010,,,,,0.17235
SI06,greedy_ssm,384,3,1101010010101100,,,,,0.17235
SI06,greedy_ssm,384,3,1101010011101000,,,,,0.17235
SI06,greedy_ssm,384,3,1101010100001100,,,,,0.17235
SI06,greedy_ssm,384,3,1101010110000110,,,,,0.17235
SI06,greedy_ssm,384,3,1101010110001110,,,,,0.17235
SI06,greedy_ssm,384,3,1101010110101110,,,,,0.17235
SI06,greedy_ssm,384,3,1101010110111001,,,,,0.17235
SI06,greedy_ssm,384,3,1101010110111011,6.95234,9.71603,9.71603,9.71603,0.17235
SI06,greedy_ssm,384,3,1101010111000110,,,,,0.17235
SI06,greedy_ssm,384,3,1101011000000110,,,,,0.17235
SI06,greedy_ssm,384,3,1101011001110110,,,,,0.17235
SI06,greedy_ssm,384,3,1101011010010111,,,,,0.17235
SI06,greedy_ssm,384,3,1101011010101100,,,,,0.17235
SI06,greedy_ssm,384,3,1101011011001000,,,,,0.17235
SI06,greedy_ssm,384,3,1101011011011011,,,,,0.17235
SI06,greedy_ssm,384,3,1101011100100111,7.3092,9.7021,9.7021,9.7021,0.17235
SI06,greedy_ssm,384,3,1101011110011100,,,,,0.17235
SI06,greedy_ssm,384,3,1101011110101110,,,,,0.17235
SI06,greedy_ssm,384,3,1101011111000001,,,,,0.17235
SI06,greedy_ssm,384,3,1101100011000100,,,,,0.17235
SI06,greedy_ssm,384,3,1101100100000110,,,,,0.17235
SI06,greedy_ssm,384,3,1101100101100111,9.18076,9.73616,9.73616,9.73616,0.17235
SI06,greedy_ssm,384,3,1101100110000000,,,,,0.17235
SI06,greedy_ssm,384,3,1101100110111010,8.25535,9.66331,9.66331,9.66331,0.17235
SI06,greedy_ssm,384,3,1101101000010110,,,,,0.17235
SI06,greedy_ssm,384,3,1101101000011011,,,,,0.17235
SI06,greedy_ssm,384,3,1101101000101011,8.44098,9.60851,9.60851,9.60851,0.17235
SI06,greedy_ssm,384,3,1101101001001101,,,,,0.17235
SI06,greedy_ssm,384,3,1101101001100010,8.55063,9.73616,9.73616,9.73616,0.17235
SI06,greedy_ssm,384,3,1101101010000111,,,,,0.17235
SI06,greedy_ssm,384,3,1101101011000010,,,,,0.17235
SI06,greedy_ssm,384,3,1101101011001010,,,,,0.17235
SI06,greedy_ssm,384,3,1101101011101001,9.32722,9.73616,9.73616,9.73616,0.17235
SI06,greedy_ssm,384,3,1101101110011101,,,,,0.17235
SI06,greedy_ssm,384,3,1101101110110100,8.9896,9.69761,9.69761,9.69761,0.17235
SI06,greedy_ssm,384,3,1101101111111100,9.2856,9.69761,9.69761,9.69761,0.17235
SI06,greedy_ssm,384,3,1101110000000110,,,,,0.17235
SI06,greedy_ssm,384,3,1101110000101110,8.14887,9.39136,9.39136,9.39136,0.17235
SI06,greedy_ssm,384,3,1101110001000011,,,,,0.17235
SI06,greedy_ssm,384,3,1101110001001011,,,,,0.17235
SI06,greedy_ssm,384,3,1101110010001011,,,,,0.17235
SI06,greedy_ssm,384,3,1101110011111100,8.64909,9.67119,9.67119,9.34127,0.17235
SI06,greedy_ssm,384,3,1101110111001110,,,,,0.17235
SI06,greedy_ssm,384,3,1101110111011100,6.29401,9.67119,9.67119,9.49638,0.17235
SI06,greedy_ssm,384,3,1101111000011000,,,,,0.17235
SI06,greedy_ssm,384,3,1101111001110001,9.07111,9.71095,9.71095,9.71095,0.17235
SI06,greedy_ssm,384,3,1101111010101101,8.26657,9.62967,9.62967,9.62967,0.17235
SI06,greedy_ssm,384,3,1101111100000010,,,,,0.17235
SI06,greedy_ssm,384,3,1101111101011101,6.88043,9.65404,9.65404,9.65404,0.17235
SI06,greedy_ssm,384,3,1101111110000010,,,,,0.17235
SI06,greedy_ssm,384,3,1101111110100110,8.5456,9.76193,9.76193,9.76193,0.17235
SI06,greedy_ssm,384,3,1101111111000100,6.80271,9.7021,9.7021,9.7021,0.17235
SI06,greedy_ssm,384,3,1101111111100110,9.01087,9.76193,9.76193,9.76193,0.17235
SI06,greedy_ssm,384,3,1110000000100101,8.21954,9.10249,9.10249,9.10249,0.17235
SI06,greedy_ssm,384,3,1110000011100001,8.63884,9.38453,9.38453,9.38453,0.17235
SI06,greedy_ssm,384,3,1110000101100000,8.29879,9.15478,9.15478,9.15478,0.17235
SI06,greedy_ssm,384,3,1110001001000111,,,,,0.17235
SI06,greedy_ssm,384,3,1110001001011111,6.70708,9.32594,9.32594,9.32594,0.17235
SI06,greedy_ssm,384,3,1110001010110101,8.24042,9.31862,9.31862,9.31862,0.17235
SI06,greedy_ssm,384,3,1110001010111000,7.99367,9.01144,9.01144,9.01144,0.17235
SI06,greedy_ssm,384,3,1110001011001011,6.62631,9.38453,9.38453,9.38453,0.17235
SI06,greedy_ssm,384,3,1110001100001101,,,,,0.17235
SI06,greedy_ssm,384,3,1110001100011101,6.283,9.12576,9.12576,9.05056,0.17235
SI06,greedy_ssm,384,3,1110001100011110,,,,,0.17235
SI06,greedy_ssm,384,3,1110001100100100,8.53347,9.08563,9.08563,9.08563,0.17235
SI06,greedy_ssm,384,3,1110001101100001,8.59393,9.48779,9.48779,9.48779,0.17235
SI06,greedy_ssm,384,3,1110001110010101,,,,,0.17235
SI06,greedy_ssm,384,3,1110001110101110,8.33312,9.37608,9.37608,9.37608,0.17235
SI06,greedy_ssm,384,3,1110001111001001,,,,,0.17235
SI06,greedy_ssm,384,3,1110010000100010,7.8809,8.92005,8.92005,8.92005,0.17235
SI06,greedy_ssm,384,3,1110010001010000,,,,,0.17235
SI06,greedy_ssm,384,3,1110010101101011,8.72068,9.48779,9.48779,9.48779,0.17235
SI06,greedy_ssm,384,3,1110010110010010,,,,,0.17235
SI06,greedy_ssm,384,3,1110010110101110,8.32923,9.37608,9.37608,9.37608,0.17235
SI06,greedy_ssm,384,3,1110010110111010,8.30232,9.28738,9.28738,9.28738,0.17235
SI06,greedy_ssm,384,3,1110011000000010,,,,,0.17235
SI06,greedy_ssm,384,3,1110011000000110,,,,,0.17235
SI06,greedy_ssm,384,3,1110011000100001,7.88756,9.19756,9.19756,9.19522,0.17235
SI06,greedy_ssm,384,3,1110011001001101,,,,,0.17235
SI06,greedy_ssm,384,3,1110011010100111,8.43778,9.48779,9.48779,9.48779,0.17235
SI06,greedy_ssm,384,3,1110011100000101,,,,,0.17235
SI06,greedy_ssm,384,3,1110011100101111,8.86258,9.42679,9.42679,9.42679,0.17235
SI06,greedy_ssm,384,3,1110011101111111,9.04332,9.51729,9.51729,9.42679,0.17235
SI06,greedy_ssm,384,3,1110011111001110,,,,,0.17235
SI06,greedy_ssm,384,3,1110100000001101,,,,,0.17235
SI06,greedy_ssm,384,3,1110100000110001,8.15756,9.00489,9.00489,9.00489,0.17235
SI06,greedy_ssm,384,3,1110100001111100,8.2865,8.80811,8.80811,8.80811,0.17235
SI06,greedy_ssm,384,3,1110100010000010,,,,,0.17235
SI06,greedy_ssm,384,3,1110100100001101,,,,,0.17235
SI06,greedy_ssm,384,3,1110100101001110,,,,,0.17235
SI06,greedy_ssm,384,3,1110100101101001,8.0086,9.14055,9.14055,9.10937,0.17235
SI06,greedy_ssm,384,3,1110100101110101,8.30852,9.32761,9.32761,9.20822,0.17235
SI06,greedy_ssm,384,3,1110100110000010,,,,,0.17235
SI06,greedy_ssm,384,3,1110100110100000,8.21921,8.95538,8.95538,8.95538,0.17235
SI06,greedy_ssm,384,3,1110100110101111,8.34911,9.39225,9.39225,9.36961,0.17235
SI06,greedy_ssm,384,3,1110100111000110,,,,,0.17235
SI06,greedy_ssm,384,3,1110100111100111,8.70153,9.62669,9.62669,9.62669,0.17235
SI06,greedy_ssm,384,3,1110101010000000,,,,,0.17235
SI06,greedy_ssm,384,3,1110101101000010,,,,,0.17235
SI06,greedy_ssm,384,3,1110101101111011,8.80532,9.66331,9.66331,9.66331,0.17235
SI06,greedy_ssm,384,3,1110101110110100,8.35291,9.33543,9.33543,9.21899,0.17235
SI06,greedy_ssm,384,3,1110101111001111,6.06023,9.65068,9.65068,9.65068,0.17235
SI06,greedy_ssm,384,3,1110101111010111,6.41553,9.69761,9.69761,9.69761,0.17235
SI06,greedy_ssm,384,3,1110110000010111,,,,,0.17235
SI06,greedy_ssm,384,3,1110110000011010,,,,,0.17235
SI06,greedy_ssm,384,3,1110110010101110,8.11644,9.13896,9.13896,9.06431,0.17235
SI06,greedy_ssm,384,3,1110110100110111,8.54577,9.38585,9.38585,9.2683,0.17235
SI06,greedy_ssm,384,3,1110110101111100,8.18183,9.14156,9.14156,9.14156,0.17235
SI06,greedy_ssm,384,3,1110110111011100,,,,,0.17235
SI06,greedy_ssm,384,3,1110111001010011,7.22081,9.37754,9.37754,9.34765,0.17235
SI06,greedy_ssm,384,3,1110111001101110,8.40656,9.35715,9.35715,9.35715,0.17235
SI06,greedy_ssm,384,3,1110111010000011,,,,,0.17235
SI06,greedy_ssm,384,3,1110111010010100,,,,,0.17235
SI06,greedy_ssm,384,3,1110111010110010,8.06067,9.34765,9.34765,9.34765,0.17235
SI06,greedy_ssm,384,3,1110111011010010,,,,,0.17235
SI06,greedy_ssm,384,3,1110111011101100,8.67033,9.35715,9.35715,9.33998,0.17235
SI06,greedy_ssm,384,3,1110111100011000,,,,,0.17235
SI06,greedy_ssm,384,3,1110111101111001,8.57647,9.48952,9.48952,9.48952,0.17235
SI06,greedy_ssm,384,3,1110111111100100,8.76799,9.59387,9.59387,9.59387,0.17235
SI06,greedy_ssm,384,3,1111000011000000,,,,,0.17235
SI06,greedy_ssm,384,3,1111000011001000,,,,,0.17235
SI06,greedy_ssm,384,3,1111000100110100,8.12255,8.92347,8.92347,8.70464,0.17235
SI06,greedy_ssm,384,3,1111000100111110,7.92118,9.25984,9.25984,9.25984,0.17235
SI06,greedy_ssm,384,3,1111000111010111,,,,,0.17235
SI06,greedy_ssm,384,3,1111001000111100,7.45598,8.90793,8.90793,8.63098,0.17235
SI06,greedy_ssm,384,3,1111001001010011,,,,,0.17235
SI06,greedy_ssm,384,3,1111001100011010,,,,,0.17235
SI06,greedy_ssm,384,3,1111001111101110,8.3602,9.65068,9.65068,9.65068,0.17235
SI06,greedy_ssm,384,3,1111001111111100,8.41299,9.57779,9.57779,9.32594,0.17235
SI06,greedy_ssm,384,3,1111010001100011,8.42417,9.34993,9.34993,9.3248,0.17235
SI06,greedy_ssm,384,3,1111010011010100,,,,,0.17235
SI06,greedy_ssm,384,3,1111010011110000,8.09214,9.0999,9.0999,8.94169,0.17235
SI06,greedy_ssm,384,3,1111010100101110,8.1698,9.2716,9.2716,9.2716,0.17235
SI06,greedy_ssm,384,3,1111010101001001,,,,,0.17235
SI06,greedy_ssm,384,3,1111010101101010,8.19272,9.20649,9.20649,9.20649,0.17235
SI06,greedy_ssm,384,3,1111010110101010,8.12167,9.19487,9.19487,9.19487,0.17235
SI06,greedy_ssm,384,3,1111011011011111,,,,,0.17235
SI06,greedy_ssm,384,3,1111011011100000,8.45423,9.34483,9.34483,9.34483,0.17235
SI06,greedy_ssm,384,3,1111011011111010,8.11664,9.39127,9.39127,9.39127,0.17235
SI06,greedy_ssm,384,3,1111011100011010,,,,,0.17235
SI06,greedy_ssm,384,3,1111100000110000,8.49251,9.1012,9.1012,9.00489,0.17235
SI06,greedy_ssm,384,3,1111100001001001,,,,,0.17235
SI06,greedy_ssm,384,3,1111100001001011,,,,,0.17235
SI06,greedy_ssm,384,3,1111100001011001,,,,,0.17235
SI06,greedy_ssm,384,3,1111100001110101,8.50311,9.32761,9.32761,9.32761,0.17235
SI06,greedy_ssm,384,3,1111100010100001,8.61336,9.40213,9.40213,9.40213,0.17235
SI06,greedy_ssm,384,3,1111100010110000,8.45343,9.22696,9.22696,8.93085,0.17235
SI06,greedy_ssm,384,3,1111100011001111,6.74924,9.52194,9.52194,9.52194,0.17235
SI06,greedy_ssm,384,3,1111100100001000,,,,,0.17235
SI06,greedy_ssm,384,3,1111100100010010,6.2545,9.01048,9.01048,9.01048,0.17235
SI06,greedy_ssm,384,3,1111100101010110,,,,,0.17235
SI06,greedy_ssm,384,3,1111100110100111,8.81197,9.62669,9.62669,9.62669,0.17235
SI06,greedy_ssm,384,3,1111100111101001,8.57026,9.58677,9.58677,9.58677,0.17235
SI06,greedy_ssm,384,3,1111100111101010,8.43693,9.58677,9.58677,9.58677,0.17235
SI06,greedy_ssm,384,3,1111101000010101,6.95578,9.12592,9.12592,9.12592,0.17235
SI06,greedy_ssm,384,3,1111101000011010,,,,,0.17235
SI06,greedy_ssm,384,3,1111101000110100,8.41952,9.12701,9.12701,9.12592,0.17235
SI06,greedy_ssm,384,3,1111101010001101,6.77245,9.36538,9.36538,9.36538,0.17235
SI06,greedy_ssm,384,3,1111101011000100,6.74796,9.38544,9.38544,9.38544,0.17235
SI06,greedy_ssm,384,3,1111101110001001,6.78316,9.37953,9.37953,9.28691,0.17235
SI06,greedy_ssm,384,3,1111101110100101,8.80002,9.62669,9.62669,9.62669,0.17235
SI06,greedy_ssm,384,3,1111110000101000,8.36881,9.21308,9.21308,9.21308,0.17235
SI06,greedy_ssm,384,3,1111110001111010,8.27039,9.35622,9.35622,9.35622,0.17235
SI06,greedy_ssm,384,3,1111110001111011,8.65226,9.47225,9.47225,9.47225,0.17235
SI06,greedy_ssm,384,3,1111110010001101,,,,,0.17235
SI06,greedy_ssm,384,3,1111110011100000,8.7096,9.34483,9.34483,9.34483,0.17235
SI06,greedy_ssm,384,3,1111110101001101,,,,,0.17235
SI06,greedy_ssm,384,3,1111110111001011,,,,,0.17235
SI06,greedy_ssm,384,3,1111110111111101,8.86977,9.67119,9.67119,9.67119,0.17235
SI06,greedy_ssm,384,3,1111111001011110,7.23299,9.13993,9.13993,9.13993,0.17235
SI06,greedy_ssm,384,3,1111111010001011,,,,,0.17235
SI06,greedy_ssm,384,3,1111111111110111,9.38756,9.76193,9.76193,9.72572,0.17235
SI06,greedy_ssm,384,3,1111111111111100,9.01642,9.65404,9.65404,9.65404,0.17235
G189E,greedy_ssm,384,1,0000000001111010,8.00297,9.23774,9.23774,9.81285,0.13134
G189E,greedy_ssm,384,1,0000000011101110,8.46251,9.29432,9.29432,9.81943,0.13134
G189E,greedy_ssm,384,1,0000000100010011,,,,,0.13134
G189E,greedy_ssm,384,1,0000000101001100,,,,,0.13134
G189E,greedy_ssm,384,1,0000001000100001,7.97119,9.19433,9.19433,9.84297,0.13134
G189E,greedy_ssm,384,1,0000001000100100,7.8067,9.16329,9.16329,9.7952,0.13134
G189E,greedy_ssm,384,1,0000001001001100,,,,,0.13134
G189E,greedy_ssm,384,1,0000001001101010,8.56307,9.39955,9.39955,9.81252,0.13134
G189E,greedy_ssm,384,1,0000001011101110,8.85559,9.54093,9.54093,9.83899,0.13134
G189E,greedy_ssm,384,1,0000001101011001,7.794,9.59879,9.59879,9.91719,0.13134
G189E,greedy_ssm,384,1,0000001110001001,,,,,0.13134
G189E,greedy_ssm,384,1,0000001111001001,7.77989,9.66883,9.66883,9.91022,0.13134
G189E,greedy_ssm,384,1,0000001111001111,7.94272,9.69371,9.69371,9.91478,0.13134
G189E,greedy_ssm,384,1,0000010000001100,,,,,0.13134
G189E,greedy_ssm,384,1,0000010000100100,,,,,0.13134
G189E,greedy_ssm,384,1,0000010000110110,7.19849,8.66333,8.66333,9.61606,0.13134
G189E,greedy_ssm,384,1,0000010001000101,,,,,0.13134
G189E,greedy_ssm,384,1,0000010001100000,8.0147,9.12054,9.12054,9.73477,0.13134
G189E,greedy_ssm,384,1,0000010001101100,7.85107,9.14372,9.14372,9.79037,0.13134
G189E,greedy_ssm,384,1,0000010010001101,,,,,0.13134
G189E,greedy_ssm,384,1,0000010010110010,7.69278,8.67037,8.67037,9.67792,0.13134
G189E,greedy_ssm,384,1,0000010010110100,7.72353,8.90281,8.90281,9.81901,0.13134
G189E,greedy_ssm,384,1,0000010110100101,8.63285,9.55337,9.55337,9.91221,0.13134
G189E,greedy_ssm,384,1,0000010110101010,8.31763,9.36295,9.36295,9.79138,0.13134
G189E,greedy_ssm,384,1,0000011001101010,8.43478,9.47656,9.47656,9.78337,0.13134
G189E,greedy_ssm,384,1,0000011001111100,8.74494,9.57618,9.57618,9.87009,0.13134
G189E,greedy_ssm,384,1,0000011010000101,,,,,0.13134
G189E,greedy_ssm,384,1,0000011010101011,8.05135,9.49717,9.49717,9.90112,0.13134
G189E,greedy_ssm,384,1,0000011010111000,8.03761,9.20422,9.20422,9.74289,0.13134
G189E,greedy_ssm,384,1,0000011100001111,,,,,0.13134
G189E,greedy_ssm,384,1,0000011110100011,9.46503,9.78306,9.78306,9.93348,0.13134
G189E,greedy_ssm,384,1,0000011111110000,9.55131,9.80216,9.80216,9.89498,0.13134
G189E,greedy_ssm,384,1,0000100010001000,,,,,0.13134
G189E,greedy_ssm,384,1,0000100011100101,8.69041,9.56811,9.56811,9.72151,0.13134
G189E,greedy_ssm,384,1,0000100011101100,8.83889,9.40742,9.40742,9.71931,0.13134
G189E,greedy_ssm,384,1,0000100100000010,,,,,0.13134
G189E,greedy_ssm,384,1,0000100100001010,,,,,0.13134
G189E,greedy_ssm,384,1,0000100101000010,,,,,0.13134
G189E,greedy_ssm,384,1,0000100110101011,8.59429,9.51708,9.51708,9.83244,0.13134
G189E,greedy_ssm,384,1,0000101001011010,7.53953,8.6561,8.6561,9.62568,0.13134
G189E,greedy_ssm,384,1,0000101001110000,8.82035,9.52895,9.52895,9.80923,0.13134
G189E,greedy_ssm,384,1,0000101001111101,8.98908,9.61555,9.61555,9.74577,0.13134
G189E,greedy_ssm,384,1,0000101010010011,,,,,0.13134
G189E,greedy_ssm,384,1,0000101010110011,8.37004,9.35134,9.35134,9.78687,0.13134
G189E,greedy_ssm,384,1,0000101011010110,7.59073,8.93456,8.93456,9.61551,0.13134
G189E,greedy_ssm,384,1,0000101100001011,,,,,0.13134
G189E,greedy_ssm,384,1,0000101100011001,,,,,0.13134
G189E,greedy_ssm,384,1,0000101110010100,,,,,0.13134
G189E,greedy_ssm,384,1,0000101111100000,9.60677,9.73534,9.73534,9.83303,0.13134
G189E,greedy_ssm,384,1,0000101111100101,9.65494,9.7505,9.7505,9.81969,0.13134
G189E,greedy_ssm,384,1,0000101111110111,9.61551,9.7412,9.7412,9.83089,0.13134
G189E,greedy_ssm,384,1,0000110001000111,,,,,0.13134
G189E,greedy_ssm,384,1,0000110001111101,8.7592,9.53264,9.53264,9.67356,0.13134
G189E,greedy_ssm,384,1,0000110010111011,7.55327,9.22431,9.22431,9.76367,0.13134
G189E,greedy_ssm,384,1,0000110100010010,,,,,0.13134
G189E,greedy_ssm,384,1,0000110100111110,8.09294,9.31873,9.31873,9.68606,0.13134
G189E,greedy_ssm,384,1,0000110101010101,7.409,9.45725,9.45725,9.68738,0.13134
G189E,greedy_ssm,384,1,0000111010001011,,,,,0.13134
G189E,greedy_ssm,384,1,0000111010010101,,,,,0.13134
G189E,greedy_ssm,384,1,0000111010011101,,,,,0.13134
G189E,greedy_ssm,384,1,0000111011000001,7.87956,9.32407,9.32407,9.71899,0.13134
G189E,greedy_ssm,384,1,0000111100001111,,,,,0.13134
G189E,greedy_ssm,384,1,0000111100011100,,,,,0.13134
G189E,greedy_ssm,384,1,0000111100100010,8.52939,9.3942,9.3942,9.68931,0.13134
G189E,greedy_ssm,384,1,0000111101010100,8.21118,9.58236,9.58236,9.6979,0.13134
G189E,greedy_ssm,384,1,0000111101011001,8.39617,9.54209,9.54209,9.77387,0.13134
G189E,greedy_ssm,384,1,0001000000011101,,,,,0.13134
G189E,greedy_ssm,384,1,0001000001101111,8.02525,9.47761,9.47761,9.77037,0.13134
G189E,greedy_ssm,384,1,0001000100011011,,,,,0.13134
G189E,greedy_ssm,384,1,0001000110000110,,,,,0.13134
G189E,greedy_ssm,384,1,0001000110001000,,,,,0.13134
G189E,greedy_ssm,384,1,0001000110001111,,,,,0.13134
G189E,greedy_ssm,384,1,0001000110011111,,,,,0.13134
G189E,greedy_ssm,384,1,0001000111001010,,,,,0.13134
G189E,greedy_ssm,384,1,0001000111111111,9.30084,9.75291,9.75291,9.89129,0.13134
G189E,greedy_ssm,384,1,0001001001011110,,,,,0.13134
G189E,greedy_ssm,384,1,0001001011011010,,,,,0.13134
G189E,greedy_ssm,384,1,0001001011110100,8.36816,9.61253,9.61253,9.72046,0.13134
G189E,greedy_ssm,384,1,0001001100000000,,,,,0.13134
G189E,greedy_ssm,384,1,0001001100011011,,,,,0.13134
G189E,greedy_ssm,384,1,0001001101100000,9.05007,9.65905,9.65905,9.7903,0.13134
G189E,greedy_ssm,384,1,0001010001100100,,,,,0.13134
G189E,greedy_ssm,384,1,0001010010000100,,,,,0.13134
G189E,greedy_ssm,384,1,0001010010001110,,,,,0.13134
G189E,greedy_ssm,384,1,0001010100001010,,,,,0.13134
G189E,greedy_ssm,384,1,0001010110100011,8.15799,9.54107,9.54107,9.81902,0.13134
G189E,greedy_ssm,384,1,0001010111100111,9.14227,9.77569,9.77569,9.82091,0.13134
G189E,greedy_ssm,384,1,0001011000010110,,,,,0.13134
G189E,greedy_ssm,384,1,0001011000100011,6.91098,9.24571,9.24571,9.80416,0.13134
G189E,greedy_ssm,384,1,0001011011000010,,,,,0.13134
G189E,greedy_ssm,384,1,0001011011011110,,,,,0.13134
G189E,greedy_ssm,384,1,0001011100000011,,,,,0.13134
G189E,greedy_ssm,384,1,0001011100010100,,,,,0.13134
G189E,greedy_ssm,384,1,0001011111001110,,,,,0.13134
G189E,greedy_ssm,384,1,0001011111010011,8.50656,9.35889,9.35889,9.80413,0.13134
G189E,greedy_ssm,384,1,0001011111110011,9.35889,9.76545,9.76545,9.84905,0.13134
G189E,greedy_ssm,384,1,0001100001000110,7.16976,9.29341,9.29341,9.75288,0.13134
G189E,greedy_ssm,384,1,0001100010110100,9.09454,9.45835,9.45835,9.72679,0.13134
G189E,greedy_ssm,384,1,0001100011001010,7.59379,9.39663,9.39663,9.81108,0.13134
G189E,greedy_ssm,384,1,0001100011111011,9.63347,9.74055,9.74055,9.83342,0.13134
G189E,greedy_ssm,384,1,0001100110000011,7.49278,9.55449,9.55449,9.7939,0.13134
G189E,greedy_ssm,384,1,0001100111001010,8.20165,9.50906,9.50906,9.91739,0.13134
G189E,greedy_ssm,384,1,0001100111100110,9.51767,9.7404,9.7404,9.82091,0.13134
G189E,greedy_ssm,384,1,0001101001000000,8.68136,9.53511,9.53511,9.71755,0.13134
G189E,greedy_ssm,384,1,0001101100010110,8.00675,9.32311,9.32311,9.77267,0.13134
G189E,greedy_ssm,384,1,0001101110011000,7.75869,9.54846,9.54846,9.76734,0.13134
G189E,greedy_ssm,384,1,0001101111010111,9.27043,9.7339,9.7339,9.83089,0.13134
G189E,greedy_ssm,384,1,0001101111110011,9.78687,9.79855,9.79855,9.84905,0.13134
G189E,greedy_ssm,384,1,0001110000101011,9.17866,9.60473,9.60473,9.73376,0.13134
G189E,greedy_ssm,384,1,0001110000111011,9.17622,9.52461,9.52461,9.76778,0.13134
G189E,greedy_ssm,384,1,0001110001011111,7.58306,9.62758,9.62758,9.78694,0.13134
G189E,greedy_ssm,384,1,0001110100100100,9.24548,9.71165,9.71165,9.79925,0.13134
G189E,greedy_ssm,384,1,0001110101000000,8.11211,9.64886,9.64886,9.77288,0.13134
G189E,greedy_ssm,384,1,0001110101001110,7.88448,9.48548,9.48548,9.82091,0.13134
G189E,greedy_ssm,384,1,0001110101100101,9.65512,9.79285,9.79285,9.836,0.13134
G189E,greedy_ssm,384,1,0001110110010100,,,,,0.13134
G189E,greedy_ssm,384,1,0001110111000110,8.13439,9.59845,9.59845,9.82091,0.13134
G189E,greedy_ssm,384,1,0001110111001100,8.23216,9.66774,9.66774,9.8748,0.13134
G189E,greedy_ssm,384,1,0001111000001101,8.21417,9.4115,9.4115,9.72142,0.13134
G189E,greedy_ssm,384,1,0001111001001101,8.82453,9.51998,9.51998,9.83591,0.13134
G189E,greedy_ssm,384,1,0001111001010100,8.76359,9.66609,9.66609,9.91681,0.13134
G189E,greedy_ssm,384,1,0001111010010100,8.01767,9.25807,9.25807,9.61753,0.13134
G189E,greedy_ssm,384,1,0001111100001100,8.0269,9.48904,9.48904,9.77827,0.13134
G189E,greedy_ssm,384,1,0001111100010111,8.18691,9.61549,9.61549,9.78411,0.13134
G189E,greedy_ssm,384,1,0001111100101111,9.64036,9.80416,9.80416,9.90112,0.13134
G189E,greedy_ssm,384,1,0001111101000111,9.25976,9.7376,9.7376,9.84714,0.13134
G189E,greedy_ssm,384,1,0001111101101011,9.75337,9.81366,9.81366,9.85008,0.13134
G189E,greedy_ssm,384,1,0001111101110001,9.72452,9.7536,9.7536,9.78411,0.13134
G189E,greedy_ssm,384,1,0010000001101011,9.55884,9.83242,9.83242,10.30565,0.13134
G189E,greedy_ssm,384,1,0010000011101000,9.32829,9.62307,9.62307,9.88858,0.13134
G189E,greedy_ssm,384,1,0010000011101111,9.69856,9.81943,9.81943,9.91681,0.13134
G189E,greedy_ssm,384,1,0010000100001001,8.44127,9.50926,9.50926,9.77782,0.13134
G189E,greedy_ssm,384,1,0010000100110011,9.698,9.78592,9.78592,9.78592,0.13134
G189E,greedy_ssm,384,1,0010000111101100,9.72324,9.85173,9.85173,9.93831,0.13134
G189E,greedy_ssm,384,1,0010001000001110,8.42831,9.11933,9.11933,9.49246,0.13134
G189E,greedy_ssm,384,1,0010001001101101,9.69303,9.87973,9.87973,9.93831,0.13134
G189E,greedy_ssm,384,1,0010001010110100,9.29045,9.60809,9.60809,9.85165,0.13134
G189E,greedy_ssm,384,1,0010001101100000,9.82773,9.89927,9.89927,9.89927,0.13134
G189E,greedy_ssm,384,1,0010001110001111,9.11793,9.74331,9.74331,9.91478,0.13134
G189E,greedy_ssm,384,1,0010001110010111,9.2228,9.80546,9.80546,9.89812,0.13134
G189E,greedy_ssm,384,1,0010001110101001,9.76792,9.88858,9.88858,9.93831,0.13134
G189E,greedy_ssm,384,1,0010001111101110,9.65821,9.83899,9.83899,9.94356,0.13134
G189E,greedy_ssm,384,1,0010010010100011,8.9947,9.57705,9.57705,10.30565,0.13134
G189E,greedy_ssm,384,1,0010010010101110,8.52384,9.33984,9.33984,9.81776,0.13134
G189E,greedy_ssm,384,1,0010010011011001,7.94992,9.59669,9.59669,9.8282,0.13134
G189E,greedy_ssm,384,1,0010010100011010,7.66937,9.21251,9.21251,9.66822,0.13134
G189E,greedy_ssm,384,1,0010010100111100,9.57107,9.5997,9.5997,9.87009,0.13134
G189E,greedy_ssm,384,1,0010010101011101,8.17388,9.66981,9.66981,9.85713,0.13134
G189E,greedy_ssm,384,1,0010010110010111,8.22824,9.63226,9.63226,9.90027,0.13134
G189E,greedy_ssm,384,1,0010010111011000,8.1623,9.59984,9.59984,9.8282,0.13134
G189E,greedy_ssm,384,1,0010011001000111,8.74567,9.57817,9.57817,9.89296,0.13134
G189E,greedy_ssm,384,1,0010011001010001,8.69238,9.68861,9.68861,9.88371,0.13134
G189E,greedy_ssm,384,1,0010011011110011,9.68195,9.87606,9.87606,9.9102,0.13134
G189E,greedy_ssm,384,1,0010011111101110,9.7341,9.85882,9.85882,9.97272,0.13134
G189E,greedy_ssm,384,1,0010100011111001,9.25494,9.66219,9.66219,9.8061,0.13134
G189E,greedy_ssm,384,1,0010100100001000,8.23816,9.25911,9.25911,9.65892,0.13134
G189E,greedy_ssm,384,1,0010100101111010,9.33506,9.61041,9.61041,9.91719,0.13134
G189E,greedy_ssm,384,1,0010101000010000,9.05018,9.31055,9.31055,9.66453,0.13134
G189E,greedy_ssm,384,1,0010101101010100,9.05534,9.59619,9.59619,9.80903,0.13134
G189E,greedy_ssm,384,1,0010101110011010,8.65178,9.40848,9.40848,9.74043,0.13134
G189E,greedy_ssm,384,1,0010101110111010,9.40848,9.61333,9.61333,9.85443,0.13134
G189E,greedy_ssm,384,1,0010101111001001,9.18255,9.70816,9.70816,9.91022,0.13134
G189E,greedy_ssm,384,1,0010101111101011,9.73534,9.89382,9.89382,9.9228,0.13134
G189E,greedy_ssm,384,1,0010110000110101,9.01393,9.45845,9.45845,9.72779,0.13134
G189E,greedy_ssm,384,1,0010110001100100,9.13344,9.46132,9.46132,9.79925,0.13134
G189E,greedy_ssm,384,1,0010110010010010,7.93534,8.57371,8.57371,9.37646,0.13134
G189E,greedy_ssm,384,1,0010110101011010,7.92051,9.34556,9.34556,9.78592,0.13134
G189E,greedy_ssm,384,1,0010111000011111,9.04047,9.28604,9.28604,9.74785,0.13134
G189E,greedy_ssm,384,1,0010111010101010,8.9424,9.47041,9.47041,9.7773,0.13134
G189E,greedy_ssm,384,1,0010111011101011,9.59539,9.7773,9.7773,9.80556,0.13134
G189E,greedy_ssm,384,1,0010111011110010,9.30041,9.59856,9.59856,9.80216,0.13134
G189E,greedy_ssm,384,1,0010111100001111,9.12468,9.67031,9.67031,9.81684,0.13134
G189E,greedy_ssm,384,1,0010111100010000,8.82994,9.50455,9.50455,9.68931,0.13134
G189E,greedy_ssm,384,1,0010111101110011,9.7307,9.79797,9.79797,9.88371,0.13134
G189E,greedy_ssm,384,1,0010111111010100,9.27289,9.57612,9.57612,9.85165,0.13134
G189E,greedy_ssm,384,1,0010111111101110,9.64956,9.74398,9.74398,9.90428,0.13134
G189E,greedy_ssm,384,1,0011000000011001,,,,,0.13134
G189E,greedy_ssm,384,1,0011000011010100,,,,,0.13134
G189E,greedy_ssm,384,1,0011000100101010,8.62882,9.38827,9.38827,9.79963,0.13134
G189E,greedy_ssm,384,1,0011000101110010,9.01302,9.50522,9.50522,9.84285,0.13134
G189E,greedy_ssm,384,1,0011000110000100,7.50593,9.033,9.033,9.7336,0.13134
G189E,greedy_ssm,384,1,0011000110011011,7.59596,9.36146,9.36146,9.78769,0.13134
G189E,greedy_ssm,384,1,0011000110011111,7.67761,9.33449,9.33449,9.75449,0.13134
G189E,greedy_ssm,384,1,0011001000000100,8.0237,9.41279,9.41279,9.67214,0.13134
G189E,greedy_ssm,384,1,0011001000110011,8.63059,9.5998,9.5998,9.83168,0.13134
G189E,greedy_ssm,384,1,0011001001010100,7.73727,9.30232,9.30232,9.76539,0.13134
G189E,greedy_ssm,384,1,0011001001110011,9.19335,9.65738,9.65738,9.77131,0.13134
G189E,greedy_ssm,384,1,0011001011011000,7.96953,9.12763,9.12763,9.68158,0.13134
G189E,greedy_ssm,384,1,0011001011011001,8.10809,9.44747,9.44747,9.78361,0.13134
G189E,greedy_ssm,384,1,0011001100000001,8.24641,9.62801,9.62801,9.7903,0.13134
G189E,greedy_ssm,384,1,0011001100010100,8.10232,9.46429,9.46429,9.76539,0.13134
G189E,greedy_ssm,384,1,0011001101100000,9.63589,9.82773,9.82773,9.89927,0.13134
G189E,greedy_ssm,384,1,0011001101110001,9.61603,9.85284,9.85284,9.88371,0.13134
G189E,greedy_ssm,384,1,0011001111011110,7.98285,9.46352,9.46352,9.86169,0.13134
G189E,greedy_ssm,384,1,0011001111100110,9.50987,9.69676,9.69676,9.94356,0.13134
G189E,greedy_ssm,384,1,0011010000101100,7.82596,9.40555,9.40555,9.65336,0.13134
G189E,greedy_ssm,384,1,0011010000111000,8.2126,9.3216,9.3216,9.62039,0.13134
G189E,greedy_ssm,384,1,0011010001000100,,,,,0.13134
G189E,greedy_ssm,384,1,0011010011111000,8.9044,9.64569,9.64569,9.75457,0.13134
G189E,greedy_ssm,384,1,0011010100100101,8.78599,9.63162,9.63162,9.836,0.13134
G189E,greedy_ssm,384,1,0011010101101000,8.87163,9.52804,9.52804,9.83308,0.13134
G189E,greedy_ssm,384,1,0011010110010010,,,,,0.13134
G189E,greedy_ssm,384,1,0011010111000000,,,,,0.13134
G189E,greedy_ssm,384,1,0011010111011011,7.99182,9.61181,9.61181,9.91917,0.13134
G189E,greedy_ssm,384,1,0011011000100111,8.61067,9.54538,9.54538,9.81323,0.13134
G189E,greedy_ssm,384,1,0011011010010011,8.091,9.37646,9.37646,9.71951,0.13134
G189E,greedy_ssm,384,1,0011011010111101,8.98119,9.48198,9.48198,9.69321,0.13134
G189E,greedy_ssm,384,1,0011011011111011,9.32367,9.76524,9.76524,9.90428,0.13134
G189E,greedy_ssm,384,1,0011011110100011,9.54339,9.78306,9.78306,9.93348,0.13134
G189E,greedy_ssm,384,1,0011011111011101,8.58666,9.68405,9.68405,9.90428,0.13134
G189E,greedy_ssm,384,1,0011011111111101,9.68405,9.83048,9.83048,9.90428,0.13134
G189E,greedy_ssm,384,1,0011100000000001,8.76593,9.49576,9.49576,9.74127,0.13134
G189E,greedy_ssm,384,1,0011100000111011,9.48983,9.65683,9.65683,9.83168,0.13134
G189E,greedy_ssm,384,1,0011100000111101,9.39087,9.61781,9.61781,9.82242,0.13134
G189E,greedy_ssm,384,1,0011100010001011,9.08598,9.42904,9.42904,9.82039,0.13134
G189E,greedy_ssm,384,1,0011100100010011,8.94694,9.65049,9.65049,9.73845,0.13134
G189E,greedy_ssm,384,1,0011100100011101,8.68919,9.58768,9.58768,9.8061,0.13134
G189E,greedy_ssm,384,1,0011100101010010,8.23324,9.45686,9.45686,9.76393,0.13134
G189E,greedy_ssm,384,1,0011100101010101,8.64562,9.61742,9.61742,9.80903,0.13134
G189E,greedy_ssm,384,1,0011100101011010,8.23016,9.40782,9.40782,9.83342,0.13134
G189E,greedy_ssm,384,1,0011100110010010,8.34747,9.45016,9.45016,9.76393,0.13134
G189E,greedy_ssm,384,1,0011100111100111,9.75572,9.83605,9.83605,9.83605,0.13134
G189E,greedy_ssm,384,1,0011101000101010,9.411,9.59908,9.59908,9.83168,0.13134
G189E,greedy_ssm,384,1,0011101001111100,9.55671,9.70584,9.70584,9.78516,0.13134
G189E,greedy_ssm,384,1,0011101100001100,9.30774,9.69037,9.69037,9.83673,0.13134
G189E,greedy_ssm,384,1,0011101101011000,9.01992,9.67424,9.67424,9.80262,0.13134
G189E,greedy_ssm,384,1,0011101101110111,9.73132,9.7897,9.7897,9.82078,0.13134
G189E,greedy_ssm,384,1,0011110001000100,7.97659,9.39584,9.39584,9.79925,0.13134
G189E,greedy_ssm,384,1,0011110001000111,8.6636,9.61325,9.61325,9.81022,0.13134
G189E,greedy_ssm,384,1,0011110001010100,8.31126,9.56089,9.56089,9.67144,0.13134
G189E,greedy_ssm,384,1,0011110001101110,9.42409,9.66704,9.66704,9.79013,0.13134
G189E,greedy_ssm,384,1,0011110010000001,8.69184,9.54543,9.54543,9.76224,0.13134
G189E,greedy_ssm,384,1,0011110010101010,9.11697,9.4466,9.4466,9.7773,0.13134
G189E,greedy_ssm,384,1,0011110011100000,9.50004,9.69375,9.69375,9.83086,0.13134
G189E,greedy_ssm,384,1,0011110011110100,9.58533,9.66447,9.66447,9.75223,0.13134
G189E,greedy_ssm,384,1,0011110100000111,8.91803,9.65431,9.65431,9.81323,0.13134
G189E,greedy_ssm,384,1,0011110100010111,8.62838,9.71933,9.71933,9.72648,0.13134
G189E,greedy_ssm,384,1,0011110101111010,9.37228,9.76778,9.76778,9.91917,0.13134
G189E,greedy_ssm,384,1,0011110110010110,8.24977,9.50232,9.50232,9.72403,0.13134
G189E,greedy_ssm,384,1,0011110111101001,9.60795,9.81667,9.81667,9.86729,0.13134
G189E,greedy_ssm,384,1,0011111010010100,9.25807,9.48377,9.48377,9.72865,0.13134
G189E,greedy_ssm,384,1,0011111010100100,9.50654,9.65936,9.65936,9.80463,0.13134
G189E,greedy_ssm,384,1,0011111011100101,9.69257,9.80333,9.80333,9.84041,0.13134
G189E,greedy_ssm,384,1,0011111011111101,9.67906,9.69321,9.69321,9.83591,0.13134
G189E,greedy_ssm,384,1,0011111100111000,9.54281,9.67497,9.67497,9.76734,0.13134
G189E,greedy_ssm,384,1,0011111110110001,9.71402,9.72595,9.72595,9.85547,0.13134
G189E,greedy_ssm,384,1,0011111110110010,9.46555,9.71951,9.71951,9.7933,0.13134
G189E,greedy_ssm,384,1,0011111111011001,9.36175,9.73707,9.73707,9.86729,0.13134
G189E,greedy_ssm,384,1,0011111111111000,9.69077,9.73707,9.73707,9.86729,0.13134
G189E,greedy_ssm,384,1,0100000000000101,,,,,0.13134
G189E,greedy_ssm,384,1,0100000000010011,,,,,0.13134
G189E,greedy_ssm,384,1,0100000000101010,7.76559,8.98046,8.98046,9.7543,0.13134
G189E,greedy_ssm,384,1,0100000010111011,8.3747,9.35976,9.35976,9.88866,0.13134
G189E,greedy_ssm,384,1,0100000101101110,9.30665,9.58169,9.58169,9.91681,0.13134
G189E,greedy_ssm,384,1,0100000101111110,9.28154,9.57521,9.57521,9.84101,0.13134
G189E,greedy_ssm,384,1,0100000110111101,8.97114,9.68229,9.68229,9.90463,0.13134
G189E,greedy_ssm,384,1,0100000111101011,9.76408,9.83611,9.83611,10.32032,0.13134
G189E,greedy_ssm,384,1,0100000111110110,9.32863,9.7663,9.7663,10.0751,0.13134
G189E,greedy_ssm,384,1,0100001001100011,9.08673,9.71031,9.71031,9.91885,0.13134
G189E,greedy_ssm,384,1,0100001010010111,7.57021,9.3527,9.3527,9.71897,0.13134
G189E,greedy_ssm,384,1,0100001011101000,9.14703,9.60521,9.60521,9.89705,0.13134
G189E,greedy_ssm,384,1,0100001100000011,7.75776,9.42911,9.42911,9.91885,0.13134
G189E,greedy_ssm,384,1,0100001100001110,,,,,0.13134
G189E,greedy_ssm,384,1,0100001100010100,,,,,0.13134
G189E,greedy_ssm,384,1,0100001100011101,7.76871,9.35047,9.35047,9.81989,0.13134
G189E,greedy_ssm,384,1,0100001101110110,9.47846,9.70549,9.70549,9.84839,0.13134
G189E,greedy_ssm,384,1,0100001110101111,9.51276,9.80311,9.80311,9.94356,0.13134
G189E,greedy_ssm,384,1,0100001111011010,7.95265,9.51823,9.51823,9.89133,0.13134
G189E,greedy_ssm,384,1,0100010000010110,,,,,0.13134
G189E,greedy_ssm,384,1,0100010000100001,8.09421,9.17815,9.17815,9.69677,0.13134
G189E,greedy_ssm,384,1,0100010100010011,,,,,0.13134
G189E,greedy_ssm,384,1,0100010100010111,,,,,0.13134
G189E,greedy_ssm,384,1,0100010111000110,,,,,0.13134
G189E,greedy_ssm,384,1,0100010111101111,9.75101,9.91021,9.91021,10.13742,0.13134
G189E,greedy_ssm,384,1,0100011000101010,8.0692,9.09602,9.09602,9.72442,0.13134
G189E,greedy_ssm,384,1,0100011000110010,8.09997,9.14879,9.14879,9.69041,0.13134
G189E,greedy_ssm,384,1,0100011001101010,8.67206,9.54008,9.54008,9.90307,0.13134
G189E,greedy_ssm,384,1,0100011001110100,9.01049,9.6144,9.6144,9.85386,0.13134
G189E,greedy_ssm,384,1,0100011010010001,7.35278,9.2727,9.2727,9.67589,0.13134
G189E,greedy_ssm,384,1,0100011100001010,,,,,0.13134
G189E,greedy_ssm,384,1,0100011100100000,9.27392,9.78601,9.78601,9.81995,0.13134
G189E,greedy_ssm,384,1,0100011111011111,8.34726,9.70886,9.70886,9.90428,0.13134
G189E,greedy_ssm,384,1,0100100010000010,,,,,0.13134
G189E,greedy_ssm,384,1,0100100010010111,,,,,0.13134
G189E,greedy_ssm,384,1,0100100101011100,7.53803,9.41587,9.41587,9.6671,0.13134
G189E,greedy_ssm,384,1,0100100111011001,7.78093,9.66428,9.66428,9.74414,0.13134
G189E,greedy_ssm,384,1,0100101000011000,,,,,0.13134
G189E,greedy_ssm,384,1,0100101000111110,8.36765,9.16187,9.16187,9.70699,0.13134
G189E,greedy_ssm,384,1,0100101001100111,9.07716,9.69299,9.69299,9.82234,0.13134
G189E,greedy_ssm,384,1,0100101010110010,8.02902,9.14342,9.14342,9.65283,0.13134
G189E,greedy_ssm,384,1,0100101011000011,8.26608,9.2984,9.2984,9.8177,0.13134
G189E,greedy_ssm,384,1,0100101011110101,9.24096,9.65583,9.65583,9.79229,0.13134
G189E,greedy_ssm,384,1,0100101011111110,8.92528,9.44185,9.44185,9.75282,0.13134
G189E,greedy_ssm,384,1,0100101100011111,,,,,0.13134
G189E,greedy_ssm,384,1,0100101101111100,9.51942,9.66209,9.66209,9.88652,0.13134
G189E,greedy_ssm,384,1,0100110001001111,,,,,0.13134
G189E,greedy_ssm,384,1,0100110001111111,8.97614,9.54271,9.54271,9.73376,0.13134
G189E,greedy_ssm,384,1,0100110011100110,8.86162,9.35386,9.35386,9.75887,0.13134
G189E,greedy_ssm,384,1,0100110100100001,8.57243,9.44988,9.44988,9.79267,0.13134
G189E,greedy_ssm,384,1,0100110101100000,9.40597,9.62064,9.62064,9.76786,0.13134
G189E,greedy_ssm,384,1,0100110101110011,9.51259,9.74157,9.74157,9.83044,0.13134
G189E,greedy_ssm,384,1,0100110110110010,8.50108,9.31483,9.31483,9.83044,0.13134
G189E,greedy_ssm,384,1,0100111000111100,8.65374,9.35141,9.35141,9.69772,0.13134
G189E,greedy_ssm,384,1,0100111010100110,7.82202,9.07902,9.07902,9.69135,0.13134
G189E,greedy_ssm,384,1,0100111011001001,8.38095,9.26255,9.26255,9.81906,0.13134
G189E,greedy_ssm,384,1,0100111011001100,8.16133,9.29064,9.29064,9.73359,0.13134
G189E,greedy_ssm,384,1,0100111101011000,8.42619,9.48897,9.48897,9.8144,0.13134
G189E,greedy_ssm,384,1,0100111101101110,9.47237,9.63235,9.63235,9.88808,0.13134
G189E,greedy_ssm,384,1,0101000000011011,,,,,0.13134
G189E,greedy_ssm,384,1,0101000010000101,,,,,0.13134
G189E,greedy_ssm,384,1,0101000010011000,,,,,0.13134
G189E,greedy_ssm,384,1,0101000011000101,,,,,0.13134
G189E,greedy_ssm,384,1,0101000100000100,,,,,0.13134
G189E,greedy_ssm,384,1,0101000100010101,,,,,0.13134
G189E,greedy_ssm,384,1,0101000111000011,,,,,0.13134
G189E,greedy_ssm,384,1,0101001001101100,8.3556,9.57875,9.57875,9.79164,0.13134
G189E,greedy_ssm,384,1,0101001101010100,7.98962,9.33941,9.33941,9.75666,0.13134
G189E,greedy_ssm,384,1,0101001111010101,7.53034,9.42963,9.42963,9.81698,0.13134
G189E,greedy_ssm,384,1,0101010000111001,7.73021,9.23643,9.23643,9.72969,0.13134
G189E,greedy_ssm,384,1,0101010001111000,8.33505,9.38175,9.38175,9.68599,0.13134
G189E,greedy_ssm,384,1,0101010010010010,,,,,0.13134
G189E,greedy_ssm,384,1,0101010011100100,8.05665,9.59018,9.59018,9.70517,0.13134
G189E,greedy_ssm,384,1,0101010100110011,8.3072,9.54683,9.54683,9.83044,0.13134
G189E,greedy_ssm,384,1,0101010101100010,8.65073,9.51722,9.51722,9.81955,0.13134
G189E,greedy_ssm,384,1,0101010110011110,,,,,0.13134
G189E,greedy_ssm,384,1,0101010110110100,8.25501,9.47243,9.47243,9.74043,0.13134
G189E,greedy_ssm,384,1,0101010110111111,8.60512,9.59775,9.59775,9.8154,0.13134
G189E,greedy_ssm,384,1,0101010111001011,,,,,0.13134
G189E,greedy_ssm,384,1,0101011000010001,,,,,0.13134
G189E,greedy_ssm,384,1,0101011000011000,,,,,0.13134
G189E,greedy_ssm,384,1,0101011000101111,7.52092,9.46009,9.46009,9.84274,0.13134
G189E,greedy_ssm,384,1,0101011010011010,,,,,0.13134
G189E,greedy_ssm,384,1,0101011010101101,7.84569,9.39289,9.39289,9.7503,0.13134
G189E,greedy_ssm,384,1,0101011010111001,8.03836,9.31317,9.31317,9.78426,0.13134
G189E,greedy_ssm,384,1,0101011011011100,,,,,0.13134
G189E,greedy_ssm,384,1,0101011101110101,9.414,9.74589,9.74589,9.81458,0.13134
G189E,greedy_ssm,384,1,0101011110000001,,,,,0.13134
G189E,greedy_ssm,384,1,0101011110001001,,,,,0.13134
G189E,greedy_ssm,384,1,0101011110110010,8.94514,9.40743,9.40743,9.80413,0.13134
G189E,greedy_ssm,384,1,0101011111000011,7.42327,9.52734,9.52734,9.89254,0.13134
G189E,greedy_ssm,384,1,0101100000100101,9.43298,9.61706,9.61706,9.71086,0.13134
G189E,greedy_ssm,384,1,0101100010010000,7.41519,9.23711,9.23711,9.78454,0.13134
G189E,greedy_ssm,384,1,0101101010101111,9.35947,9.74618,9.74618,9.90108,0.13134
G189E,greedy_ssm,384,1,0101101011000011,9.11752,9.67847,9.67847,9.84905,0.13134
G189E,greedy_ssm,384,1,0101101011010001,9.08358,9.54581,9.54581,9.79855,0.13134
G189E,greedy_ssm,384,1,0101101011010010,8.56931,9.37619,9.37619,9.79855,0.13134
G189E,greedy_ssm,384,1,0101101100010000,8.21952,9.55654,9.55654,9.69012,0.13134
G189E,greedy_ssm,384,1,0101101110100111,9.68436,9.80435,9.80435,9.84905,0.13134
G189E,greedy_ssm,384,1,0101101111110001,9.69053,9.79855,9.79855,9.84905,0.13134
G189E,greedy_ssm,384,1,0101101111111011,9.79437,9.81194,9.81194,9.90108,0.13134
G189E,greedy_ssm,384,1,0101110010001100,7.57612,9.30805,9.30805,9.66598,0.13134
G189E,greedy_ssm,384,1,0101110011101010,9.48167,9.58595,9.58595,9.76991,0.13134
G189E,greedy_ssm,384,1,0101110110000001,7.52088,9.49594,9.49594,9.82272,0.13134
G189E,greedy_ssm,384,1,0101110110101000,9.40227,9.69699,9.69699,9.91739,0.13134
G189E,greedy_ssm,384,1,0101110110101110,9.32083,9.56106,9.56106,9.79248,0.13134
G189E,greedy_ssm,384,1,0101110110111110,9.3989,9.59775,9.59775,9.8154,0.13134
G189E,greedy_ssm,384,1,0101110111001000,8.39272,9.69699,9.69699,9.91739,0.13134
G189E,greedy_ssm,384,1,0101111010001111,8.77994,9.52794,9.52794,9.83927,0.13134
G189E,greedy_ssm,384,1,0101111011000110,8.66087,9.49994,9.49994,9.84714,0.13134
G189E,greedy_ssm,384,1,0101111011110010,9.3351,9.67692,9.67692,9.84905,0.13134
G189E,greedy_ssm,384,1,0101111011111100,9.54727,9.71433,9.71433,9.77827,0.13134
G189E,greedy_ssm,384,1,0101111100010010,7.6933,9.31432,9.31432,9.75889,0.13134
G189E,greedy_ssm,384,1,0101111100101000,9.5052,9.71105,9.71105,9.76786,0.13134
G189E,greedy_ssm,384,1,0101111100101011,9.64627,9.81366,9.81366,9.85008,0.13134
G189E,greedy_ssm,384,1,0101111110000011,8.48401,9.70374,9.70374,9.9015,0.13134
G189E,greedy_ssm,384,1,0101111110011101,8.1154,9.61158,9.61158,9.80967,0.13134
G189E,greedy_ssm,384,1,0101111110111011,9.7462,9.80866,9.80866,9.85008,0.13134
G189E,greedy_ssm,384,1,0110000001010010,8.11372,9.38746,9.38746,9.77868,0.13134
G189E,greedy_ssm,384,1,0110000001101001,9.56755,9.75071,9.75071,9.91584,0.13134
G189E,greedy_ssm,384,1,0110000001110110,9.38078,9.65846,9.65846,9.86019,0.13134
G189E,greedy_ssm,384,1,0110000010011011,8.81699,9.35976,9.35976,9.88866,0.13134
G189E,greedy_ssm,384,1,0110000011011001,8.56897,9.62771,9.62771,9.89627,0.13134
G189E,greedy_ssm,384,1,0110000011111011,9.68303,9.88866,9.88866,10.09513,0.13134
G189E,greedy_ssm,384,1,0110000100100111,9.71172,9.86019,9.86019,9.86019,0.13134
G189E,greedy_ssm,384,1,0110000100101111,9.64908,9.8158,9.8158,9.91681,0.13134
G189E,greedy_ssm,384,1,0110000101110111,9.82521,9.86019,9.86019,9.89254,0.13134
G189E,greedy_ssm,384,1,0110000110000010,8.38709,9.45758,9.45758,10.32032,0.13134
G189E,greedy_ssm,384,1,0110001000010011,9.35519,9.55979,9.55979,9.84196,0.13134
G189E,greedy_ssm,384,1,0110001000011111,9.3818,9.5036,9.5036,9.8159,0.13134
G189E,greedy_ssm,384,1,0110001000110101,9.47317,9.7149,9.7149,9.85386,0.13134
G189E,greedy_ssm,384,1,0110001001010000,9.05401,9.75115,9.75115,9.89927,0.13134
G189E,greedy_ssm,384,1,0110001100000011,9.42911,9.73672,9.73672,9.91885,0.13134
G189E,greedy_ssm,384,1,0110001100111110,9.57123,9.73209,9.73209,9.88652,0.13134
G189E,greedy_ssm,384,1,0110001110101001,9.72638,9.89705,9.89705,9.9742,0.13134
G189E,greedy_ssm,384,1,0110001111010001,9.52654,9.80807,9.80807,9.89705,0.13134
G189E,greedy_ssm,384,1,0110010010110101,9.24606,9.75944,9.75944,9.88249,0.13134
G189E,greedy_ssm,384,1,0110010100000101,8.69437,9.67338,9.67338,9.83285,0.13134
G189E,greedy_ssm,384,1,0110010101101000,9.59396,9.80662,9.80662,9.9742,0.13134
G189E,greedy_ssm,384,1,0110010110100101,9.62417,9.81646,9.81646,9.97272,0.13134
G189E,greedy_ssm,384,1,0110010111101110,9.62583,9.91021,9.91021,10.13742,0.13134
G189E,greedy_ssm,384,1,0110010111110100,9.7269,9.85665,9.85665,9.85665,0.13134
G189E,greedy_ssm,384,1,0110011001010010,8.6653,9.39493,9.39493,9.83076,0.13134
G189E,greedy_ssm,384,1,0110011010001100,9.03848,9.36314,9.36314,9.86927,0.13134
G189E,greedy_ssm,384,1,0110011010100001,9.45191,9.79894,9.79894,9.9742,0.13134
G189E,greedy_ssm,384,1,0110011010101011,9.55874,9.84002,9.84002,9.9742,0.13134
G189E,greedy_ssm,384,1,0110011011110001,9.63831,9.89498,9.89498,9.89498,0.13134
G189E,greedy_ssm,384,1,0110011011110011,9.74339,9.82947,9.82947,9.94592,0.13134
G189E,greedy_ssm,384,1,0110011110100111,9.75518,9.89815,9.89815,9.94356,0.13134
G189E,greedy_ssm,384,1,0110011111100000,9.86861,9.9282,9.9282,9.9282,0.13134
G189E,greedy_ssm,384,1,0110011111111110,9.7413,9.87793,9.87793,9.90428,0.13134
G189E,greedy_ssm,384,1,0110100001001101,7.87585,9.12133,9.12133,9.77641,0.13134
G189E,greedy_ssm,384,1,0110100010100101,9.18422,9.53839,9.53839,9.7272,0.13134
G189E,greedy_ssm,384,1,0110100010101100,9.12864,9.44907,9.44907,9.66598,0.13134
G189E,greedy_ssm,384,1,0110100011010101,8.77739,9.4936,9.4936,9.82225,0.13134
G189E,greedy_ssm,384,1,0110100100000001,8.67937,9.40012,9.40012,9.74127,0.13134
G189E,greedy_ssm,384,1,0110100101100001,9.39395,9.71992,9.71992,9.94303,0.13134
G189E,greedy_ssm,384,1,0110100101101000,9.42897,9.75641,9.75641,9.89927,0.13134
G189E,greedy_ssm,384,1,0110100110001111,8.91395,9.53556,9.53556,9.83486,0.13134
G189E,greedy_ssm,384,1,0110100110010101,8.74185,9.55133,9.55133,9.82225,0.13134
G189E,greedy_ssm,384,1,0110100110100111,9.51321,9.74289,9.74289,10.32032,0.13134
G189E,greedy_ssm,384,1,0110101000110010,9.06935,9.44614,9.44614,9.78268,0.13134
G189E,greedy_ssm,384,1,0110101001001010,8.86436,9.32159,9.32159,9.75946,0.13134
G189E,greedy_ssm,384,1,0110101001100001,9.48334,9.71992,9.71992,9.94303,0.13134
G189E,greedy_ssm,384,1,0110101001100101,9.56902,9.77646,9.77646,9.89689,0.13134
G189E,greedy_ssm,384,1,0110101011000101,9.17339,9.65599,9.65599,9.81969,0.13134
G189E,greedy_ssm,384,1,0110101011111010,9.39116,9.5844,9.5844,9.89133,0.13134
G189E,greedy_ssm,384,1,0110101100000111,9.48335,9.65354,9.65354,9.82817,0.13134
G189E,greedy_ssm,384,1,0110101101000110,9.01738,9.52534,9.52534,9.89689,0.13134
G189E,greedy_ssm,384,1,0110101101101101,9.77641,9.8447,9.8447,9.97272,0.13134
G189E,greedy_ssm,384,1,0110101110010011,9.35852,9.65283,9.65283,9.86924,0.13134
G189E,greedy_ssm,384,1,0110101110011011,9.27332,9.63323,9.63323,9.89133,0.13134
G189E,greedy_ssm,384,1,0110110001101001,9.22902,9.54529,9.54529,9.84391,0.13134
G189E,greedy_ssm,384,1,0110110001110001,9.39723,9.65518,9.65518,9.85575,0.13134
G189E,greedy_ssm,384,1,0110110010101110,9.01008,9.38726,9.38726,9.7695,0.13134
G189E,greedy_ssm,384,1,0110110011100101,9.51776,9.76874,9.76874,9.81943,0.13134
G189E,greedy_ssm,384,1,0110111001100010,9.3097,9.57438,9.57438,9.89827,0.13134
G189E,greedy_ssm,384,1,0110111001100100,9.48793,9.66082,9.66082,9.81458,0.13134
G189E,greedy_ssm,384,1,0110111001100111,9.62073,9.76256,9.76256,9.82737,0.13134
G189E,greedy_ssm,384,1,0110111001110010,9.33593,9.56464,9.56464,9.83076,0.13134
G189E,greedy_ssm,384,1,0110111001110101,9.57854,9.71288,9.71288,9.88262,0.13134
G189E,greedy_ssm,384,1,0110111011001000,9.15923,9.5516,9.5516,9.81906,0.13134
G189E,greedy_ssm,384,1,0110111011001010,8.91391,9.51536,9.51536,9.80336,0.13134
G189E,greedy_ssm,384,1,0110111100010100,9.22864,9.53131,9.53131,9.79979,0.13134
G189E,greedy_ssm,384,1,0110111100011100,9.16371,9.48844,9.48844,9.80412,0.13134
G189E,greedy_ssm,384,1,0110111101001111,9.16745,9.73509,9.73509,9.90307,0.13134
G189E,greedy_ssm,384,1,0110111101101110,9.63235,9.75935,9.75935,9.90307,0.13134
G189E,greedy_ssm,384,1,0110111110011110,8.82004,9.44491,9.44491,9.75805,0.13134
G189E,greedy_ssm,384,1,0110111110100010,9.49887,9.62347,9.62347,9.9015,0.13134
G189E,greedy_ssm,384,1,0111000001001101,,,,,0.13134
G189E,greedy_ssm,384,1,0111000011101010,9.03767,9.50182,9.50182,9.81992,0.13134
G189E,greedy_ssm,384,1,0111000011111111,9.21072,9.71454,9.71454,9.91681,0.13134
G189E,greedy_ssm,384,1,0111000100101000,9.01487,9.55162,9.55162,9.81591,0.13134
G189E,greedy_ssm,384,1,0111000101110000,9.45012,9.67484,9.67484,9.89927,0.13134
G189E,greedy_ssm,384,1,0111000101111011,9.56861,10.09513,10.09513,10.09513,0.13134
G189E,greedy_ssm,384,1,0111001000000011,8.55455,9.60982,9.60982,9.85935,0.13134
G189E,greedy_ssm,384,1,0111001010011001,8.62766,9.40551,9.40551,9.56495,0.13134
G189E,greedy_ssm,384,1,0111001011100000,9.36174,9.72378,9.72378,9.89927,0.13134
G189E,greedy_ssm,384,1,0111001100001001,8.80785,9.58826,9.58826,9.83673,0.13134
G189E,greedy_ssm,384,1,0111001110001111,8.53104,9.65586,9.65586,9.91478,0.13134
G189E,greedy_ssm,384,1,0111001110100110,9.41665,9.64531,9.64531,9.84498,0.13134
G189E,greedy_ssm,384,1,0111001110101010,9.36308,9.64546,9.64546,9.9228,0.13134
G189E,greedy_ssm,384,1,0111001111001111,8.86297,9.72248,9.72248,9.94356,0.13134
G189E,greedy_ssm,384,1,0111010001010110,,,,,0.13134
G189E,greedy_ssm,384,1,0111010001101101,8.86224,9.41398,9.41398,9.82737,0.13134
G189E,greedy_ssm,384,1,0111010011010010,,,,,0.13134
G189E,greedy_ssm,384,1,0111010110001100,7.82781,9.10284,9.10284,9.70444,0.13134
G189E,greedy_ssm,384,1,0111010110111101,9.2188,9.69112,9.69112,9.80967,0.13134
G189E,greedy_ssm,384,1,0111010111001111,8.1028,9.63735,9.63735,10.13742,0.13134
G189E,greedy_ssm,384,1,0111010111101111,9.63735,9.91021,9.91021,10.13742,0.13134
G189E,greedy_ssm,384,1,0111011000010011,8.53765,9.40467,9.40467,9.7062,0.13134
G189E,greedy_ssm,384,1,0111011011100000,9.36871,9.73758,9.73758,9.9282,0.13134
G189E,greedy_ssm,384,1,0111011110100001,9.53823,9.81923,9.81923,9.9015,0.13134
G189E,greedy_ssm,384,1,0111100000110001,9.50926,9.74127,9.74127,9.74127,0.13134
G189E,greedy_ssm,384,1,0111100001000001,8.75032,9.50213,9.50213,9.74127,0.13134
G189E,greedy_ssm,384,1,0111100001111111,9.58639,9.69073,9.69073,9.83486,0.13134
G189E,greedy_ssm,384,1,0111100011100010,9.44369,9.64794,9.64794,9.82334,0.13134
G189E,greedy_ssm,384,1,0111100011110100,9.50858,9.69461,9.69461,9.83388,0.13134
G189E,greedy_ssm,384,1,0111100111100101,9.65476,9.81969,9.81969,9.90108,0.13134
G189E,greedy_ssm,384,1,0111101001011100,9.41593,9.63916,9.63916,9.75123,0.13134
G189E,greedy_ssm,384,1,0111101001100010,9.50659,9.68326,9.68326,9.82888,0.13134
G189E,greedy_ssm,384,1,0111101010011011,9.50034,9.64935,9.64935,9.77755,0.13134
G189E,greedy_ssm,384,1,0111101011010111,9.50167,9.65638,9.65638,9.84498,0.13134
G189E,greedy_ssm,384,1,0111101110001110,9.22131,9.58687,9.58687,9.90108,0.13134
G189E,greedy_ssm,384,1,0111101110111100,9.73962,9.7727,9.7727,9.83673,0.13134
G189E,greedy_ssm,384,1,0111101111110000,9.70804,9.82334,9.82334,9.84085,0.13134
G189E,greedy_ssm,384,1,0111110000000010,8.54944,9.19978,9.19978,9.75762,0.13134
G189E,greedy_ssm,384,1,0111110000101011,9.65188,9.72652,9.72652,9.72652,0.13134
G189E,greedy_ssm,384,1,0111110000111011,9.58321,9.74375,9.74375,9.79664,0.13134
G189E,greedy_ssm,384,1,0111110100010110,8.77272,9.51046,9.51046,9.74451,0.13134
G189E,greedy_ssm,384,1,0111110110001010,8.7363,9.53329,9.53329,9.83449,0.13134
G189E,greedy_ssm,384,1,0111111011000101,9.45354,9.80333,9.80333,9.84041,0.13134
G189E,greedy_ssm,384,1,0111111011010001,9.38977,9.62862,9.62862,9.85547,0.13134
G189E,greedy_ssm,384,1,0111111011011011,9.45913,9.68427,9.68427,9.80556,0.13134
G189E,greedy_ssm,384,1,0111111011101010,9.58994,9.80556,9.80556,9.88681,0.13134
G189E,greedy_ssm,384,1,0111111100001110,9.13268,9.5741,9.5741,9.86776,0.13134
G189E,greedy_ssm,384,1,1000000000100010,,,,,0.13134
G189E,greedy_ssm,384,1,1000000011111000,8.59571,9.32116,9.32116,10.03295,0.13134
G189E,greedy_ssm,384,1,1000000110001110,,,,,0.13134
G189E,greedy_ssm,384,1,1000000111110111,9.75905,9.88824,9.88824,9.88824,0.13134
G189E,greedy_ssm,384,1,1000001010010101,,,,,0.13134
G189E,greedy_ssm,384,1,1000001010111111,8.33814,9.33569,9.33569,9.83054,0.13134
G189E,greedy_ssm,384,1,1000001011000011,7.43693,9.03776,9.03776,9.86124,0.13134
G189E,greedy_ssm,384,1,1000001100000011,,,,,0.13134
G189E,greedy_ssm,384,1,1000001100101011,9.10579,9.73896,9.73896,9.90366,0.13134
G189E,greedy_ssm,384,1,1000001100110001,9.01929,9.58191,9.58191,9.89393,0.13134
G189E,greedy_ssm,384,1,1000001101000011,7.59113,9.66051,9.66051,9.90387,0.13134
G189E,greedy_ssm,384,1,1000001101111011,9.58552,9.75775,9.75775,9.91719,0.13134
G189E,greedy_ssm,384,1,1000001110000101,,,,,0.13134
G189E,greedy_ssm,384,1,1000001110101011,9.22153,9.67188,9.67188,9.89382,0.13134
G189E,greedy_ssm,384,1,1000010000011100,,,,,0.13134
G189E,greedy_ssm,384,1,1000010000111011,7.62757,8.8127,8.8127,9.71549,0.13134
G189E,greedy_ssm,384,1,1000010000111111,7.72879,9.13936,9.13936,9.85935,0.13134
G189E,greedy_ssm,384,1,1000010001010111,,,,,0.13134
G189E,greedy_ssm,384,1,1000010011011110,,,,,0.13134
G189E,greedy_ssm,384,1,1000010100110011,8.49437,9.56273,9.56273,9.7827,0.13134
G189E,greedy_ssm,384,1,1000010101000001,,,,,0.13134
G189E,greedy_ssm,384,1,1000010101011000,,,,,0.13134
G189E,greedy_ssm,384,1,1000010101101111,9.33822,9.72425,9.72425,9.83162,0.13134
G189E,greedy_ssm,384,1,1000011000011000,,,,,0.13134
G189E,greedy_ssm,384,1,1000011000101110,7.40425,8.83518,8.83518,9.73876,0.13134
G189E,greedy_ssm,384,1,1000011001000000,,,,,0.13134
G189E,greedy_ssm,384,1,1000011010100011,7.96196,9.37949,9.37949,9.80453,0.13134
G189E,greedy_ssm,384,1,1000011011001001,,,,,0.13134
G189E,greedy_ssm,384,1,1000011101100000,9.49526,9.72064,9.72064,9.89343,0.13134
G189E,greedy_ssm,384,1,1000011110011010,,,,,0.13134
G189E,greedy_ssm,384,1,1000011110111100,9.24169,9.666,9.666,9.80336,0.13134
G189E,greedy_ssm,384,1,1000100000011101,,,,,0.13134
G189E,greedy_ssm,384,1,1000100010111011,7.76725,9.06432,9.06432,9.65368,0.13134
G189E,greedy_ssm,384,1,1000100011010011,,,,,0.13134
G189E,greedy_ssm,384,1,1000100011011110,,,,,0.13134
G189E,greedy_ssm,384,1,1000100011100110,8.68301,9.39952,9.39952,9.71363,0.13134
G189E,greedy_ssm,384,1,1000100011110110,8.45156,9.34958,9.34958,9.70703,0.13134
G189E,greedy_ssm,384,1,1000100100110011,8.12056,9.45988,9.45988,9.72199,0.13134
G189E,greedy_ssm,384,1,1000100101000100,,,,,0.13134
G189E,greedy_ssm,384,1,1000101000000101,,,,,0.13134
G189E,greedy_ssm,384,1,1000101000000111,,,,,0.13134
G189E,greedy_ssm,384,1,1000101001100011,9.00699,9.59359,9.59359,9.79143,0.13134
G189E,greedy_ssm,384,1,1000101011100111,9.27768,9.68757,9.68757,9.79622,0.13134
G189E,greedy_ssm,384,1,1000101100010010,,,,,0.13134
G189E,greedy_ssm,384,1,1000101100101001,8.85973,9.5744,9.5744,9.7872,0.13134
G189E,greedy_ssm,384,1,1000101110001100,,,,,0.13134
G189E,greedy_ssm,384,1,1000101110010111,,,,,0.13134
G189E,greedy_ssm,384,1,1000101110101100,8.97557,9.55631,9.55631,9.79443,0.13134
G189E,greedy_ssm,384,1,1000110000001001,,,,,0.13134
G189E,greedy_ssm,384,1,1000110001000011,,,,,0.13134
G189E,greedy_ssm,384,1,1000110001101100,8.44783,9.39853,9.39853,9.73617,0.13134
G189E,greedy_ssm,384,1,1000110011001000,,,,,0.13134
G189E,greedy_ssm,384,1,1000110011010000,,,,,0.13134
G189E,greedy_ssm,384,1,1000110011100000,8.79325,9.48172,9.48172,9.75451,0.13134
G189E,greedy_ssm,384,1,1000110100000000,,,,,0.13134
G189E,greedy_ssm,384,1,1000110100110111,8.45577,9.50896,9.50896,9.70221,0.13134
G189E,greedy_ssm,384,1,1000110110100111,8.47537,9.6444,9.6444,9.79672,0.13134
G189E,greedy_ssm,384,1,1000111000100101,7.42808,9.13048,9.13048,9.70286,0.13134
G189E,greedy_ssm,384,1,1000111001001100,7.70404,8.99678,8.99678,9.73617,0.13134
G189E,greedy_ssm,384,1,1000111010000001,,,,,0.13134
G189E,greedy_ssm,384,1,1000111011101101,9.22679,9.58732,9.58732,9.80306,0.13134
G189E,greedy_ssm,384,1,1000111100000111,,,,,0.13134
G189E,greedy_ssm,384,1,1000111100011111,,,,,0.13134
G189E,greedy_ssm,384,1,1000111100100110,8.60848,9.37611,9.37611,9.70372,0.13134
G189E,greedy_ssm,384,1,1000111100111110,8.67843,9.42766,9.42766,9.73503,0.13134
G189E,greedy_ssm,384,1,1000111101010101,8.26594,9.51896,9.51896,9.75148,0.13134
G189E,greedy_ssm,384,1,1000111101011101,8.18374,9.48637,9.48637,9.71124,0.13134
G189E,greedy_ssm,384,1,1000111101101011,9.59672,9.75373,9.75373,9.83748,0.13134
G189E,greedy_ssm,384,1,1000111101110101,9.51896,9.65757,9.65757,9.79443,0.13134
G189E,greedy_ssm,384,1,1000111110000010,,,,,0.13134
G189E,greedy_ssm,384,1,1000111111110001,9.55858,9.68886,9.68886,9.78655,0.13134
G189E,greedy_ssm,384,1,1000111111111110,9.36376,9.73503,9.73503,9.89815,0.13134
G189E,greedy_ssm,384,1,1001000000001011,,,,,0.13134
G189E,greedy_ssm,384,1,1001000001010000,,,,,0.13134
G189E,greedy_ssm,384,1,1001000010000101,,,,,0.13134
G189E,greedy_ssm,384,1,1001000011110000,7.99846,9.43197,9.43197,9.75451,0.13134
G189E,greedy_ssm,384,1,1001000011111100,7.76195,9.45507,9.45507,9.68399,0.13134
G189E,greedy_ssm,384,1,1001000011111101,7.79516,9.58799,9.58799,9.72746,0.13134
G189E,greedy_ssm,384,1,1001000100000001,,,,,0.13134
G189E,greedy_ssm,384,1,1001000101111100,8.38514,9.62169,9.62169,9.66894,0.13134
G189E,greedy_ssm,384,1,1001000110000110,,,,,0.13134
G189E,greedy_ssm,384,1,1001000111000101,,,,,0.13134
G189E,greedy_ssm,384,1,1001001001000101,,,,,0.13134
G189E,greedy_ssm,384,1,1001001001011010,,,,,0.13134
G189E,greedy_ssm,384,1,1001001111011010,,,,,0.13134
G189E,greedy_ssm,384,1,1001010010011110,,,,,0.13134
G189E,greedy_ssm,384,1,1001010100001111,,,,,0.13134
G189E,greedy_ssm,384,1,1001010101011110,,,,,0.13134
G189E,greedy_ssm,384,1,1001010110100111,7.68327,9.43403,9.43403,9.79427,0.13134
G189E,greedy_ssm,384,1,1001010110111100,7.69288,9.40842,9.40842,9.66775,0.13134
G189E,greedy_ssm,384,1,1001011000010110,,,,,0.13134
G189E,greedy_ssm,384,1,1001011001100000,8.02634,9.40937,9.40937,9.70845,0.13134
G189E,greedy_ssm,384,1,1001011010011100,,,,,0.13134
G189E,greedy_ssm,384,1,1001011011110100,8.42995,9.42558,9.42558,9.69966,0.13134
G189E,greedy_ssm,384,1,1001011100000001,,,,,0.13134
G189E,greedy_ssm,384,1,1001011100110000,8.37135,9.43947,9.43947,9.69626,0.13134
G189E,greedy_ssm,384,1,1001011101010101,,,,,0.13134
G189E,greedy_ssm,384,1,1001011101100110,8.76033,9.54576,9.54576,9.79732,0.13134
G189E,greedy_ssm,384,1,1001011110111010,8.47627,9.39573,9.39573,9.73047,0.13134
G189E,greedy_ssm,384,1,1001100000001011,,,,,0.13134
G189E,greedy_ssm,384,1,1001100001110000,9.45418,9.53012,9.53012,9.68953,0.13134
G189E,greedy_ssm,384,1,1001100010001011,,,,,0.13134
G189E,greedy_ssm,384,1,1001100110001011,7.6518,9.37711,9.37711,9.8565,0.13134
G189E,greedy_ssm,384,1,1001100110101001,9.4332,9.68574,9.68574,9.81363,0.13134
G189E,greedy_ssm,384,1,1001100110111011,9.51938,9.65368,9.65368,9.89129,0.13134
G189E,greedy_ssm,384,1,1001100111011100,8.11384,9.6507,9.6507,9.90802,0.13134
G189E,greedy_ssm,384,1,1001100111101100,9.55963,9.76789,9.76789,9.77213,0.13134
G189E,greedy_ssm,384,1,1001101000110101,9.3311,9.54727,9.54727,9.74577,0.13134
G189E,greedy_ssm,384,1,1001101001100100,9.4148,9.64274,9.64274,9.81152,0.13134
G189E,greedy_ssm,384,1,1001101010110011,9.30121,9.69735,9.69735,9.80141,0.13134
G189E,greedy_ssm,384,1,1001101011011011,8.98077,9.60724,9.60724,9.77032,0.13134
G189E,greedy_ssm,384,1,1001101011111111,9.58995,9.72179,9.72179,9.89129,0.13134
G189E,greedy_ssm,384,1,1001101100000011,7.88502,9.62825,9.62825,9.79143,0.13134
G189E,greedy_ssm,384,1,1001101100011011,7.79339,9.64456,9.64456,9.75479,0.13134
G189E,greedy_ssm,384,1,1001101101101010,9.56816,9.702,9.702,9.79143,0.13134
G189E,greedy_ssm,384,1,1001101110010011,7.52024,9.62164,9.62164,9.80141,0.13134
G189E,greedy_ssm,384,1,1001101111011111,9.05078,9.72179,9.72179,9.89129,0.13134
G189E,greedy_ssm,384,1,1001110000000110,,,,,0.13134
G189E,greedy_ssm,384,1,1001110001111110,9.28235,9.56869,9.56869,9.71992,0.13134
G189E,greedy_ssm,384,1,1001110010011010,,,,,0.13134
G189E,greedy_ssm,384,1,1001110010110101,9.02501,9.43913,9.43913,9.70686,0.13134
G189E,greedy_ssm,384,1,1001110100101000,9.11734,9.50544,9.50544,9.70909,0.13134
G189E,greedy_ssm,384,1,1001110100101110,9.10562,9.47689,9.47689,9.74856,0.13134
G189E,greedy_ssm,384,1,1001110101101000,9.47271,9.63337,9.63337,9.76861,0.13134
G189E,greedy_ssm,384,1,1001110101111100,9.52618,9.69914,9.69914,9.76861,0.13134
G189E,greedy_ssm,384,1,1001110110100111,9.43403,9.6782,9.6782,9.82212,0.13134
G189E,greedy_ssm,384,1,1001111000100110,8.71338,9.36159,9.36159,9.74217,0.13134
G189E,greedy_ssm,384,1,1001111010010100,7.98487,9.14093,9.14093,9.68937,0.13134
G189E,greedy_ssm,384,1,1001111010101011,9.27189,9.61678,9.61678,9.81084,0.13134
G189E,greedy_ssm,384,1,1001111010101110,8.91649,9.44308,9.44308,9.80306,0.13134
G189E,greedy_ssm,384,1,1001111011001001,8.83087,9.67054,9.67054,9.72407,0.13134
G189E,greedy_ssm,384,1,1001111011100001,9.56707,9.68991,9.68991,9.89254,0.13134
G189E,greedy_ssm,384,1,1001111011100110,9.45202,9.61378,9.61378,9.82212,0.13134
G189E,greedy_ssm,384,1,1001111110011110,7.16993,9.28333,9.28333,9.66775,0.13134
G189E,greedy_ssm,384,1,1010000011101110,9.22236,9.69228,9.69228,9.89686,0.13134
G189E,greedy_ssm,384,1,1010000101110110,9.45508,9.73979,9.73979,9.88824,0.13134
G189E,greedy_ssm,384,1,1010000111101011,9.81105,9.93577,9.93577,9.93577,0.13134
G189E,greedy_ssm,384,1,1010001010010110,8.1167,8.89763,8.89763,9.7005,0.13134
G189E,greedy_ssm,384,1,1010001010100010,8.71529,9.53597,9.53597,9.86124,0.13134
G189E,greedy_ssm,384,1,1010001010111110,9.08216,9.38961,9.38961,9.83054,0.13134
G189E,greedy_ssm,384,1,1010001100011110,8.42146,9.51164,9.51164,9.79272,0.13134
G189E,greedy_ssm,384,1,1010001101011010,8.39489,9.63958,9.63958,9.83896,0.13134
G189E,greedy_ssm,384,1,1010001101101111,9.90366,9.90366,9.90366,9.90366,0.13134
G189E,greedy_ssm,384,1,1010001110100100,9.66369,9.74361,9.74361,9.90487,0.13134
G189E,greedy_ssm,384,1,1010001111001101,8.80894,9.8774,9.8774,9.93831,0.13134
G189E,greedy_ssm,384,1,1010001111011010,8.53032,9.63502,9.63502,9.85938,0.13134
G189E,greedy_ssm,384,1,1010010000011001,7.98191,8.91123,8.91123,9.65668,0.13134
G189E,greedy_ssm,384,1,1010010001000110,,,,,0.13134
G189E,greedy_ssm,384,1,1010010010010101,7.82288,8.81503,8.81503,9.79736,0.13134
G189E,greedy_ssm,384,1,1010010010111110,8.56282,9.32226,9.32226,9.82958,0.13134
G189E,greedy_ssm,384,1,1010010011110000,9.31626,9.62761,9.62761,10.03295,0.13134
G189E,greedy_ssm,384,1,1010011000110101,9.30143,9.60531,9.60531,9.86235,0.13134
G189E,greedy_ssm,384,1,1010011100101011,9.67559,9.81069,9.81069,9.89759,0.13134
G189E,greedy_ssm,384,1,1010011101100001,9.7872,9.89393,9.89393,9.89393,0.13134
G189E,greedy_ssm,384,1,1010011110000011,8.87655,9.6649,9.6649,9.94592,0.13134
G189E,greedy_ssm,384,1,1010011111010011,9.1548,9.82831,9.82831,9.94592,0.13134
G189E,greedy_ssm,384,1,1010100001110100,9.13152,9.4936,9.4936,9.72853,0.13134
G189E,greedy_ssm,384,1,1010100011110011,9.46985,9.65497,9.65497,9.78214,0.13134
G189E,greedy_ssm,384,1,1010100100011100,8.30545,9.281,9.281,9.65283,0.13134
G189E,greedy_ssm,384,1,1010100100111001,9.35347,9.51276,9.51276,9.73725,0.13134
G189E,greedy_ssm,384,1,1010100101100100,9.28118,9.67927,9.67927,9.87098,0.13134
G189E,greedy_ssm,384,1,1010100110000000,8.2322,9.21524,9.21524,9.64181,0.13134
G189E,greedy_ssm,384,1,1010100110011010,8.04411,9.2237,9.2237,9.62559,0.13134
G189E,greedy_ssm,384,1,1010100110100001,9.28438,9.53294,9.53294,9.75676,0.13134
G189E,greedy_ssm,384,1,1010100110101111,9.4572,9.67022,9.67022,9.85139,0.13134
G189E,greedy_ssm,384,1,1010101000100110,8.94033,9.38507,9.38507,9.67927,0.13134
G189E,greedy_ssm,384,1,1010101001100000,9.34543,9.62479,9.62479,9.89393,0.13134
G189E,greedy_ssm,384,1,1010101001110100,9.37084,9.64021,9.64021,9.83896,0.13134
G189E,greedy_ssm,384,1,1010101100101111,9.61278,9.71652,9.71652,9.90366,0.13134
G189E,greedy_ssm,384,1,1010101101010101,9.06581,9.65863,9.65863,9.80903,0.13134
G189E,greedy_ssm,384,1,1010110000101001,8.92263,9.37605,9.37605,9.66856,0.13134
G189E,greedy_ssm,384,1,1010110000110110,8.58597,9.13069,9.13069,9.52283,0.13134
G189E,greedy_ssm,384,1,1010110010010111,8.03906,8.94206,8.94206,9.46609,0.13134
G189E,greedy_ssm,384,1,1010110010100000,8.57389,9.26818,9.26818,9.61192,0.13134
G189E,greedy_ssm,384,1,1010110100011100,8.01113,9.227,9.227,9.65545,0.13134
G189E,greedy_ssm,384,1,1010110110111001,9.34199,9.59714,9.59714,9.84635,0.13134
G189E,greedy_ssm,384,1,1010110111001100,8.2263,9.38952,9.38952,9.80174,0.13134
G189E,greedy_ssm,384,1,1010111010010110,8.54378,8.94206,8.94206,9.46609,0.13134
G189E,greedy_ssm,384,1,1010111010111011,9.1702,9.51962,9.51962,9.71222,0.13134
G189E,greedy_ssm,384,1,1010111011110001,9.48942,9.66778,9.66778,9.78655,0.13134
G189E,greedy_ssm,384,1,1010111011111010,9.37923,9.48369,9.48369,9.84642,0.13134
G189E,greedy_ssm,384,1,1010111101000010,8.64518,9.47637,9.47637,9.79057,0.13134
G189E,greedy_ssm,384,1,1010111101100000,9.59622,9.72064,9.72064,9.89343,0.13134
G189E,greedy_ssm,384,1,1011000001001110,,,,,0.13134
G189E,greedy_ssm,384,1,1011000100000100,7.80465,8.72288,8.72288,9.64231,0.13134
G189E,greedy_ssm,384,1,1011000101100010,8.96157,9.41577,9.41577,9.78053,0.13134
G189E,greedy_ssm,384,1,1011000110100101,8.97694,9.55741,9.55741,9.80172,0.13134
G189E,greedy_ssm,384,1,1011000110110111,9.18019,9.62851,9.62851,9.75998,0.13134
G189E,greedy_ssm,384,1,1011000111101001,9.32613,9.72494,9.72494,10.0751,0.13134
G189E,greedy_ssm,384,1,1011001001010100,7.95468,9.14103,9.14103,9.66652,0.13134
G189E,greedy_ssm,384,1,1011001001100011,9.13575,9.66346,9.66346,9.77131,0.13134
G189E,greedy_ssm,384,1,1011001001110101,9.07342,9.65931,9.65931,9.85655,0.13134
G189E,greedy_ssm,384,1,1011001010000001,8.12681,9.39446,9.39446,9.69363,0.13134
G189E,greedy_ssm,384,1,1011001010000111,7.94356,9.28095,9.28095,9.63586,0.13134
G189E,greedy_ssm,384,1,1011001010101110,8.17897,9.42247,9.42247,9.7566,0.13134
G189E,greedy_ssm,384,1,1011001011001110,7.56517,9.08439,9.08439,9.7135,0.13134
G189E,greedy_ssm,384,1,1011001011111010,9.08091,9.53964,9.53964,9.80162,0.13134
G189E,greedy_ssm,384,1,1011001100001101,8.17466,9.38637,9.38637,9.80915,0.13134
G189E,greedy_ssm,384,1,1011001100101111,9.44206,9.71652,9.71652,9.90366,0.13134
G189E,greedy_ssm,384,1,1011001100111100,9.31862,9.65283,9.65283,9.77404,0.13134
G189E,greedy_ssm,384,1,1011001110011101,7.8747,9.32706,9.32706,9.71077,0.13134
G189E,greedy_ssm,384,1,1011001110110100,9.44031,9.65588,9.65588,9.85655,0.13134
G189E,greedy_ssm,384,1,1011001110111100,9.46593,9.65768,9.65768,9.75522,0.13134
G189E,greedy_ssm,384,1,1011001111100010,9.30774,9.7499,9.7499,9.91705,0.13134
G189E,greedy_ssm,384,1,1011001111100111,9.74471,9.83577,9.83577,9.94356,0.13134
G189E,greedy_ssm,384,1,1011010011000010,,,,,0.13134
G189E,greedy_ssm,384,1,1011010011100100,8.76068,9.40702,9.40702,9.77213,0.13134
G189E,greedy_ssm,384,1,1011010011110000,8.90485,9.42314,9.42314,9.7043,0.13134
G189E,greedy_ssm,384,1,1011010100001110,,,,,0.13134
G189E,greedy_ssm,384,1,1011010100110100,8.92512,9.39903,9.39903,9.75454,0.13134
G189E,greedy_ssm,384,1,1011010101110100,9.26943,9.57074,9.57074,9.65032,0.13134
G189E,greedy_ssm,384,1,1011010101110111,9.47973,9.71018,9.71018,9.85816,0.13134
G189E,greedy_ssm,384,1,1011010110000101,,,,,0.13134
G189E,greedy_ssm,384,1,1011010111101000,9.16527,9.63801,9.63801,9.86542,0.13134
G189E,greedy_ssm,384,1,1011011001000111,7.64225,9.32707,9.32707,9.76134,0.13134
G189E,greedy_ssm,384,1,1011011010011010,7.56539,8.7679,8.7679,9.57019,0.13134
G189E,greedy_ssm,384,1,1011011010011011,7.93035,9.21376,9.21376,9.69483,0.13134
G189E,greedy_ssm,384,1,1011011101000100,8.17774,9.56119,9.56119,9.88247,0.13134
G189E,greedy_ssm,384,1,1011011101000111,7.96665,9.67926,9.67926,9.89834,0.13134
G189E,greedy_ssm,384,1,1011011111010111,8.21385,9.69036,9.69036,9.90445,0.13134
G189E,greedy_ssm,384,1,1011100000100111,9.42903,9.6963,9.6963,9.80466,0.13134
G189E,greedy_ssm,384,1,1011100001111111,9.47535,9.65425,9.65425,9.75449,0.13134
G189E,greedy_ssm,384,1,1011100010000101,8.70515,9.44805,9.44805,9.68223,0.13134
G189E,greedy_ssm,384,1,1011100010100100,9.41352,9.55205,9.55205,9.77213,0.13134
G189E,greedy_ssm,384,1,1011100011011110,8.35377,9.37161,9.37161,9.70703,0.13134
G189E,greedy_ssm,384,1,1011100011101111,9.56298,9.7135,9.7135,9.85032,0.13134
G189E,greedy_ssm,384,1,1011100100011011,8.79222,9.5496,9.5496,9.83168,0.13134
G189E,greedy_ssm,384,1,1011100110101010,9.50332,9.69131,9.69131,10.33071,0.13134
G189E,greedy_ssm,384,1,1011100111000110,8.4948,9.53378,9.53378,9.77213,0.13134
G189E,greedy_ssm,384,1,1011100111101011,9.74659,10.33071,10.33071,10.33071,0.13134
G189E,greedy_ssm,384,1,1011101010000010,8.88977,9.2999,9.2999,9.71328,0.13134
G189E,greedy_ssm,384,1,1011101010011110,8.89274,9.39404,9.39404,9.69586,0.13134
G189E,greedy_ssm,384,1,1011101011010001,9.39674,9.6311,9.6311,9.76155,0.13134
G189E,greedy_ssm,384,1,1011101101000000,9.09473,9.65837,9.65837,9.78526,0.13134
G189E,greedy_ssm,384,1,1011101101110010,9.48353,9.71322,9.71322,9.81891,0.13134
G189E,greedy_ssm,384,1,1011101110001100,9.0773,9.69534,9.69534,9.79443,0.13134
G189E,greedy_ssm,384,1,1011101111010000,9.19073,9.69593,9.69593,9.78526,0.13134
G189E,greedy_ssm,384,1,1011101111110000,9.69593,9.78526,9.78526,9.82391,0.13134
G189E,greedy_ssm,384,1,1011101111110001,9.6889,9.78213,9.78213,9.82148,0.13134
G189E,greedy_ssm,384,1,1011110001111101,9.40632,9.68549,9.68549,9.7501,0.13134
G189E,greedy_ssm,384,1,1011110010000101,8.56201,9.28612,9.28612,9.71421,0.13134
G189E,greedy_ssm,384,1,1011110010111111,9.47072,9.60555,9.60555,9.91917,0.13134
G189E,greedy_ssm,384,1,1011110011011011,8.75773,9.60672,9.60672,9.92736,0.13134
G189E,greedy_ssm,384,1,1011110100010100,8.62168,9.38008,9.38008,9.68136,0.13134
G189E,greedy_ssm,384,1,1011111000110010,9.32748,9.6279,9.6279,9.91705,0.13134
G189E,greedy_ssm,384,1,1011111010110100,9.44842,9.5885,9.5885,9.74782,0.13134
G189E,greedy_ssm,384,1,1011111111010000,9.11187,9.66136,9.66136,9.80516,0.13134
G189E,greedy_ssm,384,1,1100000000011100,,,,,0.13134
G189E,greedy_ssm,384,1,1100000001010110,,,,,0.13134
G189E,greedy_ssm,384,1,1100000001101110,8.31707,9.44747,9.44747,9.80026,0.13134
G189E,greedy_ssm,384,1,1100000010100111,8.35071,9.30014,9.30014,9.87577,0.13134
G189E,greedy_ssm,384,1,1100000011001001,,,,,0.13134
G189E,greedy_ssm,384,1,1100000100000111,,,,,0.13134
G189E,greedy_ssm,384,1,1100000100001000,,,,,0.13134
G189E,greedy_ssm,384,1,1100000100001100,,,,,0.13134
G189E,greedy_ssm,384,1,1100000100011110,,,,,0.13134
G189E,greedy_ssm,384,1,1100000100101000,8.65735,9.58523,9.58523,9.86206,0.13134
G189E,greedy_ssm,384,1,1100000101001000,,,,,0.13134
G189E,greedy_ssm,384,1,1100000101001101,,,,,0.13134
G189E,greedy_ssm,384,1,1100000101110100,9.46829,9.73859,9.73859,9.91,0.13134
G189E,greedy_ssm,384,1,1100000111101110,9.35694,9.76647,9.76647,9.94619,0.13134
G189E,greedy_ssm,384,1,1100001000110110,8.45696,9.1962,9.1962,9.7482,0.13134
G189E,greedy_ssm,384,1,1100001000111110,8.35453,9.36204,9.36204,9.78771,0.13134
G189E,greedy_ssm,384,1,1100001001001110,,,,,0.13134
G189E,greedy_ssm,384,1,1100001001111001,8.94473,9.68644,9.68644,9.86301,0.13134
G189E,greedy_ssm,384,1,1100001011010001,7.69605,9.46925,9.46925,9.80108,0.13134
G189E,greedy_ssm,384,1,1100001100101000,9.09269,9.60322,9.60322,9.89343,0.13134
G189E,greedy_ssm,384,1,1100001100110101,9.36052,9.68826,9.68826,9.86235,0.13134
G189E,greedy_ssm,384,1,1100001101101100,9.52826,9.85817,9.85817,9.89689,0.13134
G189E,greedy_ssm,384,1,1100001110001000,7.68234,9.26211,9.26211,9.80744,0.13134
G189E,greedy_ssm,384,1,1100001110111100,9.38697,9.64767,9.64767,9.79935,0.13134
G189E,greedy_ssm,384,1,1100010000100111,8.29054,9.27275,9.27275,9.85816,0.13134
G189E,greedy_ssm,384,1,1100010011001010,,,,,0.13134
G189E,greedy_ssm,384,1,1100010011111000,8.85152,9.43922,9.43922,9.82847,0.13134
G189E,greedy_ssm,384,1,1100010101001010,,,,,0.13134
G189E,greedy_ssm,384,1,1100010101101010,9.2321,9.63776,9.63776,9.8906,0.13134
G189E,greedy_ssm,384,1,1100010101110011,9.58593,9.7827,9.7827,9.89797,0.13134
G189E,greedy_ssm,384,1,1100011000010100,7.62967,8.98164,8.98164,9.75454,0.13134
G189E,greedy_ssm,384,1,1100011010100110,8.17293,9.17661,9.17661,9.79595,0.13134
G189E,greedy_ssm,384,1,1100011011011011,7.91504,9.30503,9.30503,9.85681,0.13134
G189E,greedy_ssm,384,1,1100011011011110,7.23992,8.88883,8.88883,9.75971,0.13134
G189E,greedy_ssm,384,1,1100011100000111,7.86661,9.4671,9.4671,9.89834,0.13134
G189E,greedy_ssm,384,1,1100011100111000,9.2071,9.59764,9.59764,9.89343,0.13134
G189E,greedy_ssm,384,1,1100011101000011,8.29828,9.73744,9.73744,9.94592,0.13134
G189E,greedy_ssm,384,1,1100011101001100,7.7674,9.60709,9.60709,9.89343,0.13134
G189E,greedy_ssm,384,1,1100011110000000,7.4893,9.38548,9.38548,9.87563,0.13134
G189E,greedy_ssm,384,1,1100011110000101,7.52134,9.4363,9.4363,9.92308,0.13134
G189E,greedy_ssm,384,1,1100011110111110,9.19532,9.53227,9.53227,9.87743,0.13134
G189E,greedy_ssm,384,1,1100011111000011,8.31415,9.78366,9.78366,9.94592,0.13134
G189E,greedy_ssm,384,1,1100011111011110,7.61221,9.53227,9.53227,9.87743,0.13134
G189E,greedy_ssm,384,1,1100100000001010,,,,,0.13134
G189E,greedy_ssm,384,1,1100100000010100,,,,,0.13134
G189E,greedy_ssm,384,1,1100100000011011,,,,,0.13134
G189E,greedy_ssm,384,1,1100100011101000,8.8504,9.53352,9.53352,9.62234,0.13134
G189E,greedy_ssm,384,1,1100100011110100,8.97834,9.62563,9.62563,9.67372,0.13134
G189E,greedy_ssm,384,1,1100100100000110,,,,,0.13134
G189E,greedy_ssm,384,1,1100100101000011,7.98452,9.5339,9.5339,9.85678,0.13134
G189E,greedy_ssm,384,1,1100100110101001,8.78338,9.58447,9.58447,9.81363,0.13134
G189E,greedy_ssm,384,1,1100100111000100,7.55465,9.54477,9.54477,9.79043,0.13134
G189E,greedy_ssm,384,1,1100100111011000,7.78219,9.34569,9.34569,9.67998,0.13134
G189E,greedy_ssm,384,1,1100100111101011,9.67466,9.8565,9.8565,9.8565,0.13134
G189E,greedy_ssm,384,1,1100101000110101,8.47825,9.5133,9.5133,9.69074,0.13134
G189E,greedy_ssm,384,1,1100101001000010,7.79454,8.82535,8.82535,9.61128,0.13134
G189E,greedy_ssm,384,1,1100101001011001,8.30912,9.12579,9.12579,9.70277,0.13134
G189E,greedy_ssm,384,1,1100101010011000,7.68543,9.11467,9.11467,9.61695,0.13134
G189E,greedy_ssm,384,1,1100101011000010,8.04732,8.91174,8.91174,9.66235,0.13134
G189E,greedy_ssm,384,1,1100101101110011,9.61952,9.78722,9.78722,9.81891,0.13134
G189E,greedy_ssm,384,1,1100101110111110,9.07548,9.51373,9.51373,9.76394,0.13134
G189E,greedy_ssm,384,1,1100101111110111,9.66095,9.83089,9.83089,9.83089,0.13134
G189E,greedy_ssm,384,1,1100110001000110,,,,,0.13134
G189E,greedy_ssm,384,1,1100110001010101,,,,,0.13134
G189E,greedy_ssm,384,1,1100110010000011,,,,,0.13134
G189E,greedy_ssm,384,1,1100110010000100,,,,,0.13134
G189E,greedy_ssm,384,1,1100110011000011,7.48917,9.14158,9.14158,9.76866,0.13134
G189E,greedy_ssm,384,1,1100110101010001,7.7954,9.45309,9.45309,9.68793,0.13134
G189E,greedy_ssm,384,1,1100111001110001,9.09049,9.60395,9.60395,9.87584,0.13134
G189E,greedy_ssm,384,1,1100111100011010,,,,,0.13134
G189E,greedy_ssm,384,1,1100111101101110,9.45894,9.69631,9.69631,9.84274,0.13134
G189E,greedy_ssm,384,1,1100111101110010,9.3819,9.68474,9.68474,9.81112,0.13134
G189E,greedy_ssm,384,1,1100111110000111,7.66799,9.43539,9.43539,9.79595,0.13134
G189E,greedy_ssm,384,1,1101000001101000,,,,,0.13134
G189E,greedy_ssm,384,1,1101000010100101,7.50904,9.17279,9.17279,9.68223,0.13134
G189E,greedy_ssm,384,1,1101000011000100,,,,,0.13134
G189E,greedy_ssm,384,1,1101000011011100,,,,,0.13134
G189E,greedy_ssm,384,1,1101000011100111,8.37629,9.62278,9.62278,9.81344,0.13134
G189E,greedy_ssm,384,1,1101000100000110,,,,,0.13134
G189E,greedy_ssm,384,1,1101000101011001,,,,,0.13134
G189E,greedy_ssm,384,1,1101000101100010,8.67436,9.44322,9.44322,9.79143,0.13134
G189E,greedy_ssm,384,1,1101000110110101,8.36614,9.53397,9.53397,9.78487,0.13134
G189E,greedy_ssm,384,1,1101000110111001,8.53054,9.50432,9.50432,9.78595,0.13134
G189E,greedy_ssm,384,1,1101000110111101,8.49179,9.55579,9.55579,9.78752,0.13134
G189E,greedy_ssm,384,1,1101000111000101,,,,,0.13134
G189E,greedy_ssm,384,1,1101001000011110,,,,,0.13134
G189E,greedy_ssm,384,1,1101001001111000,8.46263,9.4733,9.4733,9.65846,0.13134
G189E,greedy_ssm,384,1,1101001011110010,8.32421,9.33069,9.33069,9.80141,0.13134
G189E,greedy_ssm,384,1,1101001110101011,9.07839,9.77164,9.77164,9.83329,0.13134
G189E,greedy_ssm,384,1,1101001110111101,9.06123,9.6631,9.6631,9.78595,0.13134
G189E,greedy_ssm,384,1,1101001111001010,,,,,0.13134
G189E,greedy_ssm,384,1,1101001111101001,9.35103,9.73009,9.73009,9.83329,0.13134
G189E,greedy_ssm,384,1,1101010001000101,,,,,0.13134
G189E,greedy_ssm,384,1,1101010001010011,,,,,0.13134
G189E,greedy_ssm,384,1,1101010010100010,,,,,0.13134
G189E,greedy_ssm,384,1,1101010010101100,7.23628,8.99807,8.99807,9.7558,0.13134
G189E,greedy_ssm,384,1,1101010011101000,8.25983,9.55817,9.55817,9.71484,0.13134
G189E,greedy_ssm,384,1,1101010100001100,,,,,0.13134
G189E,greedy_ssm,384,1,1101010110000110,,,,,0.13134
G189E,greedy_ssm,384,1,1101010110001110,,,,,0.13134
G189E,greedy_ssm,384,1,1101010110101110,8.17186,9.264,9.264,9.81506,0.13134
G189E,greedy_ssm,384,1,1101010110111001,8.44851,9.50005,9.50005,9.78438,0.13134
G189E,greedy_ssm,384,1,1101010110111011,8.47452,9.54387,9.54387,9.92736,0.13134
G189E,greedy_ssm,384,1,1101010111000110,,,,,0.13134
G189E,greedy_ssm,384,1,1101011000000110,,,,,0.13134
G189E,greedy_ssm,384,1,1101011001110110,7.91305,9.35665,9.35665,9.79443,0.13134
G189E,greedy_ssm,384,1,1101011010010111,,,,,0.13134
G189E,greedy_ssm,384,1,1101011010101100,7.71791,9.24959,9.24959,9.69813,0.13134
G189E,greedy_ssm,384,1,1101011011001000,,,,,0.13134
G189E,greedy_ssm,384,1,1101011011011011,7.56731,9.202,9.202,9.79098,0.13134
G189E,greedy_ssm,384,1,1101011100100111,9.09876,9.65787,9.65787,9.83748,0.13134
G189E,greedy_ssm,384,1,1101011110011100,,,,,0.13134
G189E,greedy_ssm,384,1,1101011110101110,8.70783,9.48038,9.48038,9.86715,0.13134
G189E,greedy_ssm,384,1,1101011111000001,7.14568,9.42795,9.42795,9.89254,0.13134
G189E,greedy_ssm,384,1,1101100011000100,8.03947,9.485,9.485,9.79043,0.13134
G189E,greedy_ssm,384,1,1101100100000110,7.37537,9.31393,9.31393,9.70272,0.13134
G189E,greedy_ssm,384,1,1101100101100111,9.69216,9.81112,9.81112,9.81112,0.13134
G189E,greedy_ssm,384,1,1101100110000000,7.80954,9.41999,9.41999,9.77401,0.13134
G189E,greedy_ssm,384,1,1101100110111010,9.36607,9.87919,9.87919,9.87919,0.13134
G189E,greedy_ssm,384,1,1101101000010110,8.01986,9.15403,9.15403,9.58747,0.13134
G189E,greedy_ssm,384,1,1101101000011011,8.71543,9.52301,9.52301,9.76719,0.13134
G189E,greedy_ssm,384,1,1101101000101011,9.53218,9.70713,9.70713,9.81232,0.13134
G189E,greedy_ssm,384,1,1101101001001101,9.05594,9.60847,9.60847,9.82494,0.13134
G189E,greedy_ssm,384,1,1101101001100010,9.4584,9.65075,9.65075,9.83329,0.13134
G189E,greedy_ssm,384,1,1101101010000111,8.77691,9.63328,9.63328,9.78489,0.13134
G189E,greedy_ssm,384,1,1101101011000010,8.68544,9.43521,9.43521,9.83329,0.13134
G189E,greedy_ssm,384,1,1101101011001010,8.77872,9.46888,9.46888,9.81232,0.13134
G189E,greedy_ssm,384,1,1101101011101001,9.61758,9.73681,9.73681,9.83329,0.13134
G189E,greedy_ssm,384,1,1101101110011101,8.55899,9.6631,9.6631,9.78595,0.13134
G189E,greedy_ssm,384,1,1101101110110100,9.62505,9.75522,9.75522,9.84085,0.13134
G189E,greedy_ssm,384,1,1101101111111100,9.67863,9.74289,9.74289,9.79604,0.13134
G189E,greedy_ssm,384,1,1101110000000110,,,,,0.13134
G189E,greedy_ssm,384,1,1101110000101110,9.21312,9.50727,9.50727,9.69593,0.13134
G189E,greedy_ssm,384,1,1101110001000011,8.09279,9.50767,9.50767,9.81711,0.13134
G189E,greedy_ssm,384,1,1101110001001011,8.26433,9.62738,9.62738,9.73376,0.13134
G189E,greedy_ssm,384,1,1101110010001011,7.92703,9.35719,9.35719,9.82728,0.13134
G189E,greedy_ssm,384,1,1101110011111100,9.63029,9.65023,9.65023,9.86384,0.13134
G189E,greedy_ssm,384,1,1101110111001110,8.6669,9.65479,9.65479,9.99579,0.13134
G189E,greedy_ssm,384,1,1101110111011100,8.60168,9.62921,9.62921,9.77446,0.13134
G189E,greedy_ssm,384,1,1101111000011000,8.41336,9.31741,9.31741,9.68885,0.13134
G189E,greedy_ssm,384,1,1101111001110001,9.5983,9.76175,9.76175,9.76175,0.13134
G189E,greedy_ssm,384,1,1101111010101101,9.33915,9.70902,9.70902,9.82242,0.13134
G189E,greedy_ssm,384,1,1101111100000010,8.06323,9.40325,9.40325,9.79882,0.13134
G189E,greedy_ssm,384,1,1101111101011101,9.26065,9.71124,9.71124,9.83748,0.13134
G189E,greedy_ssm,384,1,1101111110000010,8.13187,9.36719,9.36719,9.89254,0.13134
G189E,greedy_ssm,384,1,1101111110100110,9.47854,9.67976,9.67976,9.89254,0.13134
G189E,greedy_ssm,384,1,1101111111000100,9.4836,9.73376,9.73376,9.88247,0.13134
G189E,greedy_ssm,384,1,1101111111100110,9.67976,9.81727,9.81727,9.89254,0.13134
G189E,greedy_ssm,384,1,1110000000100101,9.21881,9.56278,9.56278,9.84397,0.13134
G189E,greedy_ssm,384,1,1110000011100001,9.63537,9.76234,9.76234,9.93577,0.13134
G189E,greedy_ssm,384,1,1110000101100000,9.64535,9.89056,9.89056,9.89927,0.13134
G189E,greedy_ssm,384,1,1110001001000111,9.1915,9.77013,9.77013,9.90387,0.13134
G189E,greedy_ssm,384,1,1110001001011111,9.36816,9.64191,9.64191,9.86117,0.13134
G189E,greedy_ssm,384,1,1110001010110101,9.47967,9.73347,9.73347,9.88584,0.13134
G189E,greedy_ssm,384,1,1110001010111000,9.34361,9.79935,9.79935,9.79935,0.13134
G189E,greedy_ssm,384,1,1110001011001011,9.48192,9.76521,9.76521,9.93577,0.13134
G189E,greedy_ssm,384,1,1110001100001101,9.28928,9.77325,9.77325,9.82548,0.13134
G189E,greedy_ssm,384,1,1110001100011101,9.27269,9.65495,9.65495,9.8442,0.13134
G189E,greedy_ssm,384,1,1110001100011110,8.96077,9.61943,9.61943,9.80838,0.13134
G189E,greedy_ssm,384,1,1110001100100100,9.70661,9.87098,9.87098,9.90487,0.13134
G189E,greedy_ssm,384,1,1110001101100001,9.8717,9.90387,9.90387,9.91885,0.13134
G189E,greedy_ssm,384,1,1110001110010101,9.18669,9.73347,9.73347,9.88584,0.13134
G189E,greedy_ssm,384,1,1110001110101110,9.61859,9.78429,9.78429,9.91531,0.13134
G189E,greedy_ssm,384,1,1110001111001001,9.32234,9.91757,9.91757,9.91757,0.13134
G189E,greedy_ssm,384,1,1110010000100010,8.73081,9.44452,9.44452,9.85212,0.13134
G189E,greedy_ssm,384,1,1110010001010000,8.04019,9.52576,9.52576,9.80314,0.13134
G189E,greedy_ssm,384,1,1110010101101011,9.8906,9.8906,9.8906,9.8906,0.13134
G189E,greedy_ssm,384,1,1110010110010010,8.2016,9.40269,9.40269,9.83268,0.13134
G189E,greedy_ssm,384,1,1110010110101110,9.44127,9.71563,9.71563,10.13742,0.13134
G189E,greedy_ssm,384,1,1110010110111010,9.43691,9.64923,9.64923,9.87085,0.13134
G189E,greedy_ssm,384,1,1110011000000010,8.65271,9.28916,9.28916,9.78085,0.13134
G189E,greedy_ssm,384,1,1110011000000110,8.68121,9.28702,9.28702,9.76815,0.13134
G189E,greedy_ssm,384,1,1110011000100001,9.39977,9.70335,9.70335,9.94303,0.13134
G189E,greedy_ssm,384,1,1110011001001101,9.12528,9.79518,9.79518,9.91243,0.13134
G189E,greedy_ssm,384,1,1110011010100111,9.47613,9.79595,9.79595,9.94592,0.13134
G189E,greedy_ssm,384,1,1110011100000101,9.24549,9.68524,9.68524,9.92308,0.13134
G189E,greedy_ssm,384,1,1110011100101111,9.77549,9.87918,9.87918,10.13742,0.13134
G189E,greedy_ssm,384,1,1110011101111111,9.86117,9.87931,9.87931,9.90669,0.13134
G189E,greedy_ssm,384,1,1110011111001110,9.01794,9.75818,9.75818,10.13742,0.13134
G189E,greedy_ssm,384,1,1110100000001101,8.6179,9.3462,9.3462,9.6771,0.13134
G189E,greedy_ssm,384,1,1110100000110001,9.23964,9.59104,9.59104,9.63657,0.13134
G189E,greedy_ssm,384,1,1110100001111100,9.29798,9.59669,9.59669,9.82627,0.13134
G189E,greedy_ssm,384,1,1110100010000010,8.08211,8.90877,8.90877,9.56964,0.13134
G189E,greedy_ssm,384,1,1110100100001101,8.9967,9.41302,9.41302,9.80915,0.13134
G189E,greedy_ssm,384,1,1110100101001110,8.58754,9.37848,9.37848,9.79422,0.13134
G189E,greedy_ssm,384,1,1110100101101001,9.41834,9.73448,9.73448,9.93577,0.13134
G189E,greedy_ssm,384,1,1110100101110101,9.4762,9.7591,9.7591,9.86301,0.13134
G189E,greedy_ssm,384,1,1110100110000010,8.51411,9.25928,9.25928,9.72637,0.13134
G189E,greedy_ssm,384,1,1110100110100000,9.38781,9.57322,9.57322,9.77161,0.13134
G189E,greedy_ssm,384,1,1110100110101111,9.45189,9.72162,9.72162,10.13742,0.13134
G189E,greedy_ssm,384,1,1110100111000110,8.71668,9.49429,9.49429,9.87577,0.13134
G189E,greedy_ssm,384,1,1110100111100111,9.63689,9.87577,9.87577,9.94619,0.13134
G189E,greedy_ssm,384,1,1110101010000000,9.1801,9.3577,9.3577,9.7481,0.13134
G189E,greedy_ssm,384,1,1110101101000010,8.93757,9.55599,9.55599,9.90387,0.13134
G189E,greedy_ssm,384,1,1110101101111011,9.7059,9.84899,9.84899,9.90669,0.13134
G189E,greedy_ssm,384,1,1110101110110100,9.58047,9.75522,9.75522,9.84085,0.13134
G189E,greedy_ssm,384,1,1110101111001111,9.50741,9.75782,9.75782,9.90108,0.13134
G189E,greedy_ssm,384,1,1110101111010111,9.49914,9.69886,9.69886,9.90445,0.13134
G189E,greedy_ssm,384,1,1110110000010111,8.43042,9.1188,9.1188,9.67316,0.13134
G189E,greedy_ssm,384,1,1110110000011010,8.2953,8.87741,8.87741,9.43044,0.13134
G189E,greedy_ssm,384,1,1110110010101110,8.97907,9.35051,9.35051,9.77568,0.13134
G189E,greedy_ssm,384,1,1110110100110111,9.50853,9.69988,9.69988,9.85935,0.13134
G189E,greedy_ssm,384,1,1110110101111100,9.45274,9.71399,9.71399,9.82201,0.13134
G189E,greedy_ssm,384,1,1110110111011100,8.68444,9.60447,9.60447,9.80174,0.13134
G189E,greedy_ssm,384,1,1110111001010011,9.27574,9.61804,9.61804,9.78957,0.13134
G189E,greedy_ssm,384,1,1110111001101110,9.4211,9.60936,9.60936,9.87918,0.13134
G189E,greedy_ssm,384,1,1110111010000011,9.24618,9.41819,9.41819,9.74275,0.13134
G189E,greedy_ssm,384,1,1110111010010100,9.01715,9.31465,9.31465,9.73213,0.13134
G189E,greedy_ssm,384,1,1110111010110010,9.03701,9.39758,9.39758,9.71411,0.13134
G189E,greedy_ssm,384,1,1110111011010010,8.70194,9.39758,9.39758,9.71411,0.13134
G189E,greedy_ssm,384,1,1110111011101100,9.60293,9.75094,9.75094,9.83143,0.13134
G189E,greedy_ssm,384,1,1110111100011000,9.01285,9.52218,9.52218,9.77897,0.13134
G189E,greedy_ssm,384,1,1110111101111001,9.68635,9.84255,9.84255,9.91584,0.13134
G189E,greedy_ssm,384,1,1110111111100100,9.74163,9.85818,9.85818,9.88247,0.13134
G189E,greedy_ssm,384,1,1111000011000000,,,,,0.13134
G189E,greedy_ssm,384,1,1111000011001000,,,,,0.13134
G189E,greedy_ssm,384,1,1111000100110100,9.10591,9.61194,9.61194,9.75522,0.13134
G189E,greedy_ssm,384,1,1111000100111110,9.0087,9.54122,9.54122,9.74347,0.13134
G189E,greedy_ssm,384,1,1111000111010111,8.21394,9.45393,9.45393,9.88824,0.13134
G189E,greedy_ssm,384,1,1111001000111100,8.87484,9.49664,9.49664,9.77404,0.13134
G189E,greedy_ssm,384,1,1111001001010011,8.52326,9.48668,9.48668,9.82083,0.13134
G189E,greedy_ssm,384,1,1111001100011010,8.24653,9.34473,9.34473,9.79783,0.13134
G189E,greedy_ssm,384,1,1111001111101110,9.61127,9.75608,9.75608,9.90108,0.13134
G189E,greedy_ssm,384,1,1111001111111100,9.59622,9.7857,9.7857,9.9085,0.13134
G189E,greedy_ssm,384,1,1111010001100011,9.15087,9.70602,9.70602,9.82083,0.13134
G189E,greedy_ssm,384,1,1111010011010100,7.49973,9.20275,9.20275,9.77224,0.13134
G189E,greedy_ssm,384,1,1111010011110000,9.16477,9.5794,9.5794,9.88144,0.13134
G189E,greedy_ssm,384,1,1111010100101110,8.96192,9.54808,9.54808,9.79208,0.13134
G189E,greedy_ssm,384,1,1111010101001001,7.77079,9.2946,9.2946,9.89759,0.13134
G189E,greedy_ssm,384,1,1111010101101010,9.25875,9.60529,9.60529,9.85478,0.13134
G189E,greedy_ssm,384,1,1111010110101010,9.06014,9.48644,9.48644,9.87716,0.13134
G189E,greedy_ssm,384,1,1111011011011111,8.48179,9.53998,9.53998,9.74896,0.13134
G189E,greedy_ssm,384,1,1111011011100000,9.34169,9.74156,9.74156,9.85818,0.13134
G189E,greedy_ssm,384,1,1111011011111010,9.1588,9.57132,9.57132,9.85681,0.13134
G189E,greedy_ssm,384,1,1111011100011010,8.10744,9.43292,9.43292,9.75882,0.13134
G189E,greedy_ssm,384,1,1111100000110000,9.49168,9.66689,9.66689,9.7687,0.13134
G189E,greedy_ssm,384,1,1111100001001001,8.89681,9.52793,9.52793,9.86625,0.13134
G189E,greedy_ssm,384,1,1111100001001011,9.1201,9.63364,9.63364,10.33071,0.13134
G189E,greedy_ssm,384,1,1111100001011001,8.91752,9.69801,9.69801,9.75548,0.13134
G189E,greedy_ssm,384,1,1111100001110101,9.5768,9.67339,9.67339,9.75998,0.13134
G189E,greedy_ssm,384,1,1111100010100001,9.51709,9.64879,9.64879,9.78485,0.13134
G189E,greedy_ssm,384,1,1111100010110000,9.41295,9.58097,9.58097,9.7043,0.13134
G189E,greedy_ssm,384,1,1111100011001111,9.04168,9.6874,9.6874,10.33071,0.13134
G189E,greedy_ssm,384,1,1111100100001000,8.97472,9.63835,9.63835,9.7872,0.13134
G189E,greedy_ssm,384,1,1111100100010010,8.70138,9.46155,9.46155,9.78093,0.13134
G189E,greedy_ssm,384,1,1111100101010110,8.71388,9.54385,9.54385,9.78712,0.13134
G189E,greedy_ssm,384,1,1111100110100111,9.7846,9.81344,9.81344,10.33071,0.13134
G189E,greedy_ssm,384,1,1111100111101001,9.81363,10.33071,10.33071,10.33071,0.13134
G189E,greedy_ssm,384,1,1111100111101010,9.63116,10.33071,10.33071,10.33071,0.13134
G189E,greedy_ssm,384,1,1111101000010101,9.44128,9.61476,9.61476,9.69048,0.13134
G189E,greedy_ssm,384,1,1111101000011010,9.10606,9.48577,9.48577,9.79783,0.13134
G189E,greedy_ssm,384,1,1111101000110100,9.56928,9.74354,9.74354,9.76298,0.13134
G189E,greedy_ssm,384,1,1111101010001101,9.43492,9.61205,9.61205,9.82494,0.13134
G189E,greedy_ssm,384,1,1111101011000100,9.51145,9.66029,9.66029,9.85818,0.13134
G189E,greedy_ssm,384,1,1111101110001001,9.42295,9.67105,9.67105,9.81591,0.13134
G189E,greedy_ssm,384,1,1111101110100101,9.75997,9.82407,9.82407,9.85818,0.13134
G189E,greedy_ssm,384,1,1111110000101000,9.54388,9.65505,9.65505,9.82196,0.13134
G189E,greedy_ssm,384,1,1111110001111010,9.39227,9.63558,9.63558,9.92736,0.13134
G189E,greedy_ssm,384,1,1111110001111011,9.63558,9.79664,9.79664,9.92736,0.13134
G189E,greedy_ssm,384,1,1111110010001101,9.04275,9.51489,9.51489,9.82196,0.13134
G189E,greedy_ssm,384,1,1111110011100000,9.47938,9.76889,9.76889,9.85818,0.13134
G189E,greedy_ssm,384,1,1111110101001101,8.85137,9.54263,9.54263,9.83035,0.13134
G189E,greedy_ssm,384,1,1111110111001011,9.36282,9.87716,9.87716,10.33071,0.13134
G189E,greedy_ssm,384,1,1111110111111101,9.66933,9.76419,9.76419,9.92736,0.13134
G189E,greedy_ssm,384,1,1111111001011110,9.12452,9.61349,9.61349,9.77637,0.13134
G189E,greedy_ssm,384,1,1111111010001011,9.35362,9.59679,9.59679,9.82728,0.13134
G189E,greedy_ssm,384,1,1111111111110111,9.81429,9.81762,9.81762,9.85818,0.13134
G189E,greedy_ssm,384,1,1111111111111100,9.70646,9.82384,9.82384,9.88247,0.13134
G189E,greedy_ssm,384,2,0000000001111010,8.00297,9.57731,9.57731,9.81285,0.13134
G189E,greedy_ssm,384,2,0000000011101110,8.46251,9.71372,9.71372,9.81943,0.13134
G189E,greedy_ssm,384,2,0000000100010011,,,,,0.13134
G189E,greedy_ssm,384,2,0000000101001100,,,,,0.13134
G189E,greedy_ssm,384,2,0000001000100001,7.97119,9.7059,9.7059,9.84297,0.13134
G189E,greedy_ssm,384,2,0000001000100100,7.8067,9.70591,9.70591,9.7952,0.13134
G189E,greedy_ssm,384,2,0000001001001100,,,,,0.13134
G189E,greedy_ssm,384,2,0000001001101010,8.56307,9.73137,9.73137,9.81252,0.13134
G189E,greedy_ssm,384,2,0000001011101110,8.85559,9.78711,9.78711,9.83899,0.13134
G189E,greedy_ssm,384,2,0000001101011001,7.794,9.81181,9.81181,9.91719,0.13134
G189E,greedy_ssm,384,2,0000001110001001,,,,,0.13134
G189E,greedy_ssm,384,2,0000001111001001,7.77989,9.88858,9.88858,9.91022,0.13134
G189E,greedy_ssm,384,2,0000001111001111,7.94272,9.83899,9.83899,9.91478,0.13134
G189E,greedy_ssm,384,2,0000010000001100,,,,,0.13134
G189E,greedy_ssm,384,2,0000010000100100,,,,,0.13134
G189E,greedy_ssm,384,2,0000010000110110,7.19849,9.23948,9.23948,9.61606,0.13134
G189E,greedy_ssm,384,2,0000010001000101,,,,,0.13134
G189E,greedy_ssm,384,2,0000010001100000,8.0147,9.56439,9.56439,9.73477,0.13134
G189E,greedy_ssm,384,2,0000010001101100,7.85107,9.61877,9.61877,9.79037,0.13134
G189E,greedy_ssm,384,2,0000010010001101,,,,,0.13134
G189E,greedy_ssm,384,2,0000010010110010,7.69278,9.34696,9.34696,9.67792,0.13134
G189E,greedy_ssm,384,2,0000010010110100,7.72353,9.6852,9.6852,9.81901,0.13134
G189E,greedy_ssm,384,2,0000010110100101,8.63285,9.74145,9.74145,9.91221,0.13134
G189E,greedy_ssm,384,2,0000010110101010,8.31763,9.67269,9.67269,9.79138,0.13134
G189E,greedy_ssm,384,2,0000011001101010,8.43478,9.71118,9.71118,9.78337,0.13134
G189E,greedy_ssm,384,2,0000011001111100,8.74494,9.87009,9.87009,9.87009,0.13134
G189E,greedy_ssm,384,2,0000011010000101,,,,,0.13134
G189E,greedy_ssm,384,2,0000011010101011,8.05135,9.71091,9.71091,9.90112,0.13134
G189E,greedy_ssm,384,2,0000011010111000,8.03761,9.54335,9.54335,9.74289,0.13134
G189E,greedy_ssm,384,2,0000011100001111,,,,,0.13134
G189E,greedy_ssm,384,2,0000011110100011,9.46503,9.865,9.865,9.93348,0.13134
G189E,greedy_ssm,384,2,0000011111110000,9.55131,9.85217,9.85217,9.89498,0.13134
G189E,greedy_ssm,384,2,0000100010001000,,,,,0.13134
G189E,greedy_ssm,384,2,0000100011100101,8.69041,9.7201,9.7201,9.72151,0.13134
G189E,greedy_ssm,384,2,0000100011101100,8.83889,9.68374,9.68374,9.71931,0.13134
G189E,greedy_ssm,384,2,0000100100000010,,,,,0.13134
G189E,greedy_ssm,384,2,0000100100001010,,,,,0.13134
G189E,greedy_ssm,384,2,0000100101000010,,,,,0.13134
G189E,greedy_ssm,384,2,0000100110101011,8.59429,9.8565,9.81108,9.83244,0.13134
G189E,greedy_ssm,384,2,0000101001011010,7.53953,9.43705,9.43705,9.62568,0.13134
G189E,greedy_ssm,384,2,0000101001110000,8.82035,9.71121,9.71121,9.80923,0.13134
G189E,greedy_ssm,384,2,0000101001111101,8.98908,9.67782,9.67782,9.74577,0.13134
G189E,greedy_ssm,384,2,0000101010010011,,,,,0.13134
G189E,greedy_ssm,384,2,0000101010110011,8.37004,9.64575,9.64575,9.78687,0.13134
G189E,greedy_ssm,384,2,0000101011010110,7.59073,9.3922,9.3922,9.61551,0.13134
G189E,greedy_ssm,384,2,0000101100001011,,,,,0.13134
G189E,greedy_ssm,384,2,0000101100011001,,,,,0.13134
G189E,greedy_ssm,384,2,0000101110010100,,,,,0.13134
G189E,greedy_ssm,384,2,0000101111100000,9.60677,9.84324,9.84324,9.83303,0.13134
G189E,greedy_ssm,384,2,0000101111100101,9.65494,9.85033,9.85033,9.81969,0.13134
G189E,greedy_ssm,384,2,0000101111110111,9.61551,9.84944,9.84944,9.83089,0.13134
G189E,greedy_ssm,384,2,0000110001000111,,,,,0.13134
G189E,greedy_ssm,384,2,0000110001111101,8.7592,9.6309,9.6309,9.67356,0.13134
G189E,greedy_ssm,384,2,0000110010111011,7.55327,9.62319,9.62319,9.76367,0.13134
G189E,greedy_ssm,384,2,0000110100010010,,,,,0.13134
G189E,greedy_ssm,384,2,0000110100111110,8.09294,9.56771,9.56771,9.68606,0.13134
G189E,greedy_ssm,384,2,0000110101010101,7.409,9.67179,9.67179,9.68738,0.13134
G189E,greedy_ssm,384,2,0000111010001011,,,,,0.13134
G189E,greedy_ssm,384,2,0000111010010101,,,,,0.13134
G189E,greedy_ssm,384,2,0000111010011101,,,,,0.13134
G189E,greedy_ssm,384,2,0000111011000001,7.87956,9.68529,9.68529,9.71899,0.13134
G189E,greedy_ssm,384,2,0000111100001111,,,,,0.13134
G189E,greedy_ssm,384,2,0000111100011100,,,,,0.13134
G189E,greedy_ssm,384,2,0000111100100010,8.52939,9.66215,9.66215,9.68931,0.13134
G189E,greedy_ssm,384,2,0000111101010100,8.21118,9.66094,9.66094,9.6979,0.13134
G189E,greedy_ssm,384,2,0000111101011001,8.39617,9.71158,9.71158,9.77387,0.13134
G189E,greedy_ssm,384,2,0001000000011101,,,,,0.13134
G189E,greedy_ssm,384,2,0001000001101111,8.02525,9.74208,9.74208,9.77037,0.13134
G189E,greedy_ssm,384,2,0001000100011011,,,,,0.13134
G189E,greedy_ssm,384,2,0001000110000110,,,,,0.13134
G189E,greedy_ssm,384,2,0001000110001000,,,,,0.13134
G189E,greedy_ssm,384,2,0001000110001111,,,,,0.13134
G189E,greedy_ssm,384,2,0001000110011111,,,,,0.13134
G189E,greedy_ssm,384,2,0001000111001010,,,,,0.13134
G189E,greedy_ssm,384,2,0001000111111111,9.30084,9.91635,9.91635,9.89129,0.13134
G189E,greedy_ssm,384,2,0001001001011110,,,,,0.13134
G189E,greedy_ssm,384,2,0001001011011010,,,,,0.13134
G189E,greedy_ssm,384,2,0001001011110100,8.36816,9.65705,9.65705,9.72046,0.13134
G189E,greedy_ssm,384,2,0001001100000000,,,,,0.13134
G189E,greedy_ssm,384,2,0001001100011011,,,,,0.13134
G189E,greedy_ssm,384,2,0001001101100000,9.05007,9.82773,9.82773,9.7903,0.13134
G189E,greedy_ssm,384,2,0001010001100100,,,,,0.13134
G189E,greedy_ssm,384,2,0001010010000100,,,,,0.13134
G189E,greedy_ssm,384,2,0001010010001110,,,,,0.13134
G189E,greedy_ssm,384,2,0001010100001010,,,,,0.13134
G189E,greedy_ssm,384,2,0001010110100011,8.15799,9.73041,9.73041,9.81902,0.13134
G189E,greedy_ssm,384,2,0001010111100111,9.14227,9.90027,9.90027,9.82091,0.13134
G189E,greedy_ssm,384,2,0001011000010110,,,,,0.13134
G189E,greedy_ssm,384,2,0001011000100011,6.91098,9.66215,9.66215,9.80416,0.13134
G189E,greedy_ssm,384,2,0001011011000010,,,,,0.13134
G189E,greedy_ssm,384,2,0001011011011110,,,,,0.13134
G189E,greedy_ssm,384,2,0001011100000011,,,,,0.13134
G189E,greedy_ssm,384,2,0001011100010100,,,,,0.13134
G189E,greedy_ssm,384,2,0001011111001110,,,,,0.13134
G189E,greedy_ssm,384,2,0001011111010011,8.50656,9.76545,9.76545,9.80413,0.13134
G189E,greedy_ssm,384,2,0001011111110011,9.35889,9.87606,9.87606,9.84905,0.13134
G189E,greedy_ssm,384,2,0001100001000110,7.16976,9.5356,9.5356,9.75288,0.13134
G189E,greedy_ssm,384,2,0001100010110100,9.09454,9.63022,9.63022,9.72679,0.13134
G189E,greedy_ssm,384,2,0001100011001010,7.59379,9.62054,9.62054,9.81108,0.13134
G189E,greedy_ssm,384,2,0001100011111011,9.63347,9.83342,9.83342,9.83342,0.13134
G189E,greedy_ssm,384,2,0001100110000011,7.49278,9.69969,9.69969,9.7939,0.13134
G189E,greedy_ssm,384,2,0001100111001010,8.20165,9.91739,9.91739,9.91739,0.13134
G189E,greedy_ssm,384,2,0001100111100110,9.51767,9.83303,9.83303,9.82091,0.13134
G189E,greedy_ssm,384,2,0001101001000000,8.68136,9.6989,9.6989,9.71755,0.13134
G189E,greedy_ssm,384,2,0001101100010110,8.00675,9.6347,9.6347,9.77267,0.13134
G189E,greedy_ssm,384,2,0001101110011000,7.75869,9.75458,9.75458,9.76734,0.13134
G189E,greedy_ssm,384,2,0001101111010111,9.27043,9.81698,9.81698,9.83089,0.13134
G189E,greedy_ssm,384,2,0001101111110011,9.78687,9.8177,9.8177,9.84905,0.13134
G189E,greedy_ssm,384,2,0001110000101011,9.17866,9.80416,9.80416,9.73376,0.13134
G189E,greedy_ssm,384,2,0001110000111011,9.17622,9.66363,9.66363,9.76778,0.13134
G189E,greedy_ssm,384,2,0001110001011111,7.58306,9.66717,9.66717,9.78694,0.13134
G189E,greedy_ssm,384,2,0001110100100100,9.24548,9.77775,9.77775,9.79925,0.13134
G189E,greedy_ssm,384,2,0001110101000000,8.11211,9.7342,9.7342,9.77288,0.13134
G189E,greedy_ssm,384,2,0001110101001110,7.88448,9.74106,9.74106,9.82091,0.13134
G189E,greedy_ssm,384,2,0001110101100101,9.65512,9.836,9.836,9.836,0.13134
G189E,greedy_ssm,384,2,0001110110010100,,,,,0.13134
G189E,greedy_ssm,384,2,0001110111000110,8.13439,9.77569,9.77569,9.82091,0.13134
G189E,greedy_ssm,384,2,0001110111001100,8.23216,9.8748,9.8748,9.8748,0.13134
G189E,greedy_ssm,384,2,0001111000001101,8.21417,9.62383,9.62383,9.72142,0.13134
G189E,greedy_ssm,384,2,0001111001001101,8.82453,9.72142,9.72142,9.83591,0.13134
G189E,greedy_ssm,384,2,0001111001010100,8.76359,9.66609,9.66609,9.91681,0.13134
G189E,greedy_ssm,384,2,0001111010010100,8.01767,9.5048,9.5048,9.61753,0.13134
G189E,greedy_ssm,384,2,0001111100001100,8.0269,9.69585,9.69585,9.77827,0.13134
G189E,greedy_ssm,384,2,0001111100010111,8.18691,9.78411,9.78411,9.78411,0.13134
G189E,greedy_ssm,384,2,0001111100101111,9.64036,9.84274,9.84274,9.90112,0.13134
G189E,greedy_ssm,384,2,0001111101000111,9.25976,9.81609,9.81609,9.84714,0.13134
G189E,greedy_ssm,384,2,0001111101101011,9.75337,9.85008,9.85008,9.85008,0.13134
G189E,greedy_ssm,384,2,0001111101110001,9.72452,9.79285,9.79285,9.78411,0.13134
G189E,greedy_ssm,384,2,0010000001101011,9.55884,9.89492,9.89492,10.30565,0.13134
G189E,greedy_ssm,384,2,0010000011101000,9.32829,9.82375,9.82375,9.88858,0.13134
G189E,greedy_ssm,384,2,0010000011101111,9.69856,9.91681,9.91681,9.91681,0.13134
G189E,greedy_ssm,384,2,0010000100001001,8.44127,9.70777,9.70777,9.77782,0.13134
G189E,greedy_ssm,384,2,0010000100110011,9.698,9.85443,9.85443,9.78592,0.13134
G189E,greedy_ssm,384,2,0010000111101100,9.72324,9.91022,9.91022,9.93831,0.13134
G189E,greedy_ssm,384,2,0010001000001110,8.42831,9.52428,9.52428,9.49246,0.13134
G189E,greedy_ssm,384,2,0010001001101101,9.69303,9.91022,9.91022,9.93831,0.13134
G189E,greedy_ssm,384,2,0010001010110100,9.29045,9.82065,9.82065,9.85165,0.13134
G189E,greedy_ssm,384,2,0010001101100000,9.82773,9.89927,9.89927,9.89927,0.13134
G189E,greedy_ssm,384,2,0010001110001111,9.11793,9.83899,9.83899,9.91478,0.13134
G189E,greedy_ssm,384,2,0010001110010111,9.2228,9.85443,9.85443,9.89812,0.13134
G189E,greedy_ssm,384,2,0010001110101001,9.76792,9.91022,9.91022,9.93831,0.13134
G189E,greedy_ssm,384,2,0010001111101110,9.65821,9.91478,9.91478,9.94356,0.13134
G189E,greedy_ssm,384,2,0010010010100011,8.9947,9.79039,9.79039,10.30565,0.13134
G189E,greedy_ssm,384,2,0010010010101110,8.52384,9.64326,9.64326,9.81776,0.13134
G189E,greedy_ssm,384,2,0010010011011001,7.94992,9.74993,9.74993,9.8282,0.13134
G189E,greedy_ssm,384,2,0010010100011010,7.66937,9.59531,9.59531,9.66822,0.13134
G189E,greedy_ssm,384,2,0010010100111100,9.57107,9.87009,9.87009,9.87009,0.13134
G189E,greedy_ssm,384,2,0010010101011101,8.17388,9.81066,9.81066,9.85713,0.13134
G189E,greedy_ssm,384,2,0010010110010111,8.22824,9.77952,9.77952,9.90027,0.13134
G189E,greedy_ssm,384,2,0010010111011000,8.1623,9.74993,9.74993,9.8282,0.13134
G189E,greedy_ssm,384,2,0010011001000111,8.74567,9.86384,9.86384,9.89296,0.13134
G189E,greedy_ssm,384,2,0010011001010001,8.69238,9.88371,9.88371,9.88371,0.13134
G189E,greedy_ssm,384,2,0010011011110011,9.68195,9.89812,9.89812,9.9102,0.13134
G189E,greedy_ssm,384,2,0010011111101110,9.7341,9.90428,9.90428,9.97272,0.13134
G189E,greedy_ssm,384,2,0010100011111001,9.25494,9.76696,9.76696,9.8061,0.13134
G189E,greedy_ssm,384,2,0010100100001000,8.23816,9.52071,9.52071,9.65892,0.13134
G189E,greedy_ssm,384,2,0010100101111010,9.33506,9.81285,9.81285,9.91719,0.13134
G189E,greedy_ssm,384,2,0010101000010000,9.05018,9.54031,9.54031,9.66453,0.13134
G189E,greedy_ssm,384,2,0010101101010100,9.05534,9.80903,9.80903,9.80903,0.13134
G189E,greedy_ssm,384,2,0010101110011010,8.65178,9.61333,9.61333,9.74043,0.13134
G189E,greedy_ssm,384,2,0010101110111010,9.40848,9.75458,9.75458,9.85443,0.13134
G189E,greedy_ssm,384,2,0010101111001001,9.18255,9.88858,9.88858,9.91022,0.13134
G189E,greedy_ssm,384,2,0010101111101011,9.73534,9.9228,9.9228,9.9228,0.13134
G189E,greedy_ssm,384,2,0010110000110101,9.01393,9.6365,9.6365,9.72779,0.13134
G189E,greedy_ssm,384,2,0010110001100100,9.13344,9.67665,9.67665,9.79925,0.13134
G189E,greedy_ssm,384,2,0010110010010010,7.93534,9.20145,9.20145,9.37646,0.13134
G189E,greedy_ssm,384,2,0010110101011010,7.92051,9.64716,9.64716,9.78592,0.13134
G189E,greedy_ssm,384,2,0010111000011111,9.04047,9.58353,9.58353,9.74785,0.13134
G189E,greedy_ssm,384,2,0010111010101010,8.9424,9.67755,9.67755,9.7773,0.13134
G189E,greedy_ssm,384,2,0010111011101011,9.59539,9.90112,9.90112,9.80556,0.13134
G189E,greedy_ssm,384,2,0010111011110010,9.30041,9.68195,9.68195,9.80216,0.13134
G189E,greedy_ssm,384,2,0010111100001111,9.12468,9.81684,9.81684,9.81684,0.13134
G189E,greedy_ssm,384,2,0010111100010000,8.82994,9.64752,9.64752,9.68931,0.13134
G189E,greedy_ssm,384,2,0010111101110011,9.7307,9.88371,9.88371,9.88371,0.13134
G189E,greedy_ssm,384,2,0010111111010100,9.27289,9.85165,9.85165,9.85165,0.13134
G189E,greedy_ssm,384,2,0010111111101110,9.64956,9.85882,9.85882,9.90428,0.13134
G189E,greedy_ssm,384,2,0011000000011001,,,,,0.13134
G189E,greedy_ssm,384,2,0011000011010100,,,,,0.13134
G189E,greedy_ssm,384,2,0011000100101010,8.62882,9.72575,9.72575,9.79963,0.13134
G189E,greedy_ssm,384,2,0011000101110010,9.01302,9.74468,9.74468,9.84285,0.13134
G189E,greedy_ssm,384,2,0011000110000100,7.50593,9.54807,9.54807,9.7336,0.13134
G189E,greedy_ssm,384,2,0011000110011011,7.59596,9.66181,9.66181,9.78769,0.13134
G189E,greedy_ssm,384,2,0011000110011111,7.67761,9.70354,9.70354,9.75449,0.13134
G189E,greedy_ssm,384,2,0011001000000100,8.0237,9.5102,9.5102,9.67214,0.13134
G189E,greedy_ssm,384,2,0011001000110011,8.63059,9.726,9.726,9.83168,0.13134
G189E,greedy_ssm,384,2,0011001001010100,7.73727,9.58298,9.58298,9.76539,0.13134
G189E,greedy_ssm,384,2,0011001001110011,9.19335,9.84285,9.84285,9.77131,0.13134
G189E,greedy_ssm,384,2,0011001011011000,7.96953,9.54792,9.54792,9.68158,0.13134
G189E,greedy_ssm,384,2,0011001011011001,8.10809,9.68158,9.68158,9.78361,0.13134
G189E,greedy_ssm,384,2,0011001100000001,8.24641,9.71737,9.71737,9.7903,0.13134
G189E,greedy_ssm,384,2,0011001100010100,8.10232,9.69542,9.69542,9.76539,0.13134
G189E,greedy_ssm,384,2,0011001101100000,9.63589,9.89927,9.89927,9.89927,0.13134
G189E,greedy_ssm,384,2,0011001101110001,9.61603,9.88371,9.88371,9.88371,0.13134
G189E,greedy_ssm,384,2,0011001111011110,7.98285,9.67067,9.67067,9.86169,0.13134
G189E,greedy_ssm,384,2,0011001111100110,9.50987,9.87606,9.87606,9.94356,0.13134
G189E,greedy_ssm,384,2,0011010000101100,7.82596,9.65336,9.65336,9.65336,0.13134
G189E,greedy_ssm,384,2,0011010000111000,8.2126,9.51698,9.51698,9.62039,0.13134
G189E,greedy_ssm,384,2,0011010001000100,,,,,0.13134
G189E,greedy_ssm,384,2,0011010011111000,8.9044,9.64569,9.64569,9.75457,0.13134
G189E,greedy_ssm,384,2,0011010100100101,8.78599,9.78205,9.78205,9.836,0.13134
G189E,greedy_ssm,384,2,0011010101101000,8.87163,9.75833,9.75833,9.83308,0.13134
G189E,greedy_ssm,384,2,0011010110010010,,,,,0.13134
G189E,greedy_ssm,384,2,0011010111000000,,,,,0.13134
G189E,greedy_ssm,384,2,0011010111011011,7.99182,9.80542,9.80542,9.91917,0.13134
G189E,greedy_ssm,384,2,0011011000100111,8.61067,9.80205,9.80205,9.81323,0.13134
G189E,greedy_ssm,384,2,0011011010010011,8.091,9.62986,9.62986,9.71951,0.13134
G189E,greedy_ssm,384,2,0011011010111101,8.98119,9.70844,9.70844,9.69321,0.13134
G189E,greedy_ssm,384,2,0011011011111011,9.32367,9.8487,9.8487,9.90428,0.13134
G189E,greedy_ssm,384,2,0011011110100011,9.54339,9.9015,9.9015,9.93348,0.13134
G189E,greedy_ssm,384,2,0011011111011101,8.58666,9.83048,9.83048,9.90428,0.13134
G189E,greedy_ssm,384,2,0011011111111101,9.68405,9.90428,9.90428,9.90428,0.13134
G189E,greedy_ssm,384,2,0011100000000001,8.76593,9.74127,9.74127,9.74127,0.13134
G189E,greedy_ssm,384,2,0011100000111011,9.48983,9.83168,9.83168,9.83168,0.13134
G189E,greedy_ssm,384,2,0011100000111101,9.39087,9.72746,9.72746,9.82242,0.13134
G189E,greedy_ssm,384,2,0011100010001011,9.08598,9.68542,9.68542,9.82039,0.13134
G189E,greedy_ssm,384,2,0011100100010011,8.94694,9.7281,9.7281,9.73845,0.13134
G189E,greedy_ssm,384,2,0011100100011101,8.68919,9.7018,9.7018,9.8061,0.13134
G189E,greedy_ssm,384,2,0011100101010010,8.23324,9.66407,9.66407,9.76393,0.13134
G189E,greedy_ssm,384,2,0011100101010101,8.64562,9.78516,9.78516,9.80903,0.13134
G189E,greedy_ssm,384,2,0011100101011010,8.23016,9.78518,9.78518,9.83342,0.13134
G189E,greedy_ssm,384,2,0011100110010010,8.34747,9.67624,9.67624,9.76393,0.13134
G189E,greedy_ssm,384,2,0011100111100111,9.75572,9.84498,9.84498,9.83605,0.13134
G189E,greedy_ssm,384,2,0011101000101010,9.411,9.77487,9.77487,9.83168,0.13134
G189E,greedy_ssm,384,2,0011101001111100,9.55671,9.76539,9.76539,9.78516,0.13134
G189E,greedy_ssm,384,2,0011101100001100,9.30774,9.79547,9.79547,9.83673,0.13134
G189E,greedy_ssm,384,2,0011101101011000,9.01992,9.72971,9.72971,9.80262,0.13134
G189E,greedy_ssm,384,2,0011101101110111,9.73132,9.82261,9.82261,9.82078,0.13134
G189E,greedy_ssm,384,2,0011110001000100,7.97659,9.64832,9.64832,9.79925,0.13134
G189E,greedy_ssm,384,2,0011110001000111,8.6636,9.75785,9.75785,9.81022,0.13134
G189E,greedy_ssm,384,2,0011110001010100,8.31126,9.59549,9.59549,9.67144,0.13134
G189E,greedy_ssm,384,2,0011110001101110,9.42409,9.70067,9.70067,9.79013,0.13134
G189E,greedy_ssm,384,2,0011110010000001,8.69184,9.62734,9.62734,9.76224,0.13134
G189E,greedy_ssm,384,2,0011110010101010,9.11697,9.76327,9.76327,9.7773,0.13134
G189E,greedy_ssm,384,2,0011110011100000,9.50004,9.77,9.77,9.83086,0.13134
G189E,greedy_ssm,384,2,0011110011110100,9.58533,9.72016,9.72016,9.75223,0.13134
G189E,greedy_ssm,384,2,0011110100000111,8.91803,9.80205,9.80205,9.81323,0.13134
G189E,greedy_ssm,384,2,0011110100010111,8.62838,9.71933,9.71933,9.72648,0.13134
G189E,greedy_ssm,384,2,0011110101111010,9.37228,9.80542,9.80542,9.91917,0.13134
G189E,greedy_ssm,384,2,0011110110010110,8.24977,9.60642,9.60642,9.72403,0.13134
G189E,greedy_ssm,384,2,0011110111101001,9.60795,9.8748,9.8748,9.86729,0.13134
G189E,greedy_ssm,384,2,0011111010010100,9.25807,9.61753,9.61753,9.72865,0.13134
G189E,greedy_ssm,384,2,0011111010100100,9.50654,9.80233,9.80233,9.80463,0.13134
G189E,greedy_ssm,384,2,0011111011100101,9.69257,9.836,9.836,9.84041,0.13134
G189E,greedy_ssm,384,2,0011111011111101,9.67906,9.82567,9.82567,9.83591,0.13134
G189E,greedy_ssm,384,2,0011111100111000,9.54281,9.75535,9.75535,9.76734,0.13134
G189E,greedy_ssm,384,2,0011111110110001,9.71402,9.81923,9.81923,9.85547,0.13134
G189E,greedy_ssm,384,2,0011111110110010,9.46555,9.77589,9.77589,9.7933,0.13134
G189E,greedy_ssm,384,2,0011111111011001,9.36175,9.78096,9.78096,9.86729,0.13134
G189E,greedy_ssm,384,2,0011111111111000,9.69077,9.78096,9.78096,9.86729,0.13134
G189E,greedy_ssm,384,2,0100000000000101,,,,,0.13134
G189E,greedy_ssm,384,2,0100000000010011,,,,,0.13134
G189E,greedy_ssm,384,2,0100000000101010,7.76559,9.4477,9.4477,9.7543,0.13134
G189E,greedy_ssm,384,2,0100000010111011,8.3747,9.76042,9.76042,9.88866,0.13134
G189E,greedy_ssm,384,2,0100000101101110,9.30665,9.8158,9.8158,9.91681,0.13134
G189E,greedy_ssm,384,2,0100000101111110,9.28154,9.82319,9.82319,9.84101,0.13134
G189E,greedy_ssm,384,2,0100000110111101,8.97114,9.80662,9.80662,9.90463,0.13134
G189E,greedy_ssm,384,2,0100000111101011,9.76408,10.32032,10.32032,10.32032,0.13134
G189E,greedy_ssm,384,2,0100000111110110,9.32863,9.80286,9.80286,10.0751,0.13134
G189E,greedy_ssm,384,2,0100001001100011,9.08673,9.91885,9.91885,9.91885,0.13134
G189E,greedy_ssm,384,2,0100001010010111,7.57021,9.5193,9.5193,9.71897,0.13134
G189E,greedy_ssm,384,2,0100001011101000,9.14703,9.80165,9.80165,9.89705,0.13134
G189E,greedy_ssm,384,2,0100001100000011,7.75776,9.73672,9.73672,9.91885,0.13134
G189E,greedy_ssm,384,2,0100001100001110,,,,,0.13134
G189E,greedy_ssm,384,2,0100001100010100,,,,,0.13134
G189E,greedy_ssm,384,2,0100001100011101,7.76871,9.80258,9.80258,9.81989,0.13134
G189E,greedy_ssm,384,2,0100001101110110,9.47846,9.81898,9.81898,9.84839,0.13134
G189E,greedy_ssm,384,2,0100001110101111,9.51276,9.91478,9.91478,9.94356,0.13134
G189E,greedy_ssm,384,2,0100001111011010,7.95265,9.74588,9.74588,9.89133,0.13134
G189E,greedy_ssm,384,2,0100010000010110,,,,,0.13134
G189E,greedy_ssm,384,2,0100010000100001,8.09421,9.61716,9.61716,9.69677,0.13134
G189E,greedy_ssm,384,2,0100010100010011,,,,,0.13134
G189E,greedy_ssm,384,2,0100010100010111,,,,,0.13134
G189E,greedy_ssm,384,2,0100010111000110,,,,,0.13134
G189E,greedy_ssm,384,2,0100010111101111,9.75101,10.13742,10.13742,10.13742,0.13134
G189E,greedy_ssm,384,2,0100011000101010,8.0692,9.59774,9.59774,9.72442,0.13134
G189E,greedy_ssm,384,2,0100011000110010,8.09997,9.51844,9.51844,9.69041,0.13134
G189E,greedy_ssm,384,2,0100011001101010,8.67206,9.75616,9.75616,9.90307,0.13134
G189E,greedy_ssm,384,2,0100011001110100,9.01049,9.79979,9.79979,9.85386,0.13134
G189E,greedy_ssm,384,2,0100011010010001,7.35278,9.4408,9.4408,9.67589,0.13134
G189E,greedy_ssm,384,2,0100011100001010,,,,,0.13134
G189E,greedy_ssm,384,2,0100011100100000,9.27392,9.78601,9.78601,9.81995,0.13134
G189E,greedy_ssm,384,2,0100011111011111,8.34726,9.87793,9.87793,9.90428,0.13134
G189E,greedy_ssm,384,2,0100100010000010,,,,,0.13134
G189E,greedy_ssm,384,2,0100100010010111,,,,,0.13134
G189E,greedy_ssm,384,2,0100100101011100,7.53803,9.66174,9.66174,9.6671,0.13134
G189E,greedy_ssm,384,2,0100100111011001,7.78093,9.73405,9.73405,9.74414,0.13134
G189E,greedy_ssm,384,2,0100101000011000,,,,,0.13134
G189E,greedy_ssm,384,2,0100101000111110,8.36765,9.46399,9.46399,9.70699,0.13134
G189E,greedy_ssm,384,2,0100101001100111,9.07716,9.74635,9.74635,9.82234,0.13134
G189E,greedy_ssm,384,2,0100101010110010,8.02902,9.43361,9.43361,9.65283,0.13134
G189E,greedy_ssm,384,2,0100101011000011,8.26608,9.68038,9.68038,9.8177,0.13134
G189E,greedy_ssm,384,2,0100101011110101,9.24096,9.7505,9.7505,9.79229,0.13134
G189E,greedy_ssm,384,2,0100101011111110,8.92528,9.69315,9.69315,9.75282,0.13134
G189E,greedy_ssm,384,2,0100101100011111,,,,,0.13134
G189E,greedy_ssm,384,2,0100101101111100,9.51942,9.83071,9.83071,9.88652,0.13134
G189E,greedy_ssm,384,2,0100110001001111,,,,,0.13134
G189E,greedy_ssm,384,2,0100110001111111,8.97614,9.69751,9.69751,9.73376,0.13134
G189E,greedy_ssm,384,2,0100110011100110,8.86162,9.66501,9.66501,9.75887,0.13134
G189E,greedy_ssm,384,2,0100110100100001,8.57243,9.7001,9.7001,9.79267,0.13134
G189E,greedy_ssm,384,2,0100110101100000,9.40597,9.76075,9.76075,9.76786,0.13134
G189E,greedy_ssm,384,2,0100110101110011,9.51259,9.83044,9.83044,9.83044,0.13134
G189E,greedy_ssm,384,2,0100110110110010,8.50108,9.6554,9.6554,9.83044,0.13134
G189E,greedy_ssm,384,2,0100111000111100,8.65374,9.57516,9.57516,9.69772,0.13134
G189E,greedy_ssm,384,2,0100111010100110,7.82202,9.53609,9.53609,9.69135,0.13134
G189E,greedy_ssm,384,2,0100111011001001,8.38095,9.6863,9.6863,9.81906,0.13134
G189E,greedy_ssm,384,2,0100111011001100,8.16133,9.71433,9.71433,9.73359,0.13134
G189E,greedy_ssm,384,2,0100111101011000,8.42619,9.65358,9.65358,9.8144,0.13134
G189E,greedy_ssm,384,2,0100111101101110,9.47237,9.84274,9.84274,9.88808,0.13134
G189E,greedy_ssm,384,2,0101000000011011,,,,,0.13134
G189E,greedy_ssm,384,2,0101000010000101,,,,,0.13134
G189E,greedy_ssm,384,2,0101000010011000,,,,,0.13134
G189E,greedy_ssm,384,2,0101000011000101,,,,,0.13134
G189E,greedy_ssm,384,2,0101000100000100,,,,,0.13134
G189E,greedy_ssm,384,2,0101000100010101,,,,,0.13134
G189E,greedy_ssm,384,2,0101000111000011,,,,,0.13134
G189E,greedy_ssm,384,2,0101001001101100,8.3556,9.78032,9.78032,9.79164,0.13134
G189E,greedy_ssm,384,2,0101001101010100,7.98962,9.69072,9.69072,9.75666,0.13134
G189E,greedy_ssm,384,2,0101001111010101,7.53034,9.6917,9.6917,9.81698,0.13134
G189E,greedy_ssm,384,2,0101010000111001,7.73021,9.61975,9.61975,9.72969,0.13134
G189E,greedy_ssm,384,2,0101010001111000,8.33505,9.61062,9.61062,9.68599,0.13134
G189E,greedy_ssm,384,2,0101010010010010,,,,,0.13134
G189E,greedy_ssm,384,2,0101010011100100,8.05665,9.70517,9.70517,9.70517,0.13134
G189E,greedy_ssm,384,2,0101010100110011,8.3072,9.74157,9.74157,9.83044,0.13134
G189E,greedy_ssm,384,2,0101010101100010,8.65073,9.73538,9.73538,9.81955,0.13134
G189E,greedy_ssm,384,2,0101010110011110,,,,,0.13134
G189E,greedy_ssm,384,2,0101010110110100,8.25501,9.74043,9.74043,9.74043,0.13134
G189E,greedy_ssm,384,2,0101010110111111,8.60512,9.76692,9.76692,9.8154,0.13134
G189E,greedy_ssm,384,2,0101010111001011,,,,,0.13134
G189E,greedy_ssm,384,2,0101011000010001,,,,,0.13134
G189E,greedy_ssm,384,2,0101011000011000,,,,,0.13134
G189E,greedy_ssm,384,2,0101011000101111,7.52092,9.63075,9.63075,9.84274,0.13134
G189E,greedy_ssm,384,2,0101011010011010,,,,,0.13134
G189E,greedy_ssm,384,2,0101011010101101,7.84569,9.67043,9.67043,9.7503,0.13134
G189E,greedy_ssm,384,2,0101011010111001,8.03836,9.67394,9.67394,9.78426,0.13134
G189E,greedy_ssm,384,2,0101011011011100,,,,,0.13134
G189E,greedy_ssm,384,2,0101011101110101,9.414,9.85386,9.85386,9.81458,0.13134
G189E,greedy_ssm,384,2,0101011110000001,,,,,0.13134
G189E,greedy_ssm,384,2,0101011110001001,,,,,0.13134
G189E,greedy_ssm,384,2,0101011110110010,8.94514,9.72657,9.72657,9.80413,0.13134
G189E,greedy_ssm,384,2,0101011111000011,7.42327,9.84905,9.84905,9.89254,0.13134
G189E,greedy_ssm,384,2,0101100000100101,9.43298,9.74127,9.74127,9.71086,0.13134
G189E,greedy_ssm,384,2,0101100010010000,7.41519,9.56501,9.56501,9.78454,0.13134
G189E,greedy_ssm,384,2,0101101010101111,9.35947,9.84436,9.84436,9.90108,0.13134
G189E,greedy_ssm,384,2,0101101011000011,9.11752,9.8177,9.8177,9.84905,0.13134
G189E,greedy_ssm,384,2,0101101011010001,9.08358,9.69053,9.69053,9.79855,0.13134
G189E,greedy_ssm,384,2,0101101011010010,8.56931,9.65775,9.65775,9.79855,0.13134
G189E,greedy_ssm,384,2,0101101100010000,8.21952,9.69012,9.69012,9.69012,0.13134
G189E,greedy_ssm,384,2,0101101110100111,9.68436,9.84714,9.84714,9.84905,0.13134
G189E,greedy_ssm,384,2,0101101111110001,9.69053,9.82272,9.82272,9.84905,0.13134
G189E,greedy_ssm,384,2,0101101111111011,9.79437,9.85044,9.85044,9.90108,0.13134
G189E,greedy_ssm,384,2,0101110010001100,7.57612,9.59016,9.59016,9.66598,0.13134
G189E,greedy_ssm,384,2,0101110011101010,9.48167,9.91739,9.91739,9.76991,0.13134
G189E,greedy_ssm,384,2,0101110110000001,7.52088,9.79267,9.79267,9.82272,0.13134
G189E,greedy_ssm,384,2,0101110110101000,9.40227,9.87346,9.87346,9.91739,0.13134
G189E,greedy_ssm,384,2,0101110110101110,9.32083,9.80082,9.80082,9.79248,0.13134
G189E,greedy_ssm,384,2,0101110110111110,9.3989,9.76692,9.76692,9.8154,0.13134
G189E,greedy_ssm,384,2,0101110111001000,8.39272,9.87346,9.87346,9.91739,0.13134
G189E,greedy_ssm,384,2,0101111010001111,8.77994,9.69485,9.69485,9.83927,0.13134
G189E,greedy_ssm,384,2,0101111011000110,8.66087,9.71541,9.71541,9.84714,0.13134
G189E,greedy_ssm,384,2,0101111011110010,9.3351,9.80413,9.80413,9.84905,0.13134
G189E,greedy_ssm,384,2,0101111011111100,9.54727,9.73359,9.73359,9.77827,0.13134
G189E,greedy_ssm,384,2,0101111100010010,7.6933,9.67704,9.67704,9.75889,0.13134
G189E,greedy_ssm,384,2,0101111100101000,9.5052,9.76075,9.76075,9.76786,0.13134
G189E,greedy_ssm,384,2,0101111100101011,9.64627,9.85008,9.85008,9.85008,0.13134
G189E,greedy_ssm,384,2,0101111110000011,8.48401,9.9015,9.9015,9.9015,0.13134
G189E,greedy_ssm,384,2,0101111110011101,8.1154,9.72694,9.72694,9.80967,0.13134
G189E,greedy_ssm,384,2,0101111110111011,9.7462,9.85008,9.85008,9.85008,0.13134
G189E,greedy_ssm,384,2,0110000001010010,8.11372,9.68726,9.68726,9.77868,0.13134
G189E,greedy_ssm,384,2,0110000001101001,9.56755,9.86459,9.86459,9.91584,0.13134
G189E,greedy_ssm,384,2,0110000001110110,9.38078,9.82521,9.82521,9.86019,0.13134
G189E,greedy_ssm,384,2,0110000010011011,8.81699,9.76042,9.76042,9.88866,0.13134
G189E,greedy_ssm,384,2,0110000011011001,8.56897,9.79056,9.79056,9.89627,0.13134
G189E,greedy_ssm,384,2,0110000011111011,9.68303,10.09513,10.09513,10.09513,0.13134
G189E,greedy_ssm,384,2,0110000100100111,9.71172,9.86019,9.86019,9.86019,0.13134
G189E,greedy_ssm,384,2,0110000100101111,9.64908,9.91681,9.91681,9.91681,0.13134
G189E,greedy_ssm,384,2,0110000101110111,9.82521,9.86687,9.86687,9.89254,0.13134
G189E,greedy_ssm,384,2,0110000110000010,8.38709,9.74362,9.74362,10.32032,0.13134
G189E,greedy_ssm,384,2,0110001000010011,9.35519,9.78268,9.78268,9.84196,0.13134
G189E,greedy_ssm,384,2,0110001000011111,9.3818,9.73036,9.73036,9.8159,0.13134
G189E,greedy_ssm,384,2,0110001000110101,9.47317,9.84839,9.84839,9.85386,0.13134
G189E,greedy_ssm,384,2,0110001001010000,9.05401,9.83904,9.83904,9.89927,0.13134
G189E,greedy_ssm,384,2,0110001100000011,9.42911,9.91885,9.91885,9.91885,0.13134
G189E,greedy_ssm,384,2,0110001100111110,9.57123,9.83071,9.83071,9.88652,0.13134
G189E,greedy_ssm,384,2,0110001110101001,9.72638,9.9742,9.9742,9.9742,0.13134
G189E,greedy_ssm,384,2,0110001111010001,9.52654,9.89627,9.89627,9.89705,0.13134
G189E,greedy_ssm,384,2,0110010010110101,9.24606,9.88249,9.88249,9.88249,0.13134
G189E,greedy_ssm,384,2,0110010100000101,8.69437,9.81768,9.81768,9.83285,0.13134
G189E,greedy_ssm,384,2,0110010101101000,9.59396,9.91584,9.91584,9.9742,0.13134
G189E,greedy_ssm,384,2,0110010110100101,9.62417,9.88681,9.88681,9.97272,0.13134
G189E,greedy_ssm,384,2,0110010111101110,9.62583,10.13742,10.13742,10.13742,0.13134
G189E,greedy_ssm,384,2,0110010111110100,9.7269,9.9282,9.9282,9.85665,0.13134
G189E,greedy_ssm,384,2,0110011001010010,8.6653,9.63908,9.63908,9.83076,0.13134
G189E,greedy_ssm,384,2,0110011010001100,9.03848,9.76182,9.76182,9.86927,0.13134
G189E,greedy_ssm,384,2,0110011010100001,9.45191,9.89259,9.89259,9.9742,0.13134
G189E,greedy_ssm,384,2,0110011010101011,9.55874,9.91172,9.91172,9.9742,0.13134
G189E,greedy_ssm,384,2,0110011011110001,9.63831,9.89498,9.89498,9.89498,0.13134
G189E,greedy_ssm,384,2,0110011011110011,9.74339,9.93348,9.93348,9.94592,0.13134
G189E,greedy_ssm,384,2,0110011110100111,9.75518,9.94356,9.94356,9.94356,0.13134
G189E,greedy_ssm,384,2,0110011111100000,9.86861,9.9742,9.9742,9.9282,0.13134
G189E,greedy_ssm,384,2,0110011111111110,9.7413,9.90428,9.90428,9.90428,0.13134
G189E,greedy_ssm,384,2,0110100001001101,7.87585,9.64286,9.64286,9.77641,0.13134
G189E,greedy_ssm,384,2,0110100010100101,9.18422,9.73399,9.73399,9.7272,0.13134
G189E,greedy_ssm,384,2,0110100010101100,9.12864,9.74079,9.74079,9.66598,0.13134
G189E,greedy_ssm,384,2,0110100011010101,8.77739,9.81687,9.81687,9.82225,0.13134
G189E,greedy_ssm,384,2,0110100100000001,8.67937,9.65478,9.65478,9.74127,0.13134
G189E,greedy_ssm,384,2,0110100101100001,9.39395,9.86577,9.86577,9.94303,0.13134
G189E,greedy_ssm,384,2,0110100101101000,9.42897,9.85884,9.85884,9.89927,0.13134
G189E,greedy_ssm,384,2,0110100110001111,8.91395,9.74256,9.74256,9.83486,0.13134
G189E,greedy_ssm,384,2,0110100110010101,8.74185,9.81687,9.81687,9.82225,0.13134
G189E,greedy_ssm,384,2,0110100110100111,9.51321,9.81716,9.81716,10.32032,0.13134
G189E,greedy_ssm,384,2,0110101000110010,9.06935,9.5942,9.5942,9.78268,0.13134
G189E,greedy_ssm,384,2,0110101001001010,8.86436,9.70183,9.70183,9.75946,0.13134
G189E,greedy_ssm,384,2,0110101001100001,9.48334,9.84524,9.84524,9.94303,0.13134
G189E,greedy_ssm,384,2,0110101001100101,9.56902,9.79703,9.79703,9.89689,0.13134
G189E,greedy_ssm,384,2,0110101011000101,9.17339,9.77434,9.77434,9.81969,0.13134
G189E,greedy_ssm,384,2,0110101011111010,9.39116,9.74127,9.74127,9.89133,0.13134
G189E,greedy_ssm,384,2,0110101100000111,9.48335,9.78724,9.78724,9.82817,0.13134
G189E,greedy_ssm,384,2,0110101101000110,9.01738,9.76352,9.76352,9.89689,0.13134
G189E,greedy_ssm,384,2,0110101101101101,9.77641,9.93831,9.93831,9.97272,0.13134
G189E,greedy_ssm,384,2,0110101110010011,9.35852,9.84196,9.84196,9.86924,0.13134
G189E,greedy_ssm,384,2,0110101110011011,9.27332,9.79073,9.79073,9.89133,0.13134
G189E,greedy_ssm,384,2,0110110001101001,9.22902,9.80662,9.80662,9.84391,0.13134
G189E,greedy_ssm,384,2,0110110001110001,9.39723,9.85142,9.85142,9.85575,0.13134
G189E,greedy_ssm,384,2,0110110010101110,9.01008,9.59168,9.59168,9.7695,0.13134
G189E,greedy_ssm,384,2,0110110011100101,9.51776,9.80333,9.80333,9.81943,0.13134
G189E,greedy_ssm,384,2,0110111001100010,9.3097,9.73689,9.73689,9.89827,0.13134
G189E,greedy_ssm,384,2,0110111001100100,9.48793,9.84685,9.84685,9.81458,0.13134
G189E,greedy_ssm,384,2,0110111001100111,9.62073,9.88755,9.88755,9.82737,0.13134
G189E,greedy_ssm,384,2,0110111001110010,9.33593,9.70313,9.70313,9.83076,0.13134
G189E,greedy_ssm,384,2,0110111001110101,9.57854,9.85386,9.85386,9.88262,0.13134
G189E,greedy_ssm,384,2,0110111011001000,9.15923,9.70286,9.70286,9.81906,0.13134
G189E,greedy_ssm,384,2,0110111011001010,8.91391,9.62835,9.62835,9.80336,0.13134
G189E,greedy_ssm,384,2,0110111100010100,9.22864,9.69327,9.69327,9.79979,0.13134
G189E,greedy_ssm,384,2,0110111100011100,9.16371,9.69772,9.69772,9.80412,0.13134
G189E,greedy_ssm,384,2,0110111101001111,9.16745,9.88808,9.88808,9.90307,0.13134
G189E,greedy_ssm,384,2,0110111101101110,9.63235,9.88808,9.88808,9.90307,0.13134
G189E,greedy_ssm,384,2,0110111110011110,8.82004,9.63286,9.63286,9.75805,0.13134
G189E,greedy_ssm,384,2,0110111110100010,9.49887,9.9015,9.9015,9.9015,0.13134
G189E,greedy_ssm,384,2,0111000001001101,,,,,0.13134
G189E,greedy_ssm,384,2,0111000011101010,9.03767,9.8102,9.8102,9.81992,0.13134
G189E,greedy_ssm,384,2,0111000011111111,9.21072,10.09513,10.09513,9.91681,0.13134
G189E,greedy_ssm,384,2,0111000100101000,9.01487,9.79729,9.79729,9.81591,0.13134
G189E,greedy_ssm,384,2,0111000101110000,9.45012,9.83904,9.83904,9.89927,0.13134
G189E,greedy_ssm,384,2,0111000101111011,9.56861,10.09513,10.09513,10.09513,0.13134
G189E,greedy_ssm,384,2,0111001000000011,8.55455,9.60982,9.60982,9.85935,0.13134
G189E,greedy_ssm,384,2,0111001010011001,8.62766,9.61198,9.61198,9.56495,0.13134
G189E,greedy_ssm,384,2,0111001011100000,9.36174,9.82334,9.82334,9.89927,0.13134
G189E,greedy_ssm,384,2,0111001100001001,8.80785,9.81591,9.81591,9.83673,0.13134
G189E,greedy_ssm,384,2,0111001110001111,8.53104,9.80311,9.80311,9.91478,0.13134
G189E,greedy_ssm,384,2,0111001110100110,9.41665,9.78528,9.78528,9.84498,0.13134
G189E,greedy_ssm,384,2,0111001110101010,9.36308,9.79629,9.79629,9.9228,0.13134
G189E,greedy_ssm,384,2,0111001111001111,8.86297,9.91478,9.91478,9.94356,0.13134
G189E,greedy_ssm,384,2,0111010001010110,,,,,0.13134
G189E,greedy_ssm,384,2,0111010001101101,8.86224,9.78927,9.78927,9.82737,0.13134
G189E,greedy_ssm,384,2,0111010011010010,,,,,0.13134
G189E,greedy_ssm,384,2,0111010110001100,7.82781,9.60404,9.60404,9.70444,0.13134
G189E,greedy_ssm,384,2,0111010110111101,9.2188,9.85713,9.85713,9.80967,0.13134
G189E,greedy_ssm,384,2,0111010111001111,8.1028,9.91021,9.91021,10.13742,0.13134
G189E,greedy_ssm,384,2,0111010111101111,9.63735,10.13742,10.13742,10.13742,0.13134
G189E,greedy_ssm,384,2,0111011000010011,8.53765,9.62397,9.62397,9.7062,0.13134
G189E,greedy_ssm,384,2,0111011011100000,9.36871,9.86861,9.86861,9.9282,0.13134
G189E,greedy_ssm,384,2,0111011110100001,9.53823,9.9015,9.9015,9.9015,0.13134
G189E,greedy_ssm,384,2,0111100000110001,9.50926,9.74998,9.74998,9.74127,0.13134
G189E,greedy_ssm,384,2,0111100001000001,8.75032,9.74127,9.74127,9.74127,0.13134
G189E,greedy_ssm,384,2,0111100001111111,9.58639,9.79347,9.79347,9.83486,0.13134
G189E,greedy_ssm,384,2,0111100011100010,9.44369,9.79253,9.79253,9.82334,0.13134
G189E,greedy_ssm,384,2,0111100011110100,9.50858,9.75253,9.75253,9.83388,0.13134
G189E,greedy_ssm,384,2,0111100111100101,9.65476,9.86165,9.86165,9.90108,0.13134
G189E,greedy_ssm,384,2,0111101001011100,9.41593,9.73324,9.73324,9.75123,0.13134
G189E,greedy_ssm,384,2,0111101001100010,9.50659,9.80273,9.80273,9.82888,0.13134
G189E,greedy_ssm,384,2,0111101010011011,9.50034,9.73117,9.73117,9.77755,0.13134
G189E,greedy_ssm,384,2,0111101011010111,9.50167,9.75239,9.75239,9.84498,0.13134
G189E,greedy_ssm,384,2,0111101110001110,9.22131,9.78015,9.78015,9.90108,0.13134
G189E,greedy_ssm,384,2,0111101110111100,9.73962,9.79547,9.79547,9.83673,0.13134
G189E,greedy_ssm,384,2,0111101111110000,9.70804,9.88144,9.88144,9.84085,0.13134
G189E,greedy_ssm,384,2,0111110000000010,8.54944,9.71653,9.71653,9.75762,0.13134
G189E,greedy_ssm,384,2,0111110000101011,9.65188,9.79963,9.79963,9.72652,0.13134
G189E,greedy_ssm,384,2,0111110000111011,9.58321,9.78994,9.78994,9.79664,0.13134
G189E,greedy_ssm,384,2,0111110100010110,8.77272,9.664,9.664,9.74451,0.13134
G189E,greedy_ssm,384,2,0111110110001010,8.7363,9.66694,9.66694,9.83449,0.13134
G189E,greedy_ssm,384,2,0111111011000101,9.45354,9.81795,9.81795,9.84041,0.13134
G189E,greedy_ssm,384,2,0111111011010001,9.38977,9.7997,9.7997,9.85547,0.13134
G189E,greedy_ssm,384,2,0111111011011011,9.45913,9.80556,9.80556,9.80556,0.13134
G189E,greedy_ssm,384,2,0111111011101010,9.58994,9.80556,9.80556,9.88681,0.13134
G189E,greedy_ssm,384,2,0111111100001110,9.13268,9.76381,9.76381,9.86776,0.13134
G189E,greedy_ssm,384,2,1000000000100010,,,,,0.13134
G189E,greedy_ssm,384,2,1000000011111000,8.59571,9.58804,9.58804,10.03295,0.13134
G189E,greedy_ssm,384,2,1000000110001110,,,,,0.13134
G189E,greedy_ssm,384,2,1000000111110111,9.75905,10.07398,10.07398,9.88824,0.13134
G189E,greedy_ssm,384,2,1000001010010101,,,,,0.13134
G189E,greedy_ssm,384,2,1000001010111111,8.33814,9.6948,9.6948,9.83054,0.13134
G189E,greedy_ssm,384,2,1000001011000011,7.43693,9.71997,9.71997,9.86124,0.13134
G189E,greedy_ssm,384,2,1000001100000011,,,,,0.13134
G189E,greedy_ssm,384,2,1000001100101011,9.10579,9.7981,9.7981,9.90366,0.13134
G189E,greedy_ssm,384,2,1000001100110001,9.01929,9.80952,9.80952,9.89393,0.13134
G189E,greedy_ssm,384,2,1000001101000011,7.59113,9.76898,9.76898,9.90387,0.13134
G189E,greedy_ssm,384,2,1000001101111011,9.58552,9.91719,9.91719,9.91719,0.13134
G189E,greedy_ssm,384,2,1000001110000101,,,,,0.13134
G189E,greedy_ssm,384,2,1000001110101011,9.22153,9.8251,9.8251,9.89382,0.13134
G189E,greedy_ssm,384,2,1000010000011100,,,,,0.13134
G189E,greedy_ssm,384,2,1000010000111011,7.62757,9.57538,9.57538,9.71549,0.13134
G189E,greedy_ssm,384,2,1000010000111111,7.72879,9.62681,9.62681,9.85935,0.13134
G189E,greedy_ssm,384,2,1000010001010111,,,,,0.13134
G189E,greedy_ssm,384,2,1000010011011110,,,,,0.13134
G189E,greedy_ssm,384,2,1000010100110011,8.49437,9.7372,9.7372,9.7827,0.13134
G189E,greedy_ssm,384,2,1000010101000001,,,,,0.13134
G189E,greedy_ssm,384,2,1000010101011000,,,,,0.13134
G189E,greedy_ssm,384,2,1000010101101111,9.33822,9.86268,9.86268,9.83162,0.13134
G189E,greedy_ssm,384,2,1000011000011000,,,,,0.13134
G189E,greedy_ssm,384,2,1000011000101110,7.40425,9.45517,9.45517,9.73876,0.13134
G189E,greedy_ssm,384,2,1000011001000000,,,,,0.13134
G189E,greedy_ssm,384,2,1000011010100011,7.96196,9.69388,9.69388,9.80453,0.13134
G189E,greedy_ssm,384,2,1000011011001001,,,,,0.13134
G189E,greedy_ssm,384,2,1000011101100000,9.49526,9.79211,9.79211,9.89343,0.13134
G189E,greedy_ssm,384,2,1000011110011010,,,,,0.13134
G189E,greedy_ssm,384,2,1000011110111100,9.24169,9.74756,9.74756,9.80336,0.13134
G189E,greedy_ssm,384,2,1000100000011101,,,,,0.13134
G189E,greedy_ssm,384,2,1000100010111011,7.76725,9.64413,9.64413,9.65368,0.13134
G189E,greedy_ssm,384,2,1000100011010011,,,,,0.13134
G189E,greedy_ssm,384,2,1000100011011110,,,,,0.13134
G189E,greedy_ssm,384,2,1000100011100110,8.68301,9.67991,9.67991,9.71363,0.13134
G189E,greedy_ssm,384,2,1000100011110110,8.45156,9.60794,9.60794,9.70703,0.13134
G189E,greedy_ssm,384,2,1000100100110011,8.12056,9.67169,9.67169,9.72199,0.13134
G189E,greedy_ssm,384,2,1000100101000100,,,,,0.13134
G189E,greedy_ssm,384,2,1000101000000101,,,,,0.13134
G189E,greedy_ssm,384,2,1000101000000111,,,,,0.13134
G189E,greedy_ssm,384,2,1000101001100011,9.00699,9.77023,9.77023,9.79143,0.13134
G189E,greedy_ssm,384,2,1000101011100111,9.27768,9.79588,9.79588,9.79622,0.13134
G189E,greedy_ssm,384,2,1000101100010010,,,,,0.13134
G189E,greedy_ssm,384,2,1000101100101001,8.85973,9.6968,9.6968,9.7872,0.13134
G189E,greedy_ssm,384,2,1000101110001100,,,,,0.13134
G189E,greedy_ssm,384,2,1000101110010111,,,,,0.13134
G189E,greedy_ssm,384,2,1000101110101100,8.97557,9.69534,9.69534,9.79443,0.13134
G189E,greedy_ssm,384,2,1000110000001001,,,,,0.13134
G189E,greedy_ssm,384,2,1000110001000011,,,,,0.13134
G189E,greedy_ssm,384,2,1000110001101100,8.44783,9.6187,9.6187,9.73617,0.13134
G189E,greedy_ssm,384,2,1000110011001000,,,,,0.13134
G189E,greedy_ssm,384,2,1000110011010000,,,,,0.13134
G189E,greedy_ssm,384,2,1000110011100000,8.79325,9.64861,9.64861,9.75451,0.13134
G189E,greedy_ssm,384,2,1000110100000000,,,,,0.13134
G189E,greedy_ssm,384,2,1000110100110111,8.45577,9.65724,9.65724,9.70221,0.13134
G189E,greedy_ssm,384,2,1000110110100111,8.47537,9.73081,9.73081,9.79672,0.13134
G189E,greedy_ssm,384,2,1000111000100101,7.42808,9.5394,9.5394,9.70286,0.13134
G189E,greedy_ssm,384,2,1000111001001100,7.70404,9.51314,9.51314,9.73617,0.13134
G189E,greedy_ssm,384,2,1000111010000001,,,,,0.13134
G189E,greedy_ssm,384,2,1000111011101101,9.22679,9.71914,9.71914,9.80306,0.13134
G189E,greedy_ssm,384,2,1000111100000111,,,,,0.13134
G189E,greedy_ssm,384,2,1000111100011111,,,,,0.13134
G189E,greedy_ssm,384,2,1000111100100110,8.60848,9.70221,9.70221,9.70372,0.13134
G189E,greedy_ssm,384,2,1000111100111110,8.67843,9.61513,9.61513,9.73503,0.13134
G189E,greedy_ssm,384,2,1000111101010101,8.26594,9.65757,9.65757,9.75148,0.13134
G189E,greedy_ssm,384,2,1000111101011101,8.18374,9.63694,9.63694,9.71124,0.13134
G189E,greedy_ssm,384,2,1000111101101011,9.59672,9.82549,9.82549,9.83748,0.13134
G189E,greedy_ssm,384,2,1000111101110101,9.51896,9.80552,9.80552,9.79443,0.13134
G189E,greedy_ssm,384,2,1000111110000010,,,,,0.13134
G189E,greedy_ssm,384,2,1000111111110001,9.55858,9.80003,9.80003,9.78655,0.13134
G189E,greedy_ssm,384,2,1000111111111110,9.36376,9.73503,9.73503,9.89815,0.13134
G189E,greedy_ssm,384,2,1001000000001011,,,,,0.13134
G189E,greedy_ssm,384,2,1001000001010000,,,,,0.13134
G189E,greedy_ssm,384,2,1001000010000101,,,,,0.13134
G189E,greedy_ssm,384,2,1001000011110000,7.99846,9.64834,9.64834,9.75451,0.13134
G189E,greedy_ssm,384,2,1001000011111100,7.76195,9.6507,9.6507,9.68399,0.13134
G189E,greedy_ssm,384,2,1001000011111101,7.79516,9.62216,9.62216,9.72746,0.13134
G189E,greedy_ssm,384,2,1001000100000001,,,,,0.13134
G189E,greedy_ssm,384,2,1001000101111100,8.38514,9.65288,9.65288,9.66894,0.13134
G189E,greedy_ssm,384,2,1001000110000110,,,,,0.13134
G189E,greedy_ssm,384,2,1001000111000101,,,,,0.13134
G189E,greedy_ssm,384,2,1001001001000101,,,,,0.13134
G189E,greedy_ssm,384,2,1001001001011010,,,,,0.13134
G189E,greedy_ssm,384,2,1001001111011010,,,,,0.13134
G189E,greedy_ssm,384,2,1001010010011110,,,,,0.13134
G189E,greedy_ssm,384,2,1001010100001111,,,,,0.13134
G189E,greedy_ssm,384,2,1001010101011110,,,,,0.13134
G189E,greedy_ssm,384,2,1001010110100111,7.68327,9.6782,9.6782,9.79427,0.13134
G189E,greedy_ssm,384,2,1001010110111100,7.69288,9.57077,9.57077,9.66775,0.13134
G189E,greedy_ssm,384,2,1001011000010110,,,,,0.13134
G189E,greedy_ssm,384,2,1001011001100000,8.02634,9.61996,9.61996,9.70845,0.13134
G189E,greedy_ssm,384,2,1001011010011100,,,,,0.13134
G189E,greedy_ssm,384,2,1001011011110100,8.42995,9.68937,9.68937,9.69966,0.13134
G189E,greedy_ssm,384,2,1001011100000001,,,,,0.13134
G189E,greedy_ssm,384,2,1001011100110000,8.37135,9.63301,9.63301,9.69626,0.13134
G189E,greedy_ssm,384,2,1001011101010101,,,,,0.13134
G189E,greedy_ssm,384,2,1001011101100110,8.76033,9.74217,9.74217,9.79732,0.13134
G189E,greedy_ssm,384,2,1001011110111010,8.47627,9.62769,9.62769,9.73047,0.13134
G189E,greedy_ssm,384,2,1001100000001011,,,,,0.13134
G189E,greedy_ssm,384,2,1001100001110000,9.45418,9.68953,9.68953,9.68953,0.13134
G189E,greedy_ssm,384,2,1001100010001011,,,,,0.13134
G189E,greedy_ssm,384,2,1001100110001011,7.6518,9.76424,9.76424,9.8565,0.13134
G189E,greedy_ssm,384,2,1001100110101001,9.4332,9.7757,9.7757,9.81363,0.13134
G189E,greedy_ssm,384,2,1001100110111011,9.51938,9.89129,9.89129,9.89129,0.13134
G189E,greedy_ssm,384,2,1001100111011100,8.11384,9.68399,9.68399,9.90802,0.13134
G189E,greedy_ssm,384,2,1001100111101100,9.55963,9.77401,9.77401,9.77213,0.13134
G189E,greedy_ssm,384,2,1001101000110101,9.3311,9.64241,9.64241,9.74577,0.13134
G189E,greedy_ssm,384,2,1001101001100100,9.4148,9.81152,9.81152,9.81152,0.13134
G189E,greedy_ssm,384,2,1001101010110011,9.30121,9.73687,9.73687,9.80141,0.13134
G189E,greedy_ssm,384,2,1001101011011011,8.98077,9.76719,9.76719,9.77032,0.13134
G189E,greedy_ssm,384,2,1001101011111111,9.58995,9.89129,9.89129,9.89129,0.13134
G189E,greedy_ssm,384,2,1001101100000011,7.88502,9.77023,9.77023,9.79143,0.13134
G189E,greedy_ssm,384,2,1001101100011011,7.79339,9.72998,9.72998,9.75479,0.13134
G189E,greedy_ssm,384,2,1001101101101010,9.56816,9.77023,9.77023,9.79143,0.13134
G189E,greedy_ssm,384,2,1001101110010011,7.52024,9.73687,9.73687,9.80141,0.13134
G189E,greedy_ssm,384,2,1001101111011111,9.05078,9.89129,9.89129,9.89129,0.13134
G189E,greedy_ssm,384,2,1001110000000110,,,,,0.13134
G189E,greedy_ssm,384,2,1001110001111110,9.28235,9.66247,9.66247,9.71992,0.13134
G189E,greedy_ssm,384,2,1001110010011010,,,,,0.13134
G189E,greedy_ssm,384,2,1001110010110101,9.02501,9.70686,9.70686,9.70686,0.13134
G189E,greedy_ssm,384,2,1001110100101000,9.11734,9.66569,9.66569,9.70909,0.13134
G189E,greedy_ssm,384,2,1001110100101110,9.10562,9.68683,9.68683,9.74856,0.13134
G189E,greedy_ssm,384,2,1001110101101000,9.47271,9.87346,9.87346,9.76861,0.13134
G189E,greedy_ssm,384,2,1001110101111100,9.52618,9.73617,9.73617,9.76861,0.13134
G189E,greedy_ssm,384,2,1001110110100111,9.43403,9.79427,9.79427,9.82212,0.13134
G189E,greedy_ssm,384,2,1001111000100110,8.71338,9.65627,9.65627,9.74217,0.13134
G189E,greedy_ssm,384,2,1001111010010100,7.98487,9.53899,9.53899,9.68937,0.13134
G189E,greedy_ssm,384,2,1001111010101011,9.27189,9.76789,9.76789,9.81084,0.13134
G189E,greedy_ssm,384,2,1001111010101110,8.91649,9.62604,9.62604,9.80306,0.13134
G189E,greedy_ssm,384,2,1001111011001001,8.83087,9.70771,9.70771,9.72407,0.13134
G189E,greedy_ssm,384,2,1001111011100001,9.56707,9.78868,9.78868,9.89254,0.13134
G189E,greedy_ssm,384,2,1001111011100110,9.45202,9.76872,9.76872,9.82212,0.13134
G189E,greedy_ssm,384,2,1001111110011110,7.16993,9.57077,9.57077,9.66775,0.13134
G189E,greedy_ssm,384,2,1010000011101110,9.22236,9.77192,9.77192,9.89686,0.13134
G189E,greedy_ssm,384,2,1010000101110110,9.45508,9.88824,9.88824,9.88824,0.13134
G189E,greedy_ssm,384,2,1010000111101011,9.81105,10.30565,10.30565,9.93577,0.13134
G189E,greedy_ssm,384,2,1010001010010110,8.1167,9.42202,9.42202,9.7005,0.13134
G189E,greedy_ssm,384,2,1010001010100010,8.71529,9.71997,9.71997,9.86124,0.13134
G189E,greedy_ssm,384,2,1010001010111110,9.08216,9.6948,9.6948,9.83054,0.13134
G189E,greedy_ssm,384,2,1010001100011110,8.42146,9.76367,9.76367,9.79272,0.13134
G189E,greedy_ssm,384,2,1010001101011010,8.39489,9.76323,9.76323,9.83896,0.13134
G189E,greedy_ssm,384,2,1010001101101111,9.90366,9.90366,9.90366,9.90366,0.13134
G189E,greedy_ssm,384,2,1010001110100100,9.66369,9.90487,9.90487,9.90487,0.13134
G189E,greedy_ssm,384,2,1010001111001101,8.80894,9.91022,9.91022,9.93831,0.13134
G189E,greedy_ssm,384,2,1010001111011010,8.53032,9.80162,9.80162,9.85938,0.13134
G189E,greedy_ssm,384,2,1010010000011001,7.98191,9.41488,9.41488,9.65668,0.13134
G189E,greedy_ssm,384,2,1010010001000110,,,,,0.13134
G189E,greedy_ssm,384,2,1010010010010101,7.82288,9.55856,9.55856,9.79736,0.13134
G189E,greedy_ssm,384,2,1010010010111110,8.56282,9.52829,9.52829,9.82958,0.13134
G189E,greedy_ssm,384,2,1010010011110000,9.31626,10.03295,10.03295,10.03295,0.13134
G189E,greedy_ssm,384,2,1010011000110101,9.30143,9.80552,9.80552,9.86235,0.13134
G189E,greedy_ssm,384,2,1010011100101011,9.67559,9.86508,9.86508,9.89759,0.13134
G189E,greedy_ssm,384,2,1010011101100001,9.7872,9.94303,9.94303,9.89393,0.13134
G189E,greedy_ssm,384,2,1010011110000011,8.87655,9.80453,9.80453,9.94592,0.13134
G189E,greedy_ssm,384,2,1010011111010011,9.1548,9.88986,9.88986,9.94592,0.13134
G189E,greedy_ssm,384,2,1010100001110100,9.13152,9.64021,9.64021,9.72853,0.13134
G189E,greedy_ssm,384,2,1010100011110011,9.46985,9.73359,9.73359,9.78214,0.13134
G189E,greedy_ssm,384,2,1010100100011100,8.30545,9.54734,9.54734,9.65283,0.13134
G189E,greedy_ssm,384,2,1010100100111001,9.35347,9.73139,9.73139,9.73725,0.13134
G189E,greedy_ssm,384,2,1010100101100100,9.28118,9.77213,9.77213,9.87098,0.13134
G189E,greedy_ssm,384,2,1010100110000000,8.2322,9.52044,9.52044,9.64181,0.13134
G189E,greedy_ssm,384,2,1010100110011010,8.04411,9.48936,9.48936,9.62559,0.13134
G189E,greedy_ssm,384,2,1010100110100001,9.28438,10.0751,10.0751,9.75676,0.13134
G189E,greedy_ssm,384,2,1010100110101111,9.4572,9.77192,9.77192,9.85139,0.13134
G189E,greedy_ssm,384,2,1010101000100110,8.94033,9.6355,9.6355,9.67927,0.13134
G189E,greedy_ssm,384,2,1010101001100000,9.34543,9.75075,9.75075,9.89393,0.13134
G189E,greedy_ssm,384,2,1010101001110100,9.37084,9.72853,9.72853,9.83896,0.13134
G189E,greedy_ssm,384,2,1010101100101111,9.61278,9.90366,9.90366,9.90366,0.13134
G189E,greedy_ssm,384,2,1010101101010101,9.06581,9.80903,9.80903,9.80903,0.13134
G189E,greedy_ssm,384,2,1010110000101001,8.92263,9.66856,9.66856,9.66856,0.13134
G189E,greedy_ssm,384,2,1010110000110110,8.58597,9.43164,9.43164,9.52283,0.13134
G189E,greedy_ssm,384,2,1010110010010111,8.03906,9.40859,9.40859,9.46609,0.13134
G189E,greedy_ssm,384,2,1010110010100000,8.57389,9.52936,9.52936,9.61192,0.13134
G189E,greedy_ssm,384,2,1010110100011100,8.01113,9.48782,9.48782,9.65545,0.13134
G189E,greedy_ssm,384,2,1010110110111001,9.34199,9.73549,9.73549,9.84635,0.13134
G189E,greedy_ssm,384,2,1010110111001100,8.2263,9.80174,9.80174,9.80174,0.13134
G189E,greedy_ssm,384,2,1010111010010110,8.54378,9.34425,9.34425,9.46609,0.13134
G189E,greedy_ssm,384,2,1010111010111011,9.1702,9.76507,9.76507,9.71222,0.13134
G189E,greedy_ssm,384,2,1010111011110001,9.48942,9.80003,9.80003,9.78655,0.13134
G189E,greedy_ssm,384,2,1010111011111010,9.37923,9.71899,9.71899,9.84642,0.13134
G189E,greedy_ssm,384,2,1010111101000010,8.64518,9.72776,9.72776,9.79057,0.13134
G189E,greedy_ssm,384,2,1010111101100000,9.59622,9.79211,9.79211,9.89343,0.13134
G189E,greedy_ssm,384,2,1011000001001110,,,,,0.13134
G189E,greedy_ssm,384,2,1011000100000100,7.80465,9.54061,9.54061,9.64231,0.13134
G189E,greedy_ssm,384,2,1011000101100010,8.96157,9.7051,9.7051,9.78053,0.13134
G189E,greedy_ssm,384,2,1011000110100101,8.97694,9.76865,9.76865,9.80172,0.13134
G189E,greedy_ssm,384,2,1011000110110111,9.18019,9.91635,9.91635,9.75998,0.13134
G189E,greedy_ssm,384,2,1011000111101001,9.32613,10.0751,10.0751,10.0751,0.13134
G189E,greedy_ssm,384,2,1011001001010100,7.95468,9.57543,9.57543,9.66652,0.13134
G189E,greedy_ssm,384,2,1011001001100011,9.13575,9.76898,9.76898,9.77131,0.13134
G189E,greedy_ssm,384,2,1011001001110101,9.07342,9.77155,9.77155,9.85655,0.13134
G189E,greedy_ssm,384,2,1011001010000001,8.12681,9.69363,9.69363,9.69363,0.13134
G189E,greedy_ssm,384,2,1011001010000111,7.94356,9.63328,9.63328,9.63586,0.13134
G189E,greedy_ssm,384,2,1011001010101110,8.17897,9.64954,9.64954,9.7566,0.13134
G189E,greedy_ssm,384,2,1011001011001110,7.56517,9.53255,9.53255,9.7135,0.13134
G189E,greedy_ssm,384,2,1011001011111010,9.08091,9.71505,9.71505,9.80162,0.13134
G189E,greedy_ssm,384,2,1011001100001101,8.17466,9.72862,9.72862,9.80915,0.13134
G189E,greedy_ssm,384,2,1011001100101111,9.44206,9.90366,9.90366,9.90366,0.13134
G189E,greedy_ssm,384,2,1011001100111100,9.31862,9.77703,9.77703,9.77404,0.13134
G189E,greedy_ssm,384,2,1011001110011101,7.8747,9.6831,9.6831,9.71077,0.13134
G189E,greedy_ssm,384,2,1011001110110100,9.44031,9.79443,9.79443,9.85655,0.13134
G189E,greedy_ssm,384,2,1011001110111100,9.46593,9.79069,9.79069,9.75522,0.13134
G189E,greedy_ssm,384,2,1011001111100010,9.30774,9.86124,9.86124,9.91705,0.13134
G189E,greedy_ssm,384,2,1011001111100111,9.74471,9.87606,9.87606,9.94356,0.13134
G189E,greedy_ssm,384,2,1011010011000010,,,,,0.13134
G189E,greedy_ssm,384,2,1011010011100100,8.76068,9.71879,9.71879,9.77213,0.13134
G189E,greedy_ssm,384,2,1011010011110000,8.90485,9.64035,9.64035,9.7043,0.13134
G189E,greedy_ssm,384,2,1011010100001110,,,,,0.13134
G189E,greedy_ssm,384,2,1011010100110100,8.92512,9.68136,9.68136,9.75454,0.13134
G189E,greedy_ssm,384,2,1011010101110100,9.26943,9.73407,9.73407,9.65032,0.13134
G189E,greedy_ssm,384,2,1011010101110111,9.47973,9.8208,9.8208,9.85816,0.13134
G189E,greedy_ssm,384,2,1011010110000101,,,,,0.13134
G189E,greedy_ssm,384,2,1011010111101000,9.16527,9.79418,9.79418,9.86542,0.13134
G189E,greedy_ssm,384,2,1011011001000111,7.64225,9.67926,9.67926,9.76134,0.13134
G189E,greedy_ssm,384,2,1011011010011010,7.56539,9.28736,9.28736,9.57019,0.13134
G189E,greedy_ssm,384,2,1011011010011011,7.93035,9.56562,9.56562,9.69483,0.13134
G189E,greedy_ssm,384,2,1011011101000100,8.17774,9.77476,9.77476,9.88247,0.13134
G189E,greedy_ssm,384,2,1011011101000111,7.96665,9.85628,9.85628,9.89834,0.13134
G189E,greedy_ssm,384,2,1011011111010111,8.21385,9.84375,9.84375,9.90445,0.13134
G189E,greedy_ssm,384,2,1011100000100111,9.42903,9.80466,9.80466,9.80466,0.13134
G189E,greedy_ssm,384,2,1011100001111111,9.47535,9.73513,9.73513,9.75449,0.13134
G189E,greedy_ssm,384,2,1011100010000101,8.70515,9.62269,9.62269,9.68223,0.13134
G189E,greedy_ssm,384,2,1011100010100100,9.41352,9.79443,9.79443,9.77213,0.13134
G189E,greedy_ssm,384,2,1011100011011110,8.35377,9.57627,9.57627,9.70703,0.13134
G189E,greedy_ssm,384,2,1011100011101111,9.56298,9.83605,9.83605,9.85032,0.13134
G189E,greedy_ssm,384,2,1011100100011011,8.79222,9.72769,9.72769,9.83168,0.13134
G189E,greedy_ssm,384,2,1011100110101010,9.50332,9.76753,9.76753,10.33071,0.13134
G189E,greedy_ssm,384,2,1011100111000110,8.4948,9.77213,9.77213,9.77213,0.13134
G189E,greedy_ssm,384,2,1011100111101011,9.74659,10.33071,10.33071,10.33071,0.13134
G189E,greedy_ssm,384,2,1011101010000010,8.88977,9.49752,9.49752,9.71328,0.13134
G189E,greedy_ssm,384,2,1011101010011110,8.89274,9.59261,9.59261,9.69586,0.13134
G189E,greedy_ssm,384,2,1011101011010001,9.39674,9.68959,9.68959,9.76155,0.13134
G189E,greedy_ssm,384,2,1011101101000000,9.09473,9.78526,9.78526,9.78526,0.13134
G189E,greedy_ssm,384,2,1011101101110010,9.48353,9.81815,9.81815,9.81891,0.13134
G189E,greedy_ssm,384,2,1011101110001100,9.0773,9.79443,9.79443,9.79443,0.13134
G189E,greedy_ssm,384,2,1011101111010000,9.19073,9.78526,9.78526,9.78526,0.13134
G189E,greedy_ssm,384,2,1011101111110000,9.69593,9.78526,9.78526,9.82391,0.13134
G189E,greedy_ssm,384,2,1011101111110001,9.6889,9.82289,9.82289,9.82148,0.13134
G189E,greedy_ssm,384,2,1011110001111101,9.40632,9.73156,9.73156,9.7501,0.13134
G189E,greedy_ssm,384,2,1011110010000101,8.56201,9.59564,9.59564,9.71421,0.13134
G189E,greedy_ssm,384,2,1011110010111111,9.47072,9.73811,9.73811,9.91917,0.13134
G189E,greedy_ssm,384,2,1011110011011011,8.75773,9.91917,9.91917,9.92736,0.13134
G189E,greedy_ssm,384,2,1011110100010100,8.62168,9.68136,9.68136,9.68136,0.13134
G189E,greedy_ssm,384,2,1011111000110010,9.32748,9.62905,9.62905,9.91705,0.13134
G189E,greedy_ssm,384,2,1011111010110100,9.44842,9.73213,9.73213,9.74782,0.13134
G189E,greedy_ssm,384,2,1011111111010000,9.11187,9.72762,9.72762,9.80516,0.13134
G189E,greedy_ssm,384,2,1100000000011100,,,,,0.13134
G189E,greedy_ssm,384,2,1100000001010110,,,,,0.13134
G189E,greedy_ssm,384,2,1100000001101110,8.31707,9.61135,9.61135,9.80026,0.13134
G189E,greedy_ssm,384,2,1100000010100111,8.35071,9.94619,9.94619,9.87577,0.13134
G189E,greedy_ssm,384,2,1100000011001001,,,,,0.13134
G189E,greedy_ssm,384,2,1100000100000111,,,,,0.13134
G189E,greedy_ssm,384,2,1100000100001000,,,,,0.13134
G189E,greedy_ssm,384,2,1100000100001100,,,,,0.13134
G189E,greedy_ssm,384,2,1100000100011110,,,,,0.13134
G189E,greedy_ssm,384,2,1100000100101000,8.65735,9.62633,9.62633,9.86206,0.13134
G189E,greedy_ssm,384,2,1100000101001000,,,,,0.13134
G189E,greedy_ssm,384,2,1100000101001101,,,,,0.13134
G189E,greedy_ssm,384,2,1100000101110100,9.46829,9.91,9.91,9.91,0.13134
G189E,greedy_ssm,384,2,1100000111101110,9.35694,9.94619,9.94619,9.94619,0.13134
G189E,greedy_ssm,384,2,1100001000110110,8.45696,9.58564,9.58564,9.7482,0.13134
G189E,greedy_ssm,384,2,1100001000111110,8.35453,9.61943,9.61943,9.78771,0.13134
G189E,greedy_ssm,384,2,1100001001001110,,,,,0.13134
G189E,greedy_ssm,384,2,1100001001111001,8.94473,9.80157,9.80157,9.86301,0.13134
G189E,greedy_ssm,384,2,1100001011010001,7.69605,9.6964,9.6964,9.80108,0.13134
G189E,greedy_ssm,384,2,1100001100101000,9.09269,9.86206,9.86206,9.89343,0.13134
G189E,greedy_ssm,384,2,1100001100110101,9.36052,9.81084,9.81084,9.86235,0.13134
G189E,greedy_ssm,384,2,1100001101101100,9.52826,9.88652,9.88652,9.89689,0.13134
G189E,greedy_ssm,384,2,1100001110001000,7.68234,9.64646,9.64646,9.80744,0.13134
G189E,greedy_ssm,384,2,1100001110111100,9.38697,9.79935,9.79935,9.79935,0.13134
G189E,greedy_ssm,384,2,1100010000100111,8.29054,9.66943,9.66943,9.85816,0.13134
G189E,greedy_ssm,384,2,1100010011001010,,,,,0.13134
G189E,greedy_ssm,384,2,1100010011111000,8.85152,9.78551,9.78551,9.82847,0.13134
G189E,greedy_ssm,384,2,1100010101001010,,,,,0.13134
G189E,greedy_ssm,384,2,1100010101101010,9.2321,9.8906,9.8906,9.8906,0.13134
G189E,greedy_ssm,384,2,1100010101110011,9.58593,9.85212,9.85212,9.89797,0.13134
G189E,greedy_ssm,384,2,1100011000010100,7.62967,9.39508,9.39508,9.75454,0.13134
G189E,greedy_ssm,384,2,1100011010100110,8.17293,9.58703,9.58703,9.79595,0.13134
G189E,greedy_ssm,384,2,1100011011011011,7.91504,9.78232,9.78232,9.85681,0.13134
G189E,greedy_ssm,384,2,1100011011011110,7.23992,9.53227,9.53227,9.75971,0.13134
G189E,greedy_ssm,384,2,1100011100000111,7.86661,9.76815,9.76815,9.89834,0.13134
G189E,greedy_ssm,384,2,1100011100111000,9.2071,9.77897,9.77897,9.89343,0.13134
G189E,greedy_ssm,384,2,1100011101000011,8.29828,9.89797,9.89797,9.94592,0.13134
G189E,greedy_ssm,384,2,1100011101001100,7.7674,9.79728,9.79728,9.89343,0.13134
G189E,greedy_ssm,384,2,1100011110000000,7.4893,9.65666,9.65666,9.87563,0.13134
G189E,greedy_ssm,384,2,1100011110000101,7.52134,9.74991,9.74991,9.92308,0.13134
G189E,greedy_ssm,384,2,1100011110111110,9.19532,9.78905,9.78905,9.87743,0.13134
G189E,greedy_ssm,384,2,1100011111000011,8.31415,9.94592,9.94592,9.94592,0.13134
G189E,greedy_ssm,384,2,1100011111011110,7.61221,9.75971,9.75971,9.87743,0.13134
G189E,greedy_ssm,384,2,1100100000001010,,,,,0.13134
G189E,greedy_ssm,384,2,1100100000010100,,,,,0.13134
G189E,greedy_ssm,384,2,1100100000011011,,,,,0.13134
G189E,greedy_ssm,384,2,1100100011101000,8.8504,9.65616,9.65616,9.62234,0.13134
G189E,greedy_ssm,384,2,1100100011110100,8.97834,9.67372,9.67372,9.67372,0.13134
G189E,greedy_ssm,384,2,1100100100000110,,,,,0.13134
G189E,greedy_ssm,384,2,1100100101000011,7.98452,9.70979,9.70979,9.85678,0.13134
G189E,greedy_ssm,384,2,1100100110101001,8.78338,9.7757,9.7757,9.81363,0.13134
G189E,greedy_ssm,384,2,1100100111000100,7.55465,9.77401,9.77401,9.79043,0.13134
G189E,greedy_ssm,384,2,1100100111011000,7.78219,9.64303,9.64303,9.67998,0.13134
G189E,greedy_ssm,384,2,1100100111101011,9.67466,10.33071,10.33071,9.8565,0.13134
G189E,greedy_ssm,384,2,1100101000110101,8.47825,9.65734,9.65734,9.69074,0.13134
G189E,greedy_ssm,384,2,1100101001000010,7.79454,9.4584,9.4584,9.61128,0.13134
G189E,greedy_ssm,384,2,1100101001011001,8.30912,9.54013,9.54013,9.70277,0.13134
G189E,greedy_ssm,384,2,1100101010011000,7.68543,9.35221,9.35221,9.61695,0.13134
G189E,greedy_ssm,384,2,1100101011000010,8.04732,9.43521,9.43521,9.66235,0.13134
G189E,greedy_ssm,384,2,1100101101110011,9.61952,9.83059,9.83059,9.81891,0.13134
G189E,greedy_ssm,384,2,1100101110111110,9.07548,9.71512,9.71512,9.76394,0.13134
G189E,greedy_ssm,384,2,1100101111110111,9.66095,9.97904,9.97904,9.83089,0.13134
G189E,greedy_ssm,384,2,1100110001000110,,,,,0.13134
G189E,greedy_ssm,384,2,1100110001010101,,,,,0.13134
G189E,greedy_ssm,384,2,1100110010000011,,,,,0.13134
G189E,greedy_ssm,384,2,1100110010000100,,,,,0.13134
G189E,greedy_ssm,384,2,1100110011000011,7.48917,9.75926,9.75926,9.76866,0.13134
G189E,greedy_ssm,384,2,1100110101010001,7.7954,9.66452,9.66452,9.68793,0.13134
G189E,greedy_ssm,384,2,1100111001110001,9.09049,9.76175,9.76175,9.87584,0.13134
G189E,greedy_ssm,384,2,1100111100011010,,,,,0.13134
G189E,greedy_ssm,384,2,1100111101101110,9.45894,9.83748,9.83748,9.84274,0.13134
G189E,greedy_ssm,384,2,1100111101110010,9.3819,9.81112,9.81112,9.81112,0.13134
G189E,greedy_ssm,384,2,1100111110000111,7.66799,9.68833,9.68833,9.79595,0.13134
G189E,greedy_ssm,384,2,1101000001101000,,,,,0.13134
G189E,greedy_ssm,384,2,1101000010100101,7.50904,9.62269,9.62269,9.68223,0.13134
G189E,greedy_ssm,384,2,1101000011000100,,,,,0.13134
G189E,greedy_ssm,384,2,1101000011011100,,,,,0.13134
G189E,greedy_ssm,384,2,1101000011100111,8.37629,9.94619,9.94619,9.81344,0.13134
G189E,greedy_ssm,384,2,1101000100000110,,,,,0.13134
G189E,greedy_ssm,384,2,1101000101011001,,,,,0.13134
G189E,greedy_ssm,384,2,1101000101100010,8.67436,9.6934,9.6934,9.79143,0.13134
G189E,greedy_ssm,384,2,1101000110110101,8.36614,9.71863,9.71863,9.78487,0.13134
G189E,greedy_ssm,384,2,1101000110111001,8.53054,9.67998,9.67998,9.78595,0.13134
G189E,greedy_ssm,384,2,1101000110111101,8.49179,9.69606,9.69606,9.78752,0.13134
G189E,greedy_ssm,384,2,1101000111000101,,,,,0.13134
G189E,greedy_ssm,384,2,1101001000011110,,,,,0.13134
G189E,greedy_ssm,384,2,1101001001111000,8.46263,9.64027,9.64027,9.65846,0.13134
G189E,greedy_ssm,384,2,1101001011110010,8.32421,9.69885,9.69885,9.80141,0.13134
G189E,greedy_ssm,384,2,1101001110101011,9.07839,9.81232,9.81232,9.83329,0.13134
G189E,greedy_ssm,384,2,1101001110111101,9.06123,9.77181,9.77181,9.78595,0.13134
G189E,greedy_ssm,384,2,1101001111001010,,,,,0.13134
G189E,greedy_ssm,384,2,1101001111101001,9.35103,9.91757,9.91757,9.83329,0.13134
G189E,greedy_ssm,384,2,1101010001000101,,,,,0.13134
G189E,greedy_ssm,384,2,1101010001010011,,,,,0.13134
G189E,greedy_ssm,384,2,1101010010100010,,,,,0.13134
G189E,greedy_ssm,384,2,1101010010101100,7.23628,9.59985,9.59985,9.7558,0.13134
G189E,greedy_ssm,384,2,1101010011101000,8.25983,9.71484,9.71484,9.71484,0.13134
G189E,greedy_ssm,384,2,1101010100001100,,,,,0.13134
G189E,greedy_ssm,384,2,1101010110000110,,,,,0.13134
G189E,greedy_ssm,384,2,1101010110001110,,,,,0.13134
G189E,greedy_ssm,384,2,1101010110101110,8.17186,9.65479,9.65479,9.81506,0.13134
G189E,greedy_ssm,384,2,1101010110111001,8.44851,9.70033,9.70033,9.78438,0.13134
G189E,greedy_ssm,384,2,1101010110111011,8.47452,9.73738,9.73738,9.92736,0.13134
G189E,greedy_ssm,384,2,1101010111000110,,,,,0.13134
G189E,greedy_ssm,384,2,1101011000000110,,,,,0.13134
G189E,greedy_ssm,384,2,1101011001110110,7.91305,9.63775,9.63775,9.79443,0.13134
G189E,greedy_ssm,384,2,1101011010010111,,,,,0.13134
G189E,greedy_ssm,384,2,1101011010101100,7.71791,9.61143,9.61143,9.69813,0.13134
G189E,greedy_ssm,384,2,1101011011001000,,,,,0.13134
G189E,greedy_ssm,384,2,1101011011011011,7.56731,9.66318,9.66318,9.79098,0.13134
G189E,greedy_ssm,384,2,1101011100100111,9.09876,9.79732,9.79732,9.83748,0.13134
G189E,greedy_ssm,384,2,1101011110011100,,,,,0.13134
G189E,greedy_ssm,384,2,1101011110101110,8.70783,9.70337,9.70337,9.86715,0.13134
G189E,greedy_ssm,384,2,1101011111000001,7.14568,9.77804,9.77804,9.89254,0.13134
G189E,greedy_ssm,384,2,1101100011000100,8.03947,9.77401,9.77401,9.79043,0.13134
G189E,greedy_ssm,384,2,1101100100000110,7.37537,9.62747,9.62747,9.70272,0.13134
G189E,greedy_ssm,384,2,1101100101100111,9.69216,9.82211,9.82211,9.81112,0.13134
G189E,greedy_ssm,384,2,1101100110000000,7.80954,9.70029,9.70029,9.77401,0.13134
G189E,greedy_ssm,384,2,1101100110111010,9.36607,9.87919,9.87919,9.87919,0.13134
G189E,greedy_ssm,384,2,1101101000010110,8.01986,9.55205,9.55205,9.58747,0.13134
G189E,greedy_ssm,384,2,1101101000011011,8.71543,9.69629,9.69629,9.76719,0.13134
G189E,greedy_ssm,384,2,1101101000101011,9.53218,9.77164,9.77164,9.81232,0.13134
G189E,greedy_ssm,384,2,1101101001001101,9.05594,9.82494,9.82494,9.82494,0.13134
G189E,greedy_ssm,384,2,1101101001100010,9.4584,9.79143,9.79143,9.83329,0.13134
G189E,greedy_ssm,384,2,1101101010000111,8.77691,9.72587,9.72587,9.78489,0.13134
G189E,greedy_ssm,384,2,1101101011000010,8.68544,9.66235,9.66235,9.83329,0.13134
G189E,greedy_ssm,384,2,1101101011001010,8.77872,9.73681,9.73681,9.81232,0.13134
G189E,greedy_ssm,384,2,1101101011101001,9.61758,9.81232,9.81232,9.83329,0.13134
G189E,greedy_ssm,384,2,1101101110011101,8.55899,9.74289,9.74289,9.78595,0.13134
G189E,greedy_ssm,384,2,1101101110110100,9.62505,9.79043,9.79043,9.84085,0.13134
G189E,greedy_ssm,384,2,1101101111111100,9.67863,9.79043,9.79043,9.79604,0.13134
G189E,greedy_ssm,384,2,1101110000000110,,,,,0.13134
G189E,greedy_ssm,384,2,1101110000101110,9.21312,9.61029,9.61029,9.69593,0.13134
G189E,greedy_ssm,384,2,1101110001000011,8.09279,9.74002,9.74002,9.81711,0.13134
G189E,greedy_ssm,384,2,1101110001001011,8.26433,9.73376,9.73376,9.73376,0.13134
G189E,greedy_ssm,384,2,1101110010001011,7.92703,9.6643,9.6643,9.82728,0.13134
G189E,greedy_ssm,384,2,1101110011111100,9.63029,9.7558,9.7558,9.86384,0.13134
G189E,greedy_ssm,384,2,1101110111001110,8.6669,9.81506,9.81506,9.99579,0.13134
G189E,greedy_ssm,384,2,1101110111011100,8.60168,9.7141,9.7141,9.77446,0.13134
G189E,greedy_ssm,384,2,1101111000011000,8.41336,9.65488,9.65488,9.68885,0.13134
G189E,greedy_ssm,384,2,1101111001110001,9.5983,9.81112,9.81112,9.76175,0.13134
G189E,greedy_ssm,384,2,1101111010101101,9.33915,9.7824,9.7824,9.82242,0.13134
G189E,greedy_ssm,384,2,1101111100000010,8.06323,9.65872,9.65872,9.79882,0.13134
G189E,greedy_ssm,384,2,1101111101011101,9.26065,9.77957,9.77957,9.83748,0.13134
G189E,greedy_ssm,384,2,1101111110000010,8.13187,9.68072,9.68072,9.89254,0.13134
G189E,greedy_ssm,384,2,1101111110100110,9.47854,9.81727,9.81727,9.89254,0.13134
G189E,greedy_ssm,384,2,1101111111000100,9.4836,9.85818,9.85818,9.88247,0.13134
G189E,greedy_ssm,384,2,1101111111100110,9.67976,9.89254,9.89254,9.89254,0.13134
G189E,greedy_ssm,384,2,1110000000100101,9.21881,9.78982,9.78982,9.84397,0.13134
G189E,greedy_ssm,384,2,1110000011100001,9.63537,10.0751,10.0751,9.93577,0.13134
G189E,greedy_ssm,384,2,1110000101100000,9.64535,9.89927,9.89927,9.89927,0.13134
G189E,greedy_ssm,384,2,1110001001000111,9.1915,9.80133,9.80133,9.90387,0.13134
G189E,greedy_ssm,384,2,1110001001011111,9.36816,9.79602,9.79602,9.86117,0.13134
G189E,greedy_ssm,384,2,1110001010110101,9.47967,9.84397,9.84397,9.88584,0.13134
G189E,greedy_ssm,384,2,1110001010111000,9.34361,9.79935,9.79935,9.79935,0.13134
G189E,greedy_ssm,384,2,1110001011001011,9.48192,9.87894,9.87894,9.93577,0.13134
G189E,greedy_ssm,384,2,1110001100001101,9.28928,9.80838,9.80838,9.82548,0.13134
G189E,greedy_ssm,384,2,1110001100011101,9.27269,9.81539,9.81539,9.8442,0.13134
G189E,greedy_ssm,384,2,1110001100011110,8.96077,9.78771,9.78771,9.80838,0.13134
G189E,greedy_ssm,384,2,1110001100100100,9.70661,9.90487,9.90487,9.90487,0.13134
G189E,greedy_ssm,384,2,1110001101100001,9.8717,9.94303,9.94303,9.91885,0.13134
G189E,greedy_ssm,384,2,1110001110010101,9.18669,9.84397,9.84397,9.88584,0.13134
G189E,greedy_ssm,384,2,1110001110101110,9.61859,9.83098,9.83098,9.91531,0.13134
G189E,greedy_ssm,384,2,1110001111001001,9.32234,9.91757,9.91757,9.91757,0.13134
G189E,greedy_ssm,384,2,1110010000100010,8.73081,9.75459,9.75459,9.85212,0.13134
G189E,greedy_ssm,384,2,1110010001010000,8.04019,9.60809,9.60809,9.80314,0.13134
G189E,greedy_ssm,384,2,1110010101101011,9.8906,10.13742,10.13742,9.8906,0.13134
G189E,greedy_ssm,384,2,1110010110010010,8.2016,9.64789,9.64789,9.83268,0.13134
G189E,greedy_ssm,384,2,1110010110101110,9.44127,10.13742,10.13742,10.13742,0.13134
G189E,greedy_ssm,384,2,1110010110111010,9.43691,9.80005,9.80005,9.87085,0.13134
G189E,greedy_ssm,384,2,1110011000000010,8.65271,9.51487,9.51487,9.78085,0.13134
G189E,greedy_ssm,384,2,1110011000000110,8.68121,9.5693,9.5693,9.76815,0.13134
G189E,greedy_ssm,384,2,1110011000100001,9.39977,9.85599,9.85599,9.94303,0.13134
G189E,greedy_ssm,384,2,1110011001001101,9.12528,9.89187,9.89187,9.91243,0.13134
G189E,greedy_ssm,384,2,1110011010100111,9.47613,9.93835,9.93835,9.94592,0.13134
G189E,greedy_ssm,384,2,1110011100000101,9.24549,9.90157,9.90157,9.92308,0.13134
G189E,greedy_ssm,384,2,1110011100101111,9.77549,9.91531,9.91531,10.13742,0.13134
G189E,greedy_ssm,384,2,1110011101111111,9.86117,9.91531,9.91531,9.90669,0.13134
G189E,greedy_ssm,384,2,1110011111001110,9.01794,9.91531,9.91531,10.13742,0.13134
G189E,greedy_ssm,384,2,1110100000001101,8.6179,9.53187,9.53187,9.6771,0.13134
G189E,greedy_ssm,384,2,1110100000110001,9.23964,9.63657,9.63657,9.63657,0.13134
G189E,greedy_ssm,384,2,1110100001111100,9.29798,9.71695,9.71695,9.82627,0.13134
G189E,greedy_ssm,384,2,1110100010000010,8.08211,9.34052,9.34052,9.56964,0.13134
G189E,greedy_ssm,384,2,1110100100001101,8.9967,9.69337,9.69337,9.80915,0.13134
G189E,greedy_ssm,384,2,1110100101001110,8.58754,9.61828,9.61828,9.79422,0.13134
G189E,greedy_ssm,384,2,1110100101101001,9.41834,9.87035,9.87035,9.93577,0.13134
G189E,greedy_ssm,384,2,1110100101110101,9.4762,9.82627,9.82627,9.86301,0.13134
G189E,greedy_ssm,384,2,1110100110000010,8.51411,9.53584,9.53584,9.72637,0.13134
G189E,greedy_ssm,384,2,1110100110100000,9.38781,9.7481,9.7481,9.77161,0.13134
G189E,greedy_ssm,384,2,1110100110101111,9.45189,9.89686,9.89686,10.13742,0.13134
G189E,greedy_ssm,384,2,1110100111000110,8.71668,9.64187,9.64187,9.87577,0.13134
G189E,greedy_ssm,384,2,1110100111100111,9.63689,9.94619,9.94619,9.94619,0.13134
G189E,greedy_ssm,384,2,1110101010000000,9.1801,9.65996,9.65996,9.7481,0.13134
G189E,greedy_ssm,384,2,1110101101000010,8.93757,9.83059,9.83059,9.90387,0.13134
G189E,greedy_ssm,384,2,1110101101111011,9.7059,9.87931,9.87931,9.90669,0.13134
G189E,greedy_ssm,384,2,1110101110110100,9.58047,9.78897,9.78897,9.84085,0.13134
G189E,greedy_ssm,384,2,1110101111001111,9.50741,9.85032,9.85032,9.90108,0.13134
G189E,greedy_ssm,384,2,1110101111010111,9.49914,9.85057,9.85057,9.90445,0.13134
G189E,greedy_ssm,384,2,1110110000010111,8.43042,9.58318,9.58318,9.67316,0.13134
G189E,greedy_ssm,384,2,1110110000011010,8.2953,9.42937,9.42937,9.43044,0.13134
G189E,greedy_ssm,384,2,1110110010101110,8.97907,9.61883,9.61883,9.77568,0.13134
G189E,greedy_ssm,384,2,1110110100110111,9.50853,9.85935,9.85935,9.85935,0.13134
G189E,greedy_ssm,384,2,1110110101111100,9.45274,9.80174,9.80174,9.82201,0.13134
G189E,greedy_ssm,384,2,1110110111011100,8.68444,9.80174,9.80174,9.80174,0.13134
G189E,greedy_ssm,384,2,1110111001010011,9.27574,9.709,9.709,9.78957,0.13134
G189E,greedy_ssm,384,2,1110111001101110,9.4211,9.82696,9.82696,9.87918,0.13134
G189E,greedy_ssm,384,2,1110111010000011,9.24618,9.67384,9.67384,9.74275,0.13134
G189E,greedy_ssm,384,2,1110111010010100,9.01715,9.59885,9.59885,9.73213,0.13134
G189E,greedy_ssm,384,2,1110111010110010,9.03701,9.64063,9.64063,9.71411,0.13134
G189E,greedy_ssm,384,2,1110111011010010,8.70194,9.56802,9.56802,9.71411,0.13134
G189E,greedy_ssm,384,2,1110111011101100,9.60293,9.83143,9.83143,9.83143,0.13134
G189E,greedy_ssm,384,2,1110111100011000,9.01285,9.64097,9.64097,9.77897,0.13134
G189E,greedy_ssm,384,2,1110111101111001,9.68635,9.89759,9.89759,9.91584,0.13134
G189E,greedy_ssm,384,2,1110111111100100,9.74163,9.9282,9.9282,9.88247,0.13134
G189E,greedy_ssm,384,2,1111000011000000,,,,,0.13134
G189E,greedy_ssm,384,2,1111000011001000,,,,,0.13134
G189E,greedy_ssm,384,2,1111000100110100,9.10591,9.75233,9.75233,9.75522,0.13134
G189E,greedy_ssm,384,2,1111000100111110,9.0087,9.78393,9.78393,9.74347,0.13134
G189E,greedy_ssm,384,2,1111000111010111,8.21394,9.8139,9.8139,9.88824,0.13134
G189E,greedy_ssm,384,2,1111001000111100,8.87484,9.77703,9.77703,9.77404,0.13134
G189E,greedy_ssm,384,2,1111001001010011,8.52326,9.67718,9.67718,9.82083,0.13134
G189E,greedy_ssm,384,2,1111001100011010,8.24653,9.58395,9.58395,9.79783,0.13134
G189E,greedy_ssm,384,2,1111001111101110,9.61127,9.85032,9.85032,9.90108,0.13134
G189E,greedy_ssm,384,2,1111001111111100,9.59622,9.8442,9.8442,9.9085,0.13134
G189E,greedy_ssm,384,2,1111010001100011,9.15087,9.85212,9.85212,9.82083,0.13134
G189E,greedy_ssm,384,2,1111010011010100,7.49973,9.70347,9.70347,9.77224,0.13134
G189E,greedy_ssm,384,2,1111010011110000,9.16477,9.7919,9.7919,9.88144,0.13134
G189E,greedy_ssm,384,2,1111010100101110,8.96192,9.74789,9.74789,9.79208,0.13134
G189E,greedy_ssm,384,2,1111010101001001,7.77079,9.74144,9.74144,9.89759,0.13134
G189E,greedy_ssm,384,2,1111010101101010,9.25875,9.8906,9.8906,9.85478,0.13134
G189E,greedy_ssm,384,2,1111010110101010,9.06014,9.78927,9.78927,9.87716,0.13134
G189E,greedy_ssm,384,2,1111011011011111,8.48179,9.78661,9.78661,9.74896,0.13134
G189E,greedy_ssm,384,2,1111011011100000,9.34169,9.87563,9.87563,9.85818,0.13134
G189E,greedy_ssm,384,2,1111011011111010,9.1588,9.75321,9.75321,9.85681,0.13134
G189E,greedy_ssm,384,2,1111011100011010,8.10744,9.59777,9.59777,9.75882,0.13134
G189E,greedy_ssm,384,2,1111100000110000,9.49168,9.69092,9.69092,9.7687,0.13134
G189E,greedy_ssm,384,2,1111100001001001,8.89681,9.71047,9.71047,9.86625,0.13134
G189E,greedy_ssm,384,2,1111100001001011,9.1201,9.73978,9.73978,10.33071,0.13134
G189E,greedy_ssm,384,2,1111100001011001,8.91752,9.72804,9.72804,9.75548,0.13134
G189E,greedy_ssm,384,2,1111100001110101,9.5768,9.75548,9.75548,9.75998,0.13134
G189E,greedy_ssm,384,2,1111100010100001,9.51709,9.75294,9.75294,9.78485,0.13134
G189E,greedy_ssm,384,2,1111100010110000,9.41295,9.70331,9.70331,9.7043,0.13134
G189E,greedy_ssm,384,2,1111100011001111,9.04168,9.80749,9.80749,10.33071,0.13134
G189E,greedy_ssm,384,2,1111100100001000,8.97472,9.75501,9.75501,9.7872,0.13134
G189E,greedy_ssm,384,2,1111100100010010,8.70138,9.72227,9.72227,9.78093,0.13134
G189E,greedy_ssm,384,2,1111100101010110,8.71388,9.72313,9.72313,9.78712,0.13134
G189E,greedy_ssm,384,2,1111100110100111,9.7846,9.82266,9.82266,10.33071,0.13134
G189E,greedy_ssm,384,2,1111100111101001,9.81363,10.33071,10.33071,10.33071,0.13134
G189E,greedy_ssm,384,2,1111100111101010,9.63116,10.33071,10.33071,10.33071,0.13134
G189E,greedy_ssm,384,2,1111101000010101,9.44128,9.69074,9.69074,9.69048,0.13134
G189E,greedy_ssm,384,2,1111101000011010,9.10606,9.62557,9.62557,9.79783,0.13134
G189E,greedy_ssm,384,2,1111101000110100,9.56928,9.75522,9.75522,9.76298,0.13134
G189E,greedy_ssm,384,2,1111101010001101,9.43492,9.72255,9.72255,9.82494,0.13134
G189E,greedy_ssm,384,2,1111101011000100,9.51145,9.84085,9.84085,9.85818,0.13134
G189E,greedy_ssm,384,2,1111101110001001,9.42295,9.7872,9.7872,9.81591,0.13134
G189E,greedy_ssm,384,2,1111101110100101,9.75997,9.85293,9.85293,9.85818,0.13134
G189E,greedy_ssm,384,2,1111110000101000,9.54388,9.82196,9.82196,9.82196,0.13134
G189E,greedy_ssm,384,2,1111110001111010,9.39227,9.79664,9.79664,9.92736,0.13134
G189E,greedy_ssm,384,2,1111110001111011,9.63558,9.92736,9.92736,9.92736,0.13134
G189E,greedy_ssm,384,2,1111110010001101,9.04275,9.82196,9.82196,9.82196,0.13134
G189E,greedy_ssm,384,2,1111110011100000,9.47938,9.80516,9.80516,9.85818,0.13134
G189E,greedy_ssm,384,2,1111110101001101,8.85137,9.83035,9.83035,9.83035,0.13134
G189E,greedy_ssm,384,2,1111110111001011,9.36282,10.33071,10.33071,10.33071,0.13134
G189E,greedy_ssm,384,2,1111110111111101,9.66933,9.92736,9.92736,9.92736,0.13134
G189E,greedy_ssm,384,2,1111111001011110,9.12452,9.65083,9.65083,9.77637,0.13134
G189E,greedy_ssm,384,2,1111111010001011,9.35362,9.75988,9.75988,9.82728,0.13134
G189E,greedy_ssm,384,2,1111111111110111,9.81429,9.90445,9.84509,9.85818,0.13134
G189E,greedy_ssm,384,2,1111111111111100,9.70646,9.85818,9.85818,9.88247,0.13134
G189E,greedy_ssm,384,3,0000000001111010,8.00297,9.81285,9.81285,9.81285,0.13134
G189E,greedy_ssm,384,3,0000000011101110,8.46251,9.81943,9.81943,9.81943,0.13134
G189E,greedy_ssm,384,3,0000000100010011,,,,,0.13134
G189E,greedy_ssm,384,3,0000000101001100,,,,,0.13134
G189E,greedy_ssm,384,3,0000001000100001,7.97119,9.84297,9.84297,9.84297,0.13134
G189E,greedy_ssm,384,3,0000001000100100,7.8067,9.7952,9.7952,9.7952,0.13134
G189E,greedy_ssm,384,3,0000001001001100,,,,,0.13134
G189E,greedy_ssm,384,3,0000001001101010,8.56307,9.81252,9.81252,9.81252,0.13134
G189E,greedy_ssm,384,3,0000001011101110,8.85559,9.83899,9.83899,9.83899,0.13134
G189E,greedy_ssm,384,3,0000001101011001,7.794,9.91719,9.91719,9.91719,0.13134
G189E,greedy_ssm,384,3,0000001110001001,,,,,0.13134
G189E,greedy_ssm,384,3,0000001111001001,7.77989,9.91022,9.91022,9.91022,0.13134
G189E,greedy_ssm,384,3,0000001111001111,7.94272,9.91478,9.91478,9.91478,0.13134
G189E,greedy_ssm,384,3,0000010000001100,,,,,0.13134
G189E,greedy_ssm,384,3,0000010000100100,,,,,0.13134
G189E,greedy_ssm,384,3,0000010000110110,7.19849,9.61606,9.61606,9.61606,0.13134
G189E,greedy_ssm,384,3,0000010001000101,,,,,0.13134
G189E,greedy_ssm,384,3,0000010001100000,8.0147,9.77772,9.77772,9.73477,0.13134
G189E,greedy_ssm,384,3,0000010001101100,7.85107,9.79037,9.79037,9.79037,0.13134
G189E,greedy_ssm,384,3,0000010010001101,,,,,0.13134
G189E,greedy_ssm,384,3,0000010010110010,7.69278,9.67792,9.67792,9.67792,0.13134
G189E,greedy_ssm,384,3,0000010010110100,7.72353,9.81901,9.81901,9.81901,0.13134
G189E,greedy_ssm,384,3,0000010110100101,8.63285,9.91221,9.91221,9.91221,0.13134
G189E,greedy_ssm,384,3,0000010110101010,8.31763,9.91739,9.91739,9.79138,0.13134
G189E,greedy_ssm,384,3,0000011001101010,8.43478,9.78337,9.78337,9.78337,0.13134
G189E,greedy_ssm,384,3,0000011001111100,8.74494,9.87009,9.87009,9.87009,0.13134
G189E,greedy_ssm,384,3,0000011010000101,,,,,0.13134
G189E,greedy_ssm,384,3,0000011010101011,8.05135,9.90112,9.90112,9.90112,0.13134
G189E,greedy_ssm,384,3,0000011010111000,8.03761,9.74756,9.74756,9.74289,0.13134
G189E,greedy_ssm,384,3,0000011100001111,,,,,0.13134
G189E,greedy_ssm,384,3,0000011110100011,9.46503,9.93348,9.93348,9.93348,0.13134
G189E,greedy_ssm,384,3,0000011111110000,9.55131,9.9282,9.9282,9.89498,0.13134
G189E,greedy_ssm,384,3,0000100010001000,,,,,0.13134
G189E,greedy_ssm,384,3,0000100011100101,8.69041,9.78428,9.78428,9.72151,0.13134
G189E,greedy_ssm,384,3,0000100011101100,8.83889,9.72324,9.72324,9.71931,0.13134
G189E,greedy_ssm,384,3,0000100100000010,,,,,0.13134
G189E,greedy_ssm,384,3,0000100100001010,,,,,0.13134
G189E,greedy_ssm,384,3,0000100101000010,,,,,0.13134
G189E,greedy_ssm,384,3,0000100110101011,8.59429,9.89492,9.89492,9.83244,0.13134
G189E,greedy_ssm,384,3,0000101001011010,7.53953,9.62568,9.62568,9.62568,0.13134
G189E,greedy_ssm,384,3,0000101001110000,8.82035,9.80923,9.80923,9.80923,0.13134
G189E,greedy_ssm,384,3,0000101001111101,8.98908,9.89578,9.89578,9.74577,0.13134
G189E,greedy_ssm,384,3,0000101010010011,,,,,0.13134
G189E,greedy_ssm,384,3,0000101010110011,8.37004,9.85443,9.85443,9.78687,0.13134
G189E,greedy_ssm,384,3,0000101011010110,7.59073,9.61551,9.61551,9.61551,0.13134
G189E,greedy_ssm,384,3,0000101100001011,,,,,0.13134
G189E,greedy_ssm,384,3,0000101100011001,,,,,0.13134
G189E,greedy_ssm,384,3,0000101110010100,,,,,0.13134
G189E,greedy_ssm,384,3,0000101111100000,9.60677,9.89593,9.89593,9.83303,0.13134
G189E,greedy_ssm,384,3,0000101111100101,9.65494,9.91221,9.91221,9.81969,0.13134
G189E,greedy_ssm,384,3,0000101111110111,9.61551,10.07398,10.07398,9.83089,0.13134
G189E,greedy_ssm,384,3,0000110001000111,,,,,0.13134
G189E,greedy_ssm,384,3,0000110001111101,8.7592,9.78945,9.78945,9.67356,0.13134
G189E,greedy_ssm,384,3,0000110010111011,7.55327,9.76367,9.76367,9.76367,0.13134
G189E,greedy_ssm,384,3,0000110100010010,,,,,0.13134
G189E,greedy_ssm,384,3,0000110100111110,8.09294,9.68606,9.68606,9.68606,0.13134
G189E,greedy_ssm,384,3,0000110101010101,7.409,9.72779,9.72779,9.68738,0.13134
G189E,greedy_ssm,384,3,0000111010001011,,,,,0.13134
G189E,greedy_ssm,384,3,0000111010010101,,,,,0.13134
G189E,greedy_ssm,384,3,0000111010011101,,,,,0.13134
G189E,greedy_ssm,384,3,0000111011000001,7.87956,9.76224,9.76224,9.71899,0.13134
G189E,greedy_ssm,384,3,0000111100001111,,,,,0.13134
G189E,greedy_ssm,384,3,0000111100011100,,,,,0.13134
G189E,greedy_ssm,384,3,0000111100100010,8.52939,9.80416,9.80416,9.68931,0.13134
G189E,greedy_ssm,384,3,0000111101010100,8.21118,9.77775,9.77775,9.6979,0.13134
G189E,greedy_ssm,384,3,0000111101011001,8.39617,9.83626,9.83626,9.77387,0.13134
G189E,greedy_ssm,384,3,0001000000011101,,,,,0.13134
G189E,greedy_ssm,384,3,0001000001101111,8.02525,9.78608,9.78608,9.77037,0.13134
G189E,greedy_ssm,384,3,0001000100011011,,,,,0.13134
G189E,greedy_ssm,384,3,0001000110000110,,,,,0.13134
G189E,greedy_ssm,384,3,0001000110001000,,,,,0.13134
G189E,greedy_ssm,384,3,0001000110001111,,,,,0.13134
G189E,greedy_ssm,384,3,0001000110011111,,,,,0.13134
G189E,greedy_ssm,384,3,0001000111001010,,,,,0.13134
G189E,greedy_ssm,384,3,0001000111111111,9.30084,10.09513,10.09513,9.89129,0.13134
G189E,greedy_ssm,384,3,0001001001011110,,,,,0.13134
G189E,greedy_ssm,384,3,0001001011011010,,,,,0.13134
G189E,greedy_ssm,384,3,0001001011110100,8.36816,9.82065,9.82065,9.72046,0.13134
G189E,greedy_ssm,384,3,0001001100000000,,,,,0.13134
G189E,greedy_ssm,384,3,0001001100011011,,,,,0.13134
G189E,greedy_ssm,384,3,0001001101100000,9.05007,9.89927,9.89927,9.7903,0.13134
G189E,greedy_ssm,384,3,0001010001100100,,,,,0.13134
G189E,greedy_ssm,384,3,0001010010000100,,,,,0.13134
G189E,greedy_ssm,384,3,0001010010001110,,,,,0.13134
G189E,greedy_ssm,384,3,0001010100001010,,,,,0.13134
G189E,greedy_ssm,384,3,0001010110100011,8.15799,9.81902,9.81902,9.81902,0.13134
G189E,greedy_ssm,384,3,0001010111100111,9.14227,9.90027,9.90027,9.82091,0.13134
G189E,greedy_ssm,384,3,0001011000010110,,,,,0.13134
G189E,greedy_ssm,384,3,0001011000100011,6.91098,9.80416,9.80416,9.80416,0.13134
G189E,greedy_ssm,384,3,0001011011000010,,,,,0.13134
G189E,greedy_ssm,384,3,0001011011011110,,,,,0.13134
G189E,greedy_ssm,384,3,0001011100000011,,,,,0.13134
G189E,greedy_ssm,384,3,0001011100010100,,,,,0.13134
G189E,greedy_ssm,384,3,0001011111001110,,,,,0.13134
G189E,greedy_ssm,384,3,0001011111010011,8.50656,9.87606,9.87606,9.80413,0.13134
G189E,greedy_ssm,384,3,0001011111110011,9.35889,10.07398,10.07398,9.84905,0.13134
G189E,greedy_ssm,384,3,0001100001000110,7.16976,9.75288,9.75288,9.75288,0.13134
G189E,greedy_ssm,384,3,0001100010110100,9.09454,9.72679,9.72679,9.72679,0.13134
G189E,greedy_ssm,384,3,0001100011001010,7.59379,9.91739,9.91739,9.81108,0.13134
G189E,greedy_ssm,384,3,0001100011111011,9.63347,9.89129,9.89129,9.83342,0.13134
G189E,greedy_ssm,384,3,0001100110000011,7.49278,9.81108,9.81108,9.7939,0.13134
G189E,greedy_ssm,384,3,0001100111001010,8.20165,9.91739,9.91739,9.91739,0.13134
G189E,greedy_ssm,384,3,0001100111100110,9.51767,9.91739,9.91739,9.82091,0.13134
G189E,greedy_ssm,384,3,0001101001000000,8.68136,9.77755,9.77755,9.71755,0.13134
G189E,greedy_ssm,384,3,0001101100010110,8.00675,9.77267,9.77267,9.77267,0.13134
G189E,greedy_ssm,384,3,0001101110011000,7.75869,9.76734,9.76734,9.76734,0.13134
G189E,greedy_ssm,384,3,0001101111010111,9.27043,9.83089,9.83089,9.83089,0.13134
G189E,greedy_ssm,384,3,0001101111110011,9.78687,10.07398,10.07398,9.84905,0.13134
G189E,greedy_ssm,384,3,0001110000101011,9.17866,9.81902,9.81902,9.73376,0.13134
G189E,greedy_ssm,384,3,0001110000111011,9.17622,9.80416,9.80416,9.76778,0.13134
G189E,greedy_ssm,384,3,0001110001011111,7.58306,9.78694,9.78694,9.78694,0.13134
G189E,greedy_ssm,384,3,0001110100100100,9.24548,9.79925,9.79925,9.79925,0.13134
G189E,greedy_ssm,384,3,0001110101000000,8.11211,9.87346,9.87346,9.77288,0.13134
G189E,greedy_ssm,384,3,0001110101001110,7.88448,9.91739,9.91739,9.82091,0.13134
G189E,greedy_ssm,384,3,0001110101100101,9.65512,9.836,9.836,9.836,0.13134
G189E,greedy_ssm,384,3,0001110110010100,,,,,0.13134
G189E,greedy_ssm,384,3,0001110111000110,8.13439,9.91739,9.91739,9.82091,0.13134
G189E,greedy_ssm,384,3,0001110111001100,8.23216,9.91739,9.91739,9.8748,0.13134
G189E,greedy_ssm,384,3,0001111000001101,8.21417,9.72142,9.72142,9.72142,0.13134
G189E,greedy_ssm,384,3,0001111001001101,8.82453,9.83591,9.83591,9.83591,0.13134
G189E,greedy_ssm,384,3,0001111001010100,8.76359,9.77775,9.77775,9.91681,0.13134
G189E,greedy_ssm,384,3,0001111010010100,8.01767,9.69966,9.69966,9.61753,0.13134
G189E,greedy_ssm,384,3,0001111100001100,8.0269,9.77827,9.77827,9.77827,0.13134
G189E,greedy_ssm,384,3,0001111100010111,8.18691,9.80205,9.80205,9.78411,0.13134
G189E,greedy_ssm,384,3,0001111100101111,9.64036,9.86776,9.86776,9.90112,0.13134
G189E,greedy_ssm,384,3,0001111101000111,9.25976,9.84714,9.84714,9.84714,0.13134
G189E,greedy_ssm,384,3,0001111101101011,9.75337,9.91739,9.91739,9.85008,0.13134
G189E,greedy_ssm,384,3,0001111101110001,9.72452,9.88371,9.88371,9.78411,0.13134
G189E,greedy_ssm,384,3,0010000001101011,9.55884,10.30565,10.30565,10.30565,0.13134
G189E,greedy_ssm,384,3,0010000011101000,9.32829,9.89492,9.89492,9.88858,0.13134
G189E,greedy_ssm,384,3,0010000011101111,9.69856,10.30565,10.30565,9.91681,0.13134
G189E,greedy_ssm,384,3,0010000100001001,8.44127,9.83242,9.83242,9.77782,0.13134
G189E,greedy_ssm,384,3,0010000100110011,9.698,10.30565,10.30565,9.78592,0.13134
G189E,greedy_ssm,384,3,0010000111101100,9.72324,9.93831,9.93831,9.93831,0.13134
G189E,greedy_ssm,384,3,0010001000001110,8.42831,9.79948,9.79948,9.49246,0.13134
G189E,greedy_ssm,384,3,0010001001101101,9.69303,9.93831,9.93831,9.93831,0.13134
G189E,greedy_ssm,384,3,0010001010110100,9.29045,9.85165,9.85165,9.85165,0.13134
G189E,greedy_ssm,384,3,0010001101100000,9.82773,9.94303,9.94303,9.89927,0.13134
G189E,greedy_ssm,384,3,0010001110001111,9.11793,9.91478,9.91478,9.91478,0.13134
G189E,greedy_ssm,384,3,0010001110010111,9.2228,9.89812,9.89812,9.89812,0.13134
G189E,greedy_ssm,384,3,0010001110101001,9.76792,9.9742,9.9742,9.93831,0.13134
G189E,greedy_ssm,384,3,0010001111101110,9.65821,9.94356,9.94356,9.94356,0.13134
G189E,greedy_ssm,384,3,0010010010100011,8.9947,10.30565,10.30565,10.30565,0.13134
G189E,greedy_ssm,384,3,0010010010101110,8.52384,9.81776,9.81776,9.81776,0.13134
G189E,greedy_ssm,384,3,0010010011011001,7.94992,9.88249,9.88249,9.8282,0.13134
G189E,greedy_ssm,384,3,0010010100011010,7.66937,9.78592,9.78592,9.66822,0.13134
G189E,greedy_ssm,384,3,0010010100111100,9.57107,9.87009,9.87009,9.87009,0.13134
G189E,greedy_ssm,384,3,0010010101011101,8.17388,9.89578,9.89578,9.85713,0.13134
G189E,greedy_ssm,384,3,0010010110010111,8.22824,9.90027,9.90027,9.90027,0.13134
G189E,greedy_ssm,384,3,0010010111011000,8.1623,9.85665,9.85665,9.8282,0.13134
G189E,greedy_ssm,384,3,0010011001000111,8.74567,9.89296,9.89296,9.89296,0.13134
G189E,greedy_ssm,384,3,0010011001010001,8.69238,9.88371,9.88371,9.88371,0.13134
G189E,greedy_ssm,384,3,0010011011110011,9.68195,9.93348,9.93348,9.9102,0.13134
G189E,greedy_ssm,384,3,0010011111101110,9.7341,9.97272,9.97272,9.97272,0.13134
G189E,greedy_ssm,384,3,0010100011111001,9.25494,9.83342,9.83342,9.8061,0.13134
G189E,greedy_ssm,384,3,0010100100001000,8.23816,9.69985,9.69985,9.65892,0.13134
G189E,greedy_ssm,384,3,0010100101111010,9.33506,9.91719,9.91719,9.91719,0.13134
G189E,greedy_ssm,384,3,0010101000010000,9.05018,9.71121,9.71121,9.66453,0.13134
G189E,greedy_ssm,384,3,0010101101010100,9.05534,9.82771,9.82771,9.80903,0.13134
G189E,greedy_ssm,384,3,0010101110011010,8.65178,9.75458,9.75458,9.74043,0.13134
G189E,greedy_ssm,384,3,0010101110111010,9.40848,9.85443,9.85443,9.85443,0.13134
G189E,greedy_ssm,384,3,0010101111001001,9.18255,9.91022,9.91022,9.91022,0.13134
G189E,greedy_ssm,384,3,0010101111101011,9.73534,10.30565,10.30565,9.9228,0.13134
G189E,greedy_ssm,384,3,0010110000110101,9.01393,9.72779,9.72779,9.72779,0.13134
G189E,greedy_ssm,384,3,0010110001100100,9.13344,9.79925,9.79925,9.79925,0.13134
G189E,greedy_ssm,384,3,0010110010010010,7.93534,9.47735,9.47735,9.37646,0.13134
G189E,greedy_ssm,384,3,0010110101011010,7.92051,9.78592,9.78592,9.78592,0.13134
G189E,greedy_ssm,384,3,0010111000011111,9.04047,9.74785,9.74785,9.74785,0.13134
G189E,greedy_ssm,384,3,0010111010101010,8.9424,9.81684,9.81684,9.7773,0.13134
G189E,greedy_ssm,384,3,0010111011101011,9.59539,9.91172,9.91172,9.80556,0.13134
G189E,greedy_ssm,384,3,0010111011110010,9.30041,9.87606,9.87606,9.80216,0.13134
G189E,greedy_ssm,384,3,0010111100001111,9.12468,9.84289,9.84289,9.81684,0.13134
G189E,greedy_ssm,384,3,0010111100010000,8.82994,9.79017,9.79017,9.68931,0.13134
G189E,greedy_ssm,384,3,0010111101110011,9.7307,9.91719,9.91719,9.88371,0.13134
G189E,greedy_ssm,384,3,0010111111010100,9.27289,9.85165,9.85165,9.85165,0.13134
G189E,greedy_ssm,384,3,0010111111101110,9.64956,9.90428,9.90428,9.90428,0.13134
G189E,greedy_ssm,384,3,0011000000011001,,,,,0.13134
G189E,greedy_ssm,384,3,0011000011010100,,,,,0.13134
G189E,greedy_ssm,384,3,0011000100101010,8.62882,9.83242,9.83242,9.79963,0.13134
G189E,greedy_ssm,384,3,0011000101110010,9.01302,9.84285,9.84285,9.84285,0.13134
G189E,greedy_ssm,384,3,0011000110000100,7.50593,9.7336,9.7336,9.7336,0.13134
G189E,greedy_ssm,384,3,0011000110011011,7.59596,10.09513,10.09513,9.78769,0.13134
G189E,greedy_ssm,384,3,0011000110011111,7.67761,9.91635,9.91635,9.75449,0.13134
G189E,greedy_ssm,384,3,0011001000000100,8.0237,9.70591,9.70591,9.67214,0.13134
G189E,greedy_ssm,384,3,0011001000110011,8.63059,9.85443,9.85443,9.83168,0.13134
G189E,greedy_ssm,384,3,0011001001010100,7.73727,9.80284,9.80284,9.76539,0.13134
G189E,greedy_ssm,384,3,0011001001110011,9.19335,9.91719,9.91719,9.77131,0.13134
G189E,greedy_ssm,384,3,0011001011011000,7.96953,9.78315,9.78315,9.68158,0.13134
G189E,greedy_ssm,384,3,0011001011011001,8.10809,9.81205,9.81205,9.78361,0.13134
G189E,greedy_ssm,384,3,0011001100000001,8.24641,9.84297,9.84297,9.7903,0.13134
G189E,greedy_ssm,384,3,0011001100010100,8.10232,9.80284,9.80284,9.76539,0.13134
G189E,greedy_ssm,384,3,0011001101100000,9.63589,9.89927,9.89927,9.89927,0.13134
G189E,greedy_ssm,384,3,0011001101110001,9.61603,9.91719,9.91719,9.88371,0.13134
G189E,greedy_ssm,384,3,0011001111011110,7.98285,9.86169,9.86169,9.86169,0.13134
G189E,greedy_ssm,384,3,0011001111100110,9.50987,9.94356,9.94356,9.94356,0.13134
G189E,greedy_ssm,384,3,0011010000101100,7.82596,9.70887,9.70887,9.65336,0.13134
G189E,greedy_ssm,384,3,0011010000111000,8.2126,9.64569,9.64569,9.62039,0.13134
G189E,greedy_ssm,384,3,0011010001000100,,,,,0.13134
G189E,greedy_ssm,384,3,0011010011111000,8.9044,9.74993,9.74993,9.75457,0.13134
G189E,greedy_ssm,384,3,0011010100100101,8.78599,9.89296,9.89296,9.836,0.13134
G189E,greedy_ssm,384,3,0011010101101000,8.87163,9.8748,9.8748,9.83308,0.13134
G189E,greedy_ssm,384,3,0011010110010010,,,,,0.13134
G189E,greedy_ssm,384,3,0011010111000000,,,,,0.13134
G189E,greedy_ssm,384,3,0011010111011011,7.99182,10.09513,10.09513,9.91917,0.13134
G189E,greedy_ssm,384,3,0011011000100111,8.61067,9.86384,9.86384,9.81323,0.13134
G189E,greedy_ssm,384,3,0011011010010011,8.091,9.72046,9.72046,9.71951,0.13134
G189E,greedy_ssm,384,3,0011011010111101,8.98119,9.83048,9.83048,9.69321,0.13134
G189E,greedy_ssm,384,3,0011011011111011,9.32367,9.90428,9.90428,9.90428,0.13134
G189E,greedy_ssm,384,3,0011011110100011,9.54339,9.93348,9.93348,9.93348,0.13134
G189E,greedy_ssm,384,3,0011011111011101,8.58666,9.90428,9.90428,9.90428,0.13134
G189E,greedy_ssm,384,3,0011011111111101,9.68405,9.97272,9.97272,9.90428,0.13134
G189E,greedy_ssm,384,3,0011100000000001,8.76593,9.74127,9.74127,9.74127,0.13134
G189E,greedy_ssm,384,3,0011100000111011,9.48983,9.83342,9.83342,9.83168,0.13134
G189E,greedy_ssm,384,3,0011100000111101,9.39087,9.8061,9.8061,9.82242,0.13134
G189E,greedy_ssm,384,3,0011100010001011,9.08598,9.82039,9.82039,9.82039,0.13134
G189E,greedy_ssm,384,3,0011100100010011,8.94694,9.83168,9.83168,9.73845,0.13134
G189E,greedy_ssm,384,3,0011100100011101,8.68919,9.8061,9.8061,9.8061,0.13134
G189E,greedy_ssm,384,3,0011100101010010,8.23324,9.78518,9.78518,9.76393,0.13134
G189E,greedy_ssm,384,3,0011100101010101,8.64562,9.80903,9.80903,9.80903,0.13134
G189E,greedy_ssm,384,3,0011100101011010,8.23016,9.83342,9.83342,9.83342,0.13134
G189E,greedy_ssm,384,3,0011100110010010,8.34747,9.78518,9.78518,9.76393,0.13134
G189E,greedy_ssm,384,3,0011100111100111,9.75572,10.30565,10.30565,9.83605,0.13134
G189E,greedy_ssm,384,3,0011101000101010,9.411,9.83168,9.83168,9.83168,0.13134
G189E,greedy_ssm,384,3,0011101001111100,9.55671,9.90802,9.90802,9.78516,0.13134
G189E,greedy_ssm,384,3,0011101100001100,9.30774,9.83673,9.83673,9.83673,0.13134
G189E,greedy_ssm,384,3,0011101101011000,9.01992,9.80262,9.80262,9.80262,0.13134
G189E,greedy_ssm,384,3,0011101101110111,9.73132,9.89203,9.89203,9.82078,0.13134
G189E,greedy_ssm,384,3,0011110001000100,7.97659,9.79925,9.79925,9.79925,0.13134
G189E,greedy_ssm,384,3,0011110001000111,8.6636,9.81022,9.81022,9.81022,0.13134
G189E,greedy_ssm,384,3,0011110001010100,8.31126,9.71806,9.71806,9.67144,0.13134
G189E,greedy_ssm,384,3,0011110001101110,9.42409,9.8748,9.8748,9.79013,0.13134
G189E,greedy_ssm,384,3,0011110010000001,8.69184,9.76224,9.76224,9.76224,0.13134
G189E,greedy_ssm,384,3,0011110010101010,9.11697,9.91739,9.91739,9.7773,0.13134
G189E,greedy_ssm,384,3,0011110011100000,9.50004,9.88144,9.88144,9.83086,0.13134
G189E,greedy_ssm,384,3,0011110011110100,9.58533,9.90802,9.90802,9.75223,0.13134
G189E,greedy_ssm,384,3,0011110100000111,8.91803,9.81323,9.81323,9.81323,0.13134
G189E,greedy_ssm,384,3,0011110100010111,8.62838,9.80205,9.80205,9.72648,0.13134
G189E,greedy_ssm,384,3,0011110101111010,9.37228,9.91917,9.91917,9.91917,0.13134
G189E,greedy_ssm,384,3,0011110110010110,8.24977,9.72403,9.72403,9.72403,0.13134
G189E,greedy_ssm,384,3,0011110111101001,9.60795,9.91917,9.91917,9.86729,0.13134
G189E,greedy_ssm,384,3,0011111010010100,9.25807,9.72865,9.72865,9.72865,0.13134
G189E,greedy_ssm,384,3,0011111010100100,9.50654,9.85293,9.85293,9.80463,0.13134
G189E,greedy_ssm,384,3,0011111011100101,9.69257,9.91221,9.91221,9.84041,0.13134
G189E,greedy_ssm,384,3,0011111011111101,9.67906,9.83591,9.83591,9.83591,0.13134
G189E,greedy_ssm,384,3,0011111100111000,9.54281,9.83168,9.83168,9.76734,0.13134
G189E,greedy_ssm,384,3,0011111110110001,9.71402,9.9015,9.9015,9.85547,0.13134
G189E,greedy_ssm,384,3,0011111110110010,9.46555,9.9015,9.9015,9.7933,0.13134
G189E,greedy_ssm,384,3,0011111111011001,9.36175,9.86729,9.86729,9.86729,0.13134
G189E,greedy_ssm,384,3,0011111111111000,9.69077,9.90802,9.90802,9.86729,0.13134
G189E,greedy_ssm,384,3,0100000000000101,,,,,0.13134
G189E,greedy_ssm,384,3,0100000000010011,,,,,0.13134
G189E,greedy_ssm,384,3,0100000000101010,7.76559,9.7543,9.7543,9.7543,0.13134
G189E,greedy_ssm,384,3,0100000010111011,8.3747,9.88866,9.88866,9.88866,0.13134
G189E,greedy_ssm,384,3,0100000101101110,9.30665,9.91681,9.91681,9.91681,0.13134
G189E,greedy_ssm,384,3,0100000101111110,9.28154,9.84101,9.84101,9.84101,0.13134
G189E,greedy_ssm,384,3,0100000110111101,8.97114,9.90463,9.90463,9.90463,0.13134
G189E,greedy_ssm,384,3,0100000111101011,9.76408,10.32032,10.32032,10.32032,0.13134
G189E,greedy_ssm,384,3,0100000111110110,9.32863,10.07398,10.07398,10.0751,0.13134
G189E,greedy_ssm,384,3,0100001001100011,9.08673,9.91885,9.91885,9.91885,0.13134
G189E,greedy_ssm,384,3,0100001010010111,7.57021,9.79843,9.79843,9.71897,0.13134
G189E,greedy_ssm,384,3,0100001011101000,9.14703,9.89705,9.89705,9.89705,0.13134
G189E,greedy_ssm,384,3,0100001100000011,7.75776,9.91885,9.91885,9.91885,0.13134
G189E,greedy_ssm,384,3,0100001100001110,,,,,0.13134
G189E,greedy_ssm,384,3,0100001100010100,,,,,0.13134
G189E,greedy_ssm,384,3,0100001100011101,7.76871,9.81989,9.81989,9.81989,0.13134
G189E,greedy_ssm,384,3,0100001101110110,9.47846,9.89689,9.89689,9.84839,0.13134
G189E,greedy_ssm,384,3,0100001110101111,9.51276,9.94356,9.94356,9.94356,0.13134
G189E,greedy_ssm,384,3,0100001111011010,7.95265,9.89133,9.89133,9.89133,0.13134
G189E,greedy_ssm,384,3,0100010000010110,,,,,0.13134
G189E,greedy_ssm,384,3,0100010000100001,8.09421,9.73875,9.73875,9.69677,0.13134
G189E,greedy_ssm,384,3,0100010100010011,,,,,0.13134
G189E,greedy_ssm,384,3,0100010100010111,,,,,0.13134
G189E,greedy_ssm,384,3,0100010111000110,,,,,0.13134
G189E,greedy_ssm,384,3,0100010111101111,9.75101,10.13742,10.13742,10.13742,0.13134
G189E,greedy_ssm,384,3,0100011000101010,8.0692,9.75616,9.75616,9.72442,0.13134
G189E,greedy_ssm,384,3,0100011000110010,8.09997,9.69041,9.69041,9.69041,0.13134
G189E,greedy_ssm,384,3,0100011001101010,8.67206,9.90307,9.90307,9.90307,0.13134
G189E,greedy_ssm,384,3,0100011001110100,9.01049,9.85386,9.85386,9.85386,0.13134
G189E,greedy_ssm,384,3,0100011010010001,7.35278,9.67589,9.67589,9.67589,0.13134
G189E,greedy_ssm,384,3,0100011100001010,,,,,0.13134
G189E,greedy_ssm,384,3,0100011100100000,9.27392,9.94303,9.94303,9.81995,0.13134
G189E,greedy_ssm,384,3,0100011111011111,8.34726,9.90428,9.90428,9.90428,0.13134
G189E,greedy_ssm,384,3,0100100010000010,,,,,0.13134
G189E,greedy_ssm,384,3,0100100010010111,,,,,0.13134
G189E,greedy_ssm,384,3,0100100101011100,7.53803,9.78214,9.78214,9.6671,0.13134
G189E,greedy_ssm,384,3,0100100111011001,7.78093,9.79056,9.79056,9.74414,0.13134
G189E,greedy_ssm,384,3,0100101000011000,,,,,0.13134
G189E,greedy_ssm,384,3,0100101000111110,8.36765,9.70699,9.70699,9.70699,0.13134
G189E,greedy_ssm,384,3,0100101001100111,9.07716,9.82817,9.82817,9.82234,0.13134
G189E,greedy_ssm,384,3,0100101010110010,8.02902,9.71814,9.71814,9.65283,0.13134
G189E,greedy_ssm,384,3,0100101011000011,8.26608,9.8177,9.8177,9.8177,0.13134
G189E,greedy_ssm,384,3,0100101011110101,9.24096,9.84709,9.84709,9.79229,0.13134
G189E,greedy_ssm,384,3,0100101011111110,8.92528,9.75282,9.75282,9.75282,0.13134
G189E,greedy_ssm,384,3,0100101100011111,,,,,0.13134
G189E,greedy_ssm,384,3,0100101101111100,9.51942,9.88652,9.88652,9.88652,0.13134
G189E,greedy_ssm,384,3,0100110001001111,,,,,0.13134
G189E,greedy_ssm,384,3,0100110001111111,8.97614,9.79743,9.79743,9.73376,0.13134
G189E,greedy_ssm,384,3,0100110011100110,8.86162,9.75887,9.75887,9.75887,0.13134
G189E,greedy_ssm,384,3,0100110100100001,8.57243,9.79267,9.79267,9.79267,0.13134
G189E,greedy_ssm,384,3,0100110101100000,9.40597,9.79278,9.79278,9.76786,0.13134
G189E,greedy_ssm,384,3,0100110101110011,9.51259,10.13184,10.13184,9.83044,0.13134
G189E,greedy_ssm,384,3,0100110110110010,8.50108,9.83044,9.83044,9.83044,0.13134
G189E,greedy_ssm,384,3,0100111000111100,8.65374,9.69772,9.69772,9.69772,0.13134
G189E,greedy_ssm,384,3,0100111010100110,7.82202,9.75542,9.75542,9.69135,0.13134
G189E,greedy_ssm,384,3,0100111011001001,8.38095,9.83178,9.83178,9.81906,0.13134
G189E,greedy_ssm,384,3,0100111011001100,8.16133,9.77647,9.77647,9.73359,0.13134
G189E,greedy_ssm,384,3,0100111101011000,8.42619,9.8144,9.8144,9.8144,0.13134
G189E,greedy_ssm,384,3,0100111101101110,9.47237,9.88808,9.88808,9.88808,0.13134
G189E,greedy_ssm,384,3,0101000000011011,,,,,0.13134
G189E,greedy_ssm,384,3,0101000010000101,,,,,0.13134
G189E,greedy_ssm,384,3,0101000010011000,,,,,0.13134
G189E,greedy_ssm,384,3,0101000011000101,,,,,0.13134
G189E,greedy_ssm,384,3,0101000100000100,,,,,0.13134
G189E,greedy_ssm,384,3,0101000100010101,,,,,0.13134
G189E,greedy_ssm,384,3,0101000111000011,,,,,0.13134
G189E,greedy_ssm,384,3,0101001001101100,8.3556,9.88652,9.88652,9.79164,0.13134
G189E,greedy_ssm,384,3,0101001101010100,7.98962,9.77667,9.77667,9.75666,0.13134
G189E,greedy_ssm,384,3,0101001111010101,7.53034,9.84709,9.84709,9.81698,0.13134
G189E,greedy_ssm,384,3,0101010000111001,7.73021,9.72969,9.72969,9.72969,0.13134
G189E,greedy_ssm,384,3,0101010001111000,8.33505,9.68668,9.68668,9.68599,0.13134
G189E,greedy_ssm,384,3,0101010010010010,,,,,0.13134
G189E,greedy_ssm,384,3,0101010011100100,8.05665,9.7718,9.7718,9.70517,0.13134
G189E,greedy_ssm,384,3,0101010100110011,8.3072,9.86043,9.86043,9.83044,0.13134
G189E,greedy_ssm,384,3,0101010101100010,8.65073,9.86069,9.86069,9.81955,0.13134
G189E,greedy_ssm,384,3,0101010110011110,,,,,0.13134
G189E,greedy_ssm,384,3,0101010110110100,8.25501,9.74043,9.74043,9.74043,0.13134
G189E,greedy_ssm,384,3,0101010110111111,8.60512,9.8154,9.8154,9.8154,0.13134
G189E,greedy_ssm,384,3,0101010111001011,,,,,0.13134
G189E,greedy_ssm,384,3,0101011000010001,,,,,0.13134
G189E,greedy_ssm,384,3,0101011000011000,,,,,0.13134
G189E,greedy_ssm,384,3,0101011000101111,7.52092,9.84274,9.84274,9.84274,0.13134
G189E,greedy_ssm,384,3,0101011010011010,,,,,0.13134
G189E,greedy_ssm,384,3,0101011010101101,7.84569,9.76948,9.76948,9.7503,0.13134
G189E,greedy_ssm,384,3,0101011010111001,8.03836,9.78426,9.78426,9.78426,0.13134
G189E,greedy_ssm,384,3,0101011011011100,,,,,0.13134
G189E,greedy_ssm,384,3,0101011101110101,9.414,9.88262,9.88262,9.81458,0.13134
G189E,greedy_ssm,384,3,0101011110000001,,,,,0.13134
G189E,greedy_ssm,384,3,0101011110001001,,,,,0.13134
G189E,greedy_ssm,384,3,0101011110110010,8.94514,9.80413,9.80413,9.80413,0.13134
G189E,greedy_ssm,384,3,0101011111000011,7.42327,9.93348,9.93348,9.89254,0.13134
G189E,greedy_ssm,384,3,0101100000100101,9.43298,9.76183,9.76183,9.71086,0.13134
G189E,greedy_ssm,384,3,0101100010010000,7.41519,9.78454,9.78454,9.78454,0.13134
G189E,greedy_ssm,384,3,0101101010101111,9.35947,9.90108,9.90108,9.90108,0.13134
G189E,greedy_ssm,384,3,0101101011000011,9.11752,9.84905,9.84905,9.84905,0.13134
G189E,greedy_ssm,384,3,0101101011010001,9.08358,9.79855,9.79855,9.79855,0.13134
G189E,greedy_ssm,384,3,0101101011010010,8.56931,9.79855,9.79855,9.79855,0.13134
G189E,greedy_ssm,384,3,0101101100010000,8.21952,9.78401,9.78401,9.69012,0.13134
G189E,greedy_ssm,384,3,0101101110100111,9.68436,9.9015,9.9015,9.84905,0.13134
G189E,greedy_ssm,384,3,0101101111110001,9.69053,9.86043,9.86043,9.84905,0.13134
G189E,greedy_ssm,384,3,0101101111111011,9.79437,10.09513,10.09513,9.90108,0.13134
G189E,greedy_ssm,384,3,0101110010001100,7.57612,9.71433,9.71433,9.66598,0.13134
G189E,greedy_ssm,384,3,0101110011101010,9.48167,9.91739,9.91739,9.76991,0.13134
G189E,greedy_ssm,384,3,0101110110000001,7.52088,9.82272,9.82272,9.82272,0.13134
G189E,greedy_ssm,384,3,0101110110101000,9.40227,9.91739,9.91739,9.91739,0.13134
G189E,greedy_ssm,384,3,0101110110101110,9.32083,9.91739,9.91739,9.79248,0.13134
G189E,greedy_ssm,384,3,0101110110111110,9.3989,9.8154,9.8154,9.8154,0.13134
G189E,greedy_ssm,384,3,0101110111001000,8.39272,9.91739,9.91739,9.91739,0.13134
G189E,greedy_ssm,384,3,0101111010001111,8.77994,9.83927,9.83927,9.83927,0.13134
G189E,greedy_ssm,384,3,0101111011000110,8.66087,9.84714,9.84714,9.84714,0.13134
G189E,greedy_ssm,384,3,0101111011110010,9.3351,9.84905,9.84905,9.84905,0.13134
G189E,greedy_ssm,384,3,0101111011111100,9.54727,9.80967,9.80967,9.77827,0.13134
G189E,greedy_ssm,384,3,0101111100010010,7.6933,9.75889,9.75889,9.75889,0.13134
G189E,greedy_ssm,384,3,0101111100101000,9.5052,9.86776,9.86776,9.76786,0.13134
G189E,greedy_ssm,384,3,0101111100101011,9.64627,9.9015,9.9015,9.85008,0.13134
G189E,greedy_ssm,384,3,0101111110000011,8.48401,9.9015,9.9015,9.9015,0.13134
G189E,greedy_ssm,384,3,0101111110011101,8.1154,9.80967,9.80967,9.80967,0.13134
G189E,greedy_ssm,384,3,0101111110111011,9.7462,9.9015,9.9015,9.85008,0.13134
G189E,greedy_ssm,384,3,0110000001010010,8.11372,9.77868,9.77868,9.77868,0.13134
G189E,greedy_ssm,384,3,0110000001101001,9.56755,9.91584,9.91584,9.91584,0.13134
G189E,greedy_ssm,384,3,0110000001110110,9.38078,9.86019,9.86019,9.86019,0.13134
G189E,greedy_ssm,384,3,0110000010011011,8.81699,9.88866,9.88866,9.88866,0.13134
G189E,greedy_ssm,384,3,0110000011011001,8.56897,9.89627,9.89627,9.89627,0.13134
G189E,greedy_ssm,384,3,0110000011111011,9.68303,10.32032,10.32032,10.09513,0.13134
G189E,greedy_ssm,384,3,0110000100100111,9.71172,10.32032,10.32032,9.86019,0.13134
G189E,greedy_ssm,384,3,0110000100101111,9.64908,9.91681,9.91681,9.91681,0.13134
G189E,greedy_ssm,384,3,0110000101110111,9.82521,10.32032,10.32032,9.89254,0.13134
G189E,greedy_ssm,384,3,0110000110000010,8.38709,10.32032,10.32032,10.32032,0.13134
G189E,greedy_ssm,384,3,0110001000010011,9.35519,9.84196,9.84196,9.84196,0.13134
G189E,greedy_ssm,384,3,0110001000011111,9.3818,9.8159,9.8159,9.8159,0.13134
G189E,greedy_ssm,384,3,0110001000110101,9.47317,9.85386,9.85386,9.85386,0.13134
G189E,greedy_ssm,384,3,0110001001010000,9.05401,9.89927,9.89927,9.89927,0.13134
G189E,greedy_ssm,384,3,0110001100000011,9.42911,9.91885,9.91885,9.91885,0.13134
G189E,greedy_ssm,384,3,0110001100111110,9.57123,9.88652,9.88652,9.88652,0.13134
G189E,greedy_ssm,384,3,0110001110101001,9.72638,9.9742,9.9742,9.9742,0.13134
G189E,greedy_ssm,384,3,0110001111010001,9.52654,9.90735,9.90735,9.89705,0.13134
G189E,greedy_ssm,384,3,0110010010110101,9.24606,9.88249,9.88249,9.88249,0.13134
G189E,greedy_ssm,384,3,0110010100000101,8.69437,9.83285,9.83285,9.83285,0.13134
G189E,greedy_ssm,384,3,0110010101101000,9.59396,9.9742,9.9742,9.9742,0.13134
G189E,greedy_ssm,384,3,0110010110100101,9.62417,9.97272,9.97272,9.97272,0.13134
G189E,greedy_ssm,384,3,0110010111101110,9.62583,10.13742,10.13742,10.13742,0.13134
G189E,greedy_ssm,384,3,0110010111110100,9.7269,9.9282,9.9282,9.85665,0.13134
G189E,greedy_ssm,384,3,0110011001010010,8.6653,9.83076,9.83076,9.83076,0.13134
G189E,greedy_ssm,384,3,0110011010001100,9.03848,9.86927,9.86927,9.86927,0.13134
G189E,greedy_ssm,384,3,0110011010100001,9.45191,9.9742,9.9742,9.9742,0.13134
G189E,greedy_ssm,384,3,0110011010101011,9.55874,9.9742,9.9742,9.9742,0.13134
G189E,greedy_ssm,384,3,0110011011110001,9.63831,9.9742,9.9742,9.89498,0.13134
G189E,greedy_ssm,384,3,0110011011110011,9.74339,9.94592,9.94592,9.94592,0.13134
G189E,greedy_ssm,384,3,0110011110100111,9.75518,9.97272,9.97272,9.94356,0.13134
G189E,greedy_ssm,384,3,0110011111100000,9.86861,9.9742,9.9742,9.9282,0.13134
G189E,greedy_ssm,384,3,0110011111111110,9.7413,9.97272,9.97272,9.90428,0.13134
G189E,greedy_ssm,384,3,0110100001001101,7.87585,9.77641,9.77641,9.77641,0.13134
G189E,greedy_ssm,384,3,0110100010100101,9.18422,9.86165,9.86165,9.7272,0.13134
G189E,greedy_ssm,384,3,0110100010101100,9.12864,9.84796,9.84796,9.66598,0.13134
G189E,greedy_ssm,384,3,0110100011010101,8.77739,9.82225,9.82225,9.82225,0.13134
G189E,greedy_ssm,384,3,0110100100000001,8.67937,9.77824,9.77824,9.74127,0.13134
G189E,greedy_ssm,384,3,0110100101100001,9.39395,10.32032,10.32032,9.94303,0.13134
G189E,greedy_ssm,384,3,0110100101101000,9.42897,9.89927,9.89927,9.89927,0.13134
G189E,greedy_ssm,384,3,0110100110001111,8.91395,9.91681,9.91681,9.83486,0.13134
G189E,greedy_ssm,384,3,0110100110010101,8.74185,9.82225,9.82225,9.82225,0.13134
G189E,greedy_ssm,384,3,0110100110100111,9.51321,10.32032,10.32032,10.32032,0.13134
G189E,greedy_ssm,384,3,0110101000110010,9.06935,9.78268,9.78268,9.78268,0.13134
G189E,greedy_ssm,384,3,0110101001001010,8.86436,9.78657,9.78657,9.75946,0.13134
G189E,greedy_ssm,384,3,0110101001100001,9.48334,9.94303,9.94303,9.94303,0.13134
G189E,greedy_ssm,384,3,0110101001100101,9.56902,9.89689,9.89689,9.89689,0.13134
G189E,greedy_ssm,384,3,0110101011000101,9.17339,9.87379,9.87379,9.81969,0.13134
G189E,greedy_ssm,384,3,0110101011111010,9.39116,9.89133,9.89133,9.89133,0.13134
G189E,greedy_ssm,384,3,0110101100000111,9.48335,9.82817,9.82817,9.82817,0.13134
G189E,greedy_ssm,384,3,0110101101000110,9.01738,9.89689,9.89689,9.89689,0.13134
G189E,greedy_ssm,384,3,0110101101101101,9.77641,9.97272,9.97272,9.97272,0.13134
G189E,greedy_ssm,384,3,0110101110010011,9.35852,9.86924,9.86924,9.86924,0.13134
G189E,greedy_ssm,384,3,0110101110011011,9.27332,9.89133,9.89133,9.89133,0.13134
G189E,greedy_ssm,384,3,0110110001101001,9.22902,9.91584,9.91584,9.84391,0.13134
G189E,greedy_ssm,384,3,0110110001110001,9.39723,9.85575,9.85575,9.85575,0.13134
G189E,greedy_ssm,384,3,0110110010101110,9.01008,9.7695,9.7695,9.7695,0.13134
G189E,greedy_ssm,384,3,0110110011100101,9.51776,10.13184,10.13184,9.81943,0.13134
G189E,greedy_ssm,384,3,0110111001100010,9.3097,9.89827,9.89827,9.89827,0.13134
G189E,greedy_ssm,384,3,0110111001100100,9.48793,9.9282,9.9282,9.81458,0.13134
G189E,greedy_ssm,384,3,0110111001100111,9.62073,9.89834,9.89834,9.82737,0.13134
G189E,greedy_ssm,384,3,0110111001110010,9.33593,9.83076,9.83076,9.83076,0.13134
G189E,greedy_ssm,384,3,0110111001110101,9.57854,9.88262,9.88262,9.88262,0.13134
G189E,greedy_ssm,384,3,0110111011001000,9.15923,9.81906,9.81906,9.81906,0.13134
G189E,greedy_ssm,384,3,0110111011001010,8.91391,9.84002,9.84002,9.80336,0.13134
G189E,greedy_ssm,384,3,0110111100010100,9.22864,9.79979,9.79979,9.79979,0.13134
G189E,greedy_ssm,384,3,0110111100011100,9.16371,9.80412,9.80412,9.80412,0.13134
G189E,greedy_ssm,384,3,0110111101001111,9.16745,9.90307,9.90307,9.90307,0.13134
G189E,greedy_ssm,384,3,0110111101101110,9.63235,9.90307,9.90307,9.90307,0.13134
G189E,greedy_ssm,384,3,0110111110011110,8.82004,9.75805,9.75805,9.75805,0.13134
G189E,greedy_ssm,384,3,0110111110100010,9.49887,10.13184,10.13184,9.9015,0.13134
G189E,greedy_ssm,384,3,0111000001001101,,,,,0.13134
G189E,greedy_ssm,384,3,0111000011101010,9.03767,10.09513,10.09513,9.81992,0.13134
G189E,greedy_ssm,384,3,0111000011111111,9.21072,10.09513,10.09513,9.91681,0.13134
G189E,greedy_ssm,384,3,0111000100101000,9.01487,9.85884,9.85884,9.81591,0.13134
G189E,greedy_ssm,384,3,0111000101110000,9.45012,9.89927,9.89927,9.89927,0.13134
G189E,greedy_ssm,384,3,0111000101111011,9.56861,10.09513,10.09513,10.09513,0.13134
G189E,greedy_ssm,384,3,0111001000000011,8.55455,9.76973,9.76973,9.85935,0.13134
G189E,greedy_ssm,384,3,0111001010011001,8.62766,9.75336,9.75336,9.56495,0.13134
G189E,greedy_ssm,384,3,0111001011100000,9.36174,9.89927,9.89927,9.89927,0.13134
G189E,greedy_ssm,384,3,0111001100001001,8.80785,9.86459,9.86459,9.83673,0.13134
G189E,greedy_ssm,384,3,0111001110001111,8.53104,9.91478,9.91478,9.91478,0.13134
G189E,greedy_ssm,384,3,0111001110100110,9.41665,9.94356,9.94356,9.84498,0.13134
G189E,greedy_ssm,384,3,0111001110101010,9.36308,9.9228,9.9228,9.9228,0.13134
G189E,greedy_ssm,384,3,0111001111001111,8.86297,9.94356,9.94356,9.94356,0.13134
G189E,greedy_ssm,384,3,0111010001010110,,,,,0.13134
G189E,greedy_ssm,384,3,0111010001101101,8.86224,9.88249,9.88249,9.82737,0.13134
G189E,greedy_ssm,384,3,0111010011010010,,,,,0.13134
G189E,greedy_ssm,384,3,0111010110001100,7.82781,9.77239,9.77239,9.70444,0.13134
G189E,greedy_ssm,384,3,0111010110111101,9.2188,9.88249,9.88249,9.80967,0.13134
G189E,greedy_ssm,384,3,0111010111001111,8.1028,10.13742,10.13742,10.13742,0.13134
G189E,greedy_ssm,384,3,0111010111101111,9.63735,10.13742,10.13742,10.13742,0.13134
G189E,greedy_ssm,384,3,0111011000010011,8.53765,9.7062,9.7062,9.7062,0.13134
G189E,greedy_ssm,384,3,0111011011100000,9.36871,9.9282,9.9282,9.9282,0.13134
G189E,greedy_ssm,384,3,0111011110100001,9.53823,9.9742,9.9742,9.9015,0.13134
G189E,greedy_ssm,384,3,0111100000110001,9.50926,9.82148,9.82148,9.74127,0.13134
G189E,greedy_ssm,384,3,0111100001000001,8.75032,9.82449,9.82449,9.74127,0.13134
G189E,greedy_ssm,384,3,0111100001111111,9.58639,9.83486,9.83486,9.83486,0.13134
G189E,greedy_ssm,384,3,0111100011100010,9.44369,9.82449,9.82449,9.82334,0.13134
G189E,greedy_ssm,384,3,0111100011110100,9.50858,9.90802,9.90802,9.83388,0.13134
G189E,greedy_ssm,384,3,0111100111100101,9.65476,9.90463,9.90463,9.90108,0.13134
G189E,greedy_ssm,384,3,0111101001011100,9.41593,9.75123,9.75123,9.75123,0.13134
G189E,greedy_ssm,384,3,0111101001100010,9.50659,9.82888,9.82888,9.82888,0.13134
G189E,greedy_ssm,384,3,0111101010011011,9.50034,9.81194,9.81194,9.77755,0.13134
G189E,greedy_ssm,384,3,0111101011010111,9.50167,9.84498,9.84498,9.84498,0.13134
G189E,greedy_ssm,384,3,0111101110001110,9.22131,9.90108,9.90108,9.90108,0.13134
G189E,greedy_ssm,384,3,0111101110111100,9.73962,9.90802,9.90802,9.83673,0.13134
G189E,greedy_ssm,384,3,0111101111110000,9.70804,9.88144,9.88144,9.84085,0.13134
G189E,greedy_ssm,384,3,0111110000000010,8.54944,9.75762,9.75762,9.75762,0.13134
G189E,greedy_ssm,384,3,0111110000101011,9.65188,9.83449,9.83449,9.72652,0.13134
G189E,greedy_ssm,384,3,0111110000111011,9.58321,9.79963,9.79963,9.79664,0.13134
G189E,greedy_ssm,384,3,0111110100010110,8.77272,9.74451,9.74451,9.74451,0.13134
G189E,greedy_ssm,384,3,0111110110001010,8.7363,9.83449,9.83449,9.83449,0.13134
G189E,greedy_ssm,384,3,0111111011000101,9.45354,9.85547,9.85547,9.84041,0.13134
G189E,greedy_ssm,384,3,0111111011010001,9.38977,9.85547,9.85547,9.85547,0.13134
G189E,greedy_ssm,384,3,0111111011011011,9.45913,9.81194,9.81194,9.80556,0.13134
G189E,greedy_ssm,384,3,0111111011101010,9.58994,9.88441,9.88441,9.88681,0.13134
G189E,greedy_ssm,384,3,0111111100001110,9.13268,9.86776,9.86776,9.86776,0.13134
G189E,greedy_ssm,384,3,1000000000100010,,,,,0.13134
G189E,greedy_ssm,384,3,1000000011111000,8.59571,10.03295,10.03295,10.03295,0.13134
G189E,greedy_ssm,384,3,1000000110001110,,,,,0.13134
G189E,greedy_ssm,384,3,1000000111110111,9.75905,10.07398,10.07398,9.88824,0.13134
G189E,greedy_ssm,384,3,1000001010010101,,,,,0.13134
G189E,greedy_ssm,384,3,1000001010111111,8.33814,9.83054,9.83054,9.83054,0.13134
G189E,greedy_ssm,384,3,1000001011000011,7.43693,9.86124,9.86124,9.86124,0.13134
G189E,greedy_ssm,384,3,1000001100000011,,,,,0.13134
G189E,greedy_ssm,384,3,1000001100101011,9.10579,9.90366,9.90366,9.90366,0.13134
G189E,greedy_ssm,384,3,1000001100110001,9.01929,9.89393,9.89393,9.89393,0.13134
G189E,greedy_ssm,384,3,1000001101000011,7.59113,9.90387,9.90387,9.90387,0.13134
G189E,greedy_ssm,384,3,1000001101111011,9.58552,9.91719,9.91719,9.91719,0.13134
G189E,greedy_ssm,384,3,1000001110000101,,,,,0.13134
G189E,greedy_ssm,384,3,1000001110101011,9.22153,9.89382,9.89382,9.89382,0.13134
G189E,greedy_ssm,384,3,1000010000011100,,,,,0.13134
G189E,greedy_ssm,384,3,1000010000111011,7.62757,9.71549,9.71549,9.71549,0.13134
G189E,greedy_ssm,384,3,1000010000111111,7.72879,9.85935,9.85935,9.85935,0.13134
G189E,greedy_ssm,384,3,1000010001010111,,,,,0.13134
G189E,greedy_ssm,384,3,1000010011011110,,,,,0.13134
G189E,greedy_ssm,384,3,1000010100110011,8.49437,9.7827,9.7827,9.7827,0.13134
G189E,greedy_ssm,384,3,1000010101000001,,,,,0.13134
G189E,greedy_ssm,384,3,1000010101011000,,,,,0.13134
G189E,greedy_ssm,384,3,1000010101101111,9.33822,10.13742,10.13742,9.83162,0.13134
G189E,greedy_ssm,384,3,1000011000011000,,,,,0.13134
G189E,greedy_ssm,384,3,1000011000101110,7.40425,9.73876,9.73876,9.73876,0.13134
G189E,greedy_ssm,384,3,1000011001000000,,,,,0.13134
G189E,greedy_ssm,384,3,1000011010100011,7.96196,9.80453,9.80453,9.80453,0.13134
G189E,greedy_ssm,384,3,1000011011001001,,,,,0.13134
G189E,greedy_ssm,384,3,1000011101100000,9.49526,9.89393,9.89393,9.89343,0.13134
G189E,greedy_ssm,384,3,1000011110011010,,,,,0.13134
G189E,greedy_ssm,384,3,1000011110111100,9.24169,9.83098,9.83098,9.80336,0.13134
G189E,greedy_ssm,384,3,1000100000011101,,,,,0.13134
G189E,greedy_ssm,384,3,1000100010111011,7.76725,9.8565,9.8565,9.65368,0.13134
G189E,greedy_ssm,384,3,1000100011010011,,,,,0.13134
G189E,greedy_ssm,384,3,1000100011011110,,,,,0.13134
G189E,greedy_ssm,384,3,1000100011100110,8.68301,9.73482,9.73482,9.71363,0.13134
G189E,greedy_ssm,384,3,1000100011110110,8.45156,9.75905,9.75905,9.70703,0.13134
G189E,greedy_ssm,384,3,1000100100110011,8.12056,9.76517,9.76517,9.72199,0.13134
G189E,greedy_ssm,384,3,1000100101000100,,,,,0.13134
G189E,greedy_ssm,384,3,1000101000000101,,,,,0.13134
G189E,greedy_ssm,384,3,1000101000000111,,,,,0.13134
G189E,greedy_ssm,384,3,1000101001100011,9.00699,9.83059,9.83059,9.79143,0.13134
G189E,greedy_ssm,384,3,1000101011100111,9.27768,9.85033,9.85033,9.79622,0.13134
G189E,greedy_ssm,384,3,1000101100010010,,,,,0.13134
G189E,greedy_ssm,384,3,1000101100101001,8.85973,9.8294,9.8294,9.7872,0.13134
G189E,greedy_ssm,384,3,1000101110001100,,,,,0.13134
G189E,greedy_ssm,384,3,1000101110010111,,,,,0.13134
G189E,greedy_ssm,384,3,1000101110101100,8.97557,9.83143,9.83143,9.79443,0.13134
G189E,greedy_ssm,384,3,1000110000001001,,,,,0.13134
G189E,greedy_ssm,384,3,1000110001000011,,,,,0.13134
G189E,greedy_ssm,384,3,1000110001101100,8.44783,9.73617,9.73617,9.73617,0.13134
G189E,greedy_ssm,384,3,1000110011001000,,,,,0.13134
G189E,greedy_ssm,384,3,1000110011010000,,,,,0.13134
G189E,greedy_ssm,384,3,1000110011100000,8.79325,9.75451,9.75451,9.75451,0.13134
G189E,greedy_ssm,384,3,1000110100000000,,,,,0.13134
G189E,greedy_ssm,384,3,1000110100110111,8.45577,9.75372,9.75372,9.70221,0.13134
G189E,greedy_ssm,384,3,1000110110100111,8.47537,9.99579,9.99579,9.79672,0.13134
G189E,greedy_ssm,384,3,1000111000100101,7.42808,9.70286,9.70286,9.70286,0.13134
G189E,greedy_ssm,384,3,1000111001001100,7.70404,9.73617,9.73617,9.73617,0.13134
G189E,greedy_ssm,384,3,1000111010000001,,,,,0.13134
G189E,greedy_ssm,384,3,1000111011101101,9.22679,9.80306,9.80306,9.80306,0.13134
G189E,greedy_ssm,384,3,1000111100000111,,,,,0.13134
G189E,greedy_ssm,384,3,1000111100011111,,,,,0.13134
G189E,greedy_ssm,384,3,1000111100100110,8.60848,9.74217,9.74217,9.70372,0.13134
G189E,greedy_ssm,384,3,1000111100111110,8.67843,9.73503,9.73503,9.73503,0.13134
G189E,greedy_ssm,384,3,1000111101010101,8.26594,9.80552,9.80552,9.75148,0.13134
G189E,greedy_ssm,384,3,1000111101011101,8.18374,9.78283,9.78283,9.71124,0.13134
G189E,greedy_ssm,384,3,1000111101101011,9.59672,9.86508,9.86508,9.83748,0.13134
G189E,greedy_ssm,384,3,1000111101110101,9.51896,9.86235,9.86235,9.79443,0.13134
G189E,greedy_ssm,384,3,1000111110000010,,,,,0.13134
G189E,greedy_ssm,384,3,1000111111110001,9.55858,9.89262,9.89262,9.78655,0.13134
G189E,greedy_ssm,384,3,1000111111111110,9.36376,9.82391,9.82391,9.89815,0.13134
G189E,greedy_ssm,384,3,1001000000001011,,,,,0.13134
G189E,greedy_ssm,384,3,1001000001010000,,,,,0.13134
G189E,greedy_ssm,384,3,1001000010000101,,,,,0.13134
G189E,greedy_ssm,384,3,1001000011110000,7.99846,10.03295,10.03295,9.75451,0.13134
G189E,greedy_ssm,384,3,1001000011111100,7.76195,9.71631,9.71631,9.68399,0.13134
G189E,greedy_ssm,384,3,1001000011111101,7.79516,9.91635,9.91635,9.72746,0.13134
G189E,greedy_ssm,384,3,1001000100000001,,,,,0.13134
G189E,greedy_ssm,384,3,1001000101111100,8.38514,9.72847,9.72847,9.66894,0.13134
G189E,greedy_ssm,384,3,1001000110000110,,,,,0.13134
G189E,greedy_ssm,384,3,1001000111000101,,,,,0.13134
G189E,greedy_ssm,384,3,1001001001000101,,,,,0.13134
G189E,greedy_ssm,384,3,1001001001011010,,,,,0.13134
G189E,greedy_ssm,384,3,1001001111011010,,,,,0.13134
G189E,greedy_ssm,384,3,1001010010011110,,,,,0.13134
G189E,greedy_ssm,384,3,1001010100001111,,,,,0.13134
G189E,greedy_ssm,384,3,1001010101011110,,,,,0.13134
G189E,greedy_ssm,384,3,1001010110100111,7.68327,9.79427,9.79427,9.79427,0.13134
G189E,greedy_ssm,384,3,1001010110111100,7.69288,9.71668,9.71668,9.66775,0.13134
G189E,greedy_ssm,384,3,1001011000010110,,,,,0.13134
G189E,greedy_ssm,384,3,1001011001100000,8.02634,9.72064,9.72064,9.70845,0.13134
G189E,greedy_ssm,384,3,1001011010011100,,,,,0.13134
G189E,greedy_ssm,384,3,1001011011110100,8.42995,9.72474,9.72474,9.69966,0.13134
G189E,greedy_ssm,384,3,1001011100000001,,,,,0.13134
G189E,greedy_ssm,384,3,1001011100110000,8.37135,9.72938,9.72938,9.69626,0.13134
G189E,greedy_ssm,384,3,1001011101010101,,,,,0.13134
G189E,greedy_ssm,384,3,1001011101100110,8.76033,9.85628,9.85628,9.79732,0.13134
G189E,greedy_ssm,384,3,1001011110111010,8.47627,9.76507,9.76507,9.73047,0.13134
G189E,greedy_ssm,384,3,1001100000001011,,,,,0.13134
G189E,greedy_ssm,384,3,1001100001110000,9.45418,9.75451,9.75451,9.68953,0.13134
G189E,greedy_ssm,384,3,1001100010001011,,,,,0.13134
G189E,greedy_ssm,384,3,1001100110001011,7.6518,9.8565,9.8565,9.8565,0.13134
G189E,greedy_ssm,384,3,1001100110101001,9.4332,9.8565,9.8565,9.81363,0.13134
G189E,greedy_ssm,384,3,1001100110111011,9.51938,9.91917,9.91917,9.89129,0.13134
G189E,greedy_ssm,384,3,1001100111011100,8.11384,9.90802,9.90802,9.90802,0.13134
G189E,greedy_ssm,384,3,1001100111101100,9.55963,9.90802,9.90802,9.77213,0.13134
G189E,greedy_ssm,384,3,1001101000110101,9.3311,9.74577,9.74577,9.74577,0.13134
G189E,greedy_ssm,384,3,1001101001100100,9.4148,9.81152,9.81152,9.81152,0.13134
G189E,greedy_ssm,384,3,1001101010110011,9.30121,9.80141,9.80141,9.80141,0.13134
G189E,greedy_ssm,384,3,1001101011011011,8.98077,9.79482,9.79482,9.77032,0.13134
G189E,greedy_ssm,384,3,1001101011111111,9.58995,9.89129,9.89129,9.89129,0.13134
G189E,greedy_ssm,384,3,1001101100000011,7.88502,9.80433,9.80433,9.79143,0.13134
G189E,greedy_ssm,384,3,1001101100011011,7.79339,9.83168,9.83168,9.75479,0.13134
G189E,greedy_ssm,384,3,1001101101101010,9.56816,9.82584,9.82584,9.79143,0.13134
G189E,greedy_ssm,384,3,1001101110010011,7.52024,9.80141,9.80141,9.80141,0.13134
G189E,greedy_ssm,384,3,1001101111011111,9.05078,9.89129,9.89129,9.89129,0.13134
G189E,greedy_ssm,384,3,1001110000000110,,,,,0.13134
G189E,greedy_ssm,384,3,1001110001111110,9.28235,9.71992,9.71992,9.71992,0.13134
G189E,greedy_ssm,384,3,1001110010011010,,,,,0.13134
G189E,greedy_ssm,384,3,1001110010110101,9.02501,9.70686,9.70686,9.70686,0.13134
G189E,greedy_ssm,384,3,1001110100101000,9.11734,9.87346,9.87346,9.70909,0.13134
G189E,greedy_ssm,384,3,1001110100101110,9.10562,9.74856,9.74856,9.74856,0.13134
G189E,greedy_ssm,384,3,1001110101101000,9.47271,9.91739,9.91739,9.76861,0.13134
G189E,greedy_ssm,384,3,1001110101111100,9.52618,9.80174,9.80174,9.76861,0.13134
G189E,greedy_ssm,384,3,1001110110100111,9.43403,9.82212,9.82212,9.82212,0.13134
G189E,greedy_ssm,384,3,1001111000100110,8.71338,9.74217,9.74217,9.74217,0.13134
G189E,greedy_ssm,384,3,1001111010010100,7.98487,9.68937,9.68937,9.68937,0.13134
G189E,greedy_ssm,384,3,1001111010101011,9.27189,9.81084,9.81084,9.81084,0.13134
G189E,greedy_ssm,384,3,1001111010101110,8.91649,9.80306,9.80306,9.80306,0.13134
G189E,greedy_ssm,384,3,1001111011001001,8.83087,9.78615,9.78615,9.72407,0.13134
G189E,greedy_ssm,384,3,1001111011100001,9.56707,9.89254,9.89254,9.89254,0.13134
G189E,greedy_ssm,384,3,1001111011100110,9.45202,9.82212,9.82212,9.82212,0.13134
G189E,greedy_ssm,384,3,1001111110011110,7.16993,9.7172,9.7172,9.66775,0.13134
G189E,greedy_ssm,384,3,1010000011101110,9.22236,9.89686,9.89686,9.89686,0.13134
G189E,greedy_ssm,384,3,1010000101110110,9.45508,10.03295,10.03295,9.88824,0.13134
G189E,greedy_ssm,384,3,1010000111101011,9.81105,10.33071,10.33071,9.93577,0.13134
G189E,greedy_ssm,384,3,1010001010010110,8.1167,9.7005,9.7005,9.7005,0.13134
G189E,greedy_ssm,384,3,1010001010100010,8.71529,9.86124,9.86124,9.86124,0.13134
G189E,greedy_ssm,384,3,1010001010111110,9.08216,9.83054,9.83054,9.83054,0.13134
G189E,greedy_ssm,384,3,1010001100011110,8.42146,9.79272,9.79272,9.79272,0.13134
G189E,greedy_ssm,384,3,1010001101011010,8.39489,9.91719,9.91719,9.83896,0.13134
G189E,greedy_ssm,384,3,1010001101101111,9.90366,9.91719,9.91719,9.90366,0.13134
G189E,greedy_ssm,384,3,1010001110100100,9.66369,9.90487,9.90487,9.90487,0.13134
G189E,greedy_ssm,384,3,1010001111001101,8.80894,9.93831,9.93831,9.93831,0.13134
G189E,greedy_ssm,384,3,1010001111011010,8.53032,9.85938,9.85938,9.85938,0.13134
G189E,greedy_ssm,384,3,1010010000011001,7.98191,9.65668,9.65668,9.65668,0.13134
G189E,greedy_ssm,384,3,1010010001000110,,,,,0.13134
G189E,greedy_ssm,384,3,1010010010010101,7.82288,9.79736,9.79736,9.79736,0.13134
G189E,greedy_ssm,384,3,1010010010111110,8.56282,9.82958,9.82958,9.82958,0.13134
G189E,greedy_ssm,384,3,1010010011110000,9.31626,10.03295,10.03295,10.03295,0.13134
G189E,greedy_ssm,384,3,1010011000110101,9.30143,9.86235,9.86235,9.86235,0.13134
G189E,greedy_ssm,384,3,1010011100101011,9.67559,9.90366,9.90366,9.89759,0.13134
G189E,greedy_ssm,384,3,1010011101100001,9.7872,10.0751,10.0751,9.89393,0.13134
G189E,greedy_ssm,384,3,1010011110000011,8.87655,9.94592,9.94592,9.94592,0.13134
G189E,greedy_ssm,384,3,1010011111010011,9.1548,9.94592,9.94592,9.94592,0.13134
G189E,greedy_ssm,384,3,1010100001110100,9.13152,9.73859,9.73859,9.72853,0.13134
G189E,greedy_ssm,384,3,1010100011110011,9.46985,9.88824,9.88824,9.78214,0.13134
G189E,greedy_ssm,384,3,1010100100011100,8.30545,9.65283,9.65283,9.65283,0.13134
G189E,greedy_ssm,384,3,1010100100111001,9.35347,9.86301,9.86301,9.73725,0.13134
G189E,greedy_ssm,384,3,1010100101100100,9.28118,9.87098,9.87098,9.87098,0.13134
G189E,greedy_ssm,384,3,1010100110000000,8.2322,9.64181,9.64181,9.64181,0.13134
G189E,greedy_ssm,384,3,1010100110011010,8.04411,9.62559,9.62559,9.62559,0.13134
G189E,greedy_ssm,384,3,1010100110100001,9.28438,10.0751,10.0751,9.75676,0.13134
G189E,greedy_ssm,384,3,1010100110101111,9.4572,9.89686,9.89686,9.85139,0.13134
G189E,greedy_ssm,384,3,1010101000100110,8.94033,9.75324,9.75324,9.67927,0.13134
G189E,greedy_ssm,384,3,1010101001100000,9.34543,9.89393,9.89393,9.89393,0.13134
G189E,greedy_ssm,384,3,1010101001110100,9.37084,9.83896,9.83896,9.83896,0.13134
G189E,greedy_ssm,384,3,1010101100101111,9.61278,9.90366,9.90366,9.90366,0.13134
G189E,greedy_ssm,384,3,1010101101010101,9.06581,9.85655,9.85655,9.80903,0.13134
G189E,greedy_ssm,384,3,1010110000101001,8.92263,9.82196,9.82196,9.66856,0.13134
G189E,greedy_ssm,384,3,1010110000110110,8.58597,9.58318,9.58318,9.52283,0.13134
G189E,greedy_ssm,384,3,1010110010010111,8.03906,9.6444,9.6444,9.46609,0.13134
G189E,greedy_ssm,384,3,1010110010100000,8.57389,9.68312,9.68312,9.61192,0.13134
G189E,greedy_ssm,384,3,1010110100011100,8.01113,9.80174,9.80174,9.65545,0.13134
G189E,greedy_ssm,384,3,1010110110111001,9.34199,9.91917,9.91917,9.84635,0.13134
G189E,greedy_ssm,384,3,1010110111001100,8.2263,9.8748,9.8748,9.80174,0.13134
G189E,greedy_ssm,384,3,1010111010010110,8.54378,9.60347,9.60347,9.46609,0.13134
G189E,greedy_ssm,384,3,1010111010111011,9.1702,9.84642,9.84642,9.71222,0.13134
G189E,greedy_ssm,384,3,1010111011110001,9.48942,9.89262,9.89262,9.78655,0.13134
G189E,greedy_ssm,384,3,1010111011111010,9.37923,9.84642,9.84642,9.84642,0.13134
G189E,greedy_ssm,384,3,1010111101000010,8.64518,9.79057,9.79057,9.79057,0.13134
G189E,greedy_ssm,384,3,1010111101100000,9.59622,9.89393,9.89393,9.89343,0.13134
G189E,greedy_ssm,384,3,1011000001001110,,,,,0.13134
G189E,greedy_ssm,384,3,1011000100000100,7.80465,9.64231,9.64231,9.64231,0.13134
G189E,greedy_ssm,384,3,1011000101100010,8.96157,9.85678,9.85678,9.78053,0.13134
G189E,greedy_ssm,384,3,1011000110100101,8.97694,10.0751,10.0751,9.80172,0.13134
G189E,greedy_ssm,384,3,1011000110110111,9.18019,9.91635,9.91635,9.75998,0.13134
G189E,greedy_ssm,384,3,1011000111101001,9.32613,10.33071,10.33071,10.0751,0.13134
G189E,greedy_ssm,384,3,1011001001010100,7.95468,9.72853,9.72853,9.66652,0.13134
G189E,greedy_ssm,384,3,1011001001100011,9.13575,9.90387,9.90387,9.77131,0.13134
G189E,greedy_ssm,384,3,1011001001110101,9.07342,9.85655,9.85655,9.85655,0.13134
G189E,greedy_ssm,384,3,1011001010000001,8.12681,9.69363,9.69363,9.69363,0.13134
G189E,greedy_ssm,384,3,1011001010000111,7.94356,9.79588,9.79588,9.63586,0.13134
G189E,greedy_ssm,384,3,1011001010101110,8.17897,9.7566,9.7566,9.7566,0.13134
G189E,greedy_ssm,384,3,1011001011001110,7.56517,9.7135,9.7135,9.7135,0.13134
G189E,greedy_ssm,384,3,1011001011111010,9.08091,9.80162,9.80162,9.80162,0.13134
G189E,greedy_ssm,384,3,1011001100001101,8.17466,9.80915,9.80915,9.80915,0.13134
G189E,greedy_ssm,384,3,1011001100101111,9.44206,9.90366,9.90366,9.90366,0.13134
G189E,greedy_ssm,384,3,1011001100111100,9.31862,9.81636,9.81636,9.77404,0.13134
G189E,greedy_ssm,384,3,1011001110011101,7.8747,9.81184,9.81184,9.71077,0.13134
G189E,greedy_ssm,384,3,1011001110110100,9.44031,9.85655,9.85655,9.85655,0.13134
G189E,greedy_ssm,384,3,1011001110111100,9.46593,9.81184,9.81184,9.75522,0.13134
G189E,greedy_ssm,384,3,1011001111100010,9.30774,9.91705,9.91705,9.91705,0.13134
G189E,greedy_ssm,384,3,1011001111100111,9.74471,9.94356,9.94356,9.94356,0.13134
G189E,greedy_ssm,384,3,1011010011000010,,,,,0.13134
G189E,greedy_ssm,384,3,1011010011100100,8.76068,9.81466,9.81466,9.77213,0.13134
G189E,greedy_ssm,384,3,1011010011110000,8.90485,10.03295,10.03295,9.7043,0.13134
G189E,greedy_ssm,384,3,1011010100001110,,,,,0.13134
G189E,greedy_ssm,384,3,1011010100110100,8.92512,9.75454,9.75454,9.75454,0.13134
G189E,greedy_ssm,384,3,1011010101110100,9.26943,9.82201,9.82201,9.65032,0.13134
G189E,greedy_ssm,384,3,1011010101110111,9.47973,9.91635,9.91635,9.85816,0.13134
G189E,greedy_ssm,384,3,1011010110000101,,,,,0.13134
G189E,greedy_ssm,384,3,1011010111101000,9.16527,9.88124,9.88124,9.86542,0.13134
G189E,greedy_ssm,384,3,1011011001000111,7.64225,9.85628,9.85628,9.76134,0.13134
G189E,greedy_ssm,384,3,1011011010011010,7.56539,9.57019,9.57019,9.57019,0.13134
G189E,greedy_ssm,384,3,1011011010011011,7.93035,9.76507,9.76507,9.69483,0.13134
G189E,greedy_ssm,384,3,1011011101000100,8.17774,9.88247,9.88247,9.88247,0.13134
G189E,greedy_ssm,384,3,1011011101000111,7.96665,9.89834,9.89834,9.89834,0.13134
G189E,greedy_ssm,384,3,1011011111010111,8.21385,9.90445,9.90445,9.90445,0.13134
G189E,greedy_ssm,384,3,1011100000100111,9.42903,9.80466,9.80466,9.80466,0.13134
G189E,greedy_ssm,384,3,1011100001111111,9.47535,9.91635,9.91635,9.75449,0.13134
G189E,greedy_ssm,384,3,1011100010000101,8.70515,9.75053,9.75053,9.68223,0.13134
G189E,greedy_ssm,384,3,1011100010100100,9.41352,9.79443,9.79443,9.77213,0.13134
G189E,greedy_ssm,384,3,1011100011011110,8.35377,9.70703,9.70703,9.70703,0.13134
G189E,greedy_ssm,384,3,1011100011101111,9.56298,10.33071,10.33071,9.85032,0.13134
G189E,greedy_ssm,384,3,1011100100011011,8.79222,9.83168,9.83168,9.83168,0.13134
G189E,greedy_ssm,384,3,1011100110101010,9.50332,10.33071,10.33071,10.33071,0.13134
G189E,greedy_ssm,384,3,1011100111000110,8.4948,9.81344,9.81344,9.77213,0.13134
G189E,greedy_ssm,384,3,1011100111101011,9.74659,10.33071,10.33071,10.33071,0.13134
G189E,greedy_ssm,384,3,1011101010000010,8.88977,9.71328,9.71328,9.71328,0.13134
G189E,greedy_ssm,384,3,1011101010011110,8.89274,9.69586,9.69586,9.69586,0.13134
G189E,greedy_ssm,384,3,1011101011010001,9.39674,9.78213,9.78213,9.76155,0.13134
G189E,greedy_ssm,384,3,1011101101000000,9.09473,9.81878,9.81878,9.78526,0.13134
G189E,greedy_ssm,384,3,1011101101110010,9.48353,9.86435,9.86435,9.81891,0.13134
G189E,greedy_ssm,384,3,1011101110001100,9.0773,9.79443,9.79443,9.79443,0.13134
G189E,greedy_ssm,384,3,1011101111010000,9.19073,9.78526,9.78526,9.78526,0.13134
G189E,greedy_ssm,384,3,1011101111110000,9.69593,10.03295,10.03295,9.82391,0.13134
G189E,greedy_ssm,384,3,1011101111110001,9.6889,9.86001,9.86001,9.82148,0.13134
G189E,greedy_ssm,384,3,1011110001111101,9.40632,9.82196,9.82196,9.7501,0.13134
G189E,greedy_ssm,384,3,1011110010000101,8.56201,9.78868,9.78868,9.71421,0.13134
G189E,greedy_ssm,384,3,1011110010111111,9.47072,9.91917,9.91917,9.91917,0.13134
G189E,greedy_ssm,384,3,1011110011011011,8.75773,9.92736,9.92736,9.92736,0.13134
G189E,greedy_ssm,384,3,1011110100010100,8.62168,9.68136,9.68136,9.68136,0.13134
G189E,greedy_ssm,384,3,1011111000110010,9.32748,9.76531,9.76531,9.91705,0.13134
G189E,greedy_ssm,384,3,1011111010110100,9.44842,9.79443,9.79443,9.74782,0.13134
G189E,greedy_ssm,384,3,1011111111010000,9.11187,9.80516,9.80516,9.80516,0.13134
G189E,greedy_ssm,384,3,1100000000011100,,,,,0.13134
G189E,greedy_ssm,384,3,1100000001010110,,,,,0.13134
G189E,greedy_ssm,384,3,1100000001101110,8.31707,9.80026,9.80026,9.80026,0.13134
G189E,greedy_ssm,384,3,1100000010100111,8.35071,9.94619,9.94619,9.87577,0.13134
G189E,greedy_ssm,384,3,1100000011001001,,,,,0.13134
G189E,greedy_ssm,384,3,1100000100000111,,,,,0.13134
G189E,greedy_ssm,384,3,1100000100001000,,,,,0.13134
G189E,greedy_ssm,384,3,1100000100001100,,,,,0.13134
G189E,greedy_ssm,384,3,1100000100011110,,,,,0.13134
G189E,greedy_ssm,384,3,1100000100101000,8.65735,9.86206,9.86206,9.86206,0.13134
G189E,greedy_ssm,384,3,1100000101001000,,,,,0.13134
G189E,greedy_ssm,384,3,1100000101001101,,,,,0.13134
G189E,greedy_ssm,384,3,1100000101110100,9.46829,9.91,9.91,9.91,0.13134
G189E,greedy_ssm,384,3,1100000111101110,9.35694,10.13742,10.13742,9.94619,0.13134
G189E,greedy_ssm,384,3,1100001000110110,8.45696,9.7482,9.7482,9.7482,0.13134
G189E,greedy_ssm,384,3,1100001000111110,8.35453,9.78771,9.78771,9.78771,0.13134
G189E,greedy_ssm,384,3,1100001001001110,,,,,0.13134
G189E,greedy_ssm,384,3,1100001001111001,8.94473,9.86301,9.86301,9.86301,0.13134
G189E,greedy_ssm,384,3,1100001011010001,7.69605,9.80108,9.80108,9.80108,0.13134
G189E,greedy_ssm,384,3,1100001100101000,9.09269,9.89343,9.89343,9.89343,0.13134
G189E,greedy_ssm,384,3,1100001100110101,9.36052,9.86235,9.86235,9.86235,0.13134
G189E,greedy_ssm,384,3,1100001101101100,9.52826,9.9085,9.9085,9.89689,0.13134
G189E,greedy_ssm,384,3,1100001110001000,7.68234,9.80744,9.80744,9.80744,0.13134
G189E,greedy_ssm,384,3,1100001110111100,9.38697,9.8442,9.8442,9.79935,0.13134
G189E,greedy_ssm,384,3,1100010000100111,8.29054,9.85816,9.85816,9.85816,0.13134
G189E,greedy_ssm,384,3,1100010011001010,,,,,0.13134
G189E,greedy_ssm,384,3,1100010011111000,8.85152,9.82847,9.82847,9.82847,0.13134
G189E,greedy_ssm,384,3,1100010101001010,,,,,0.13134
G189E,greedy_ssm,384,3,1100010101101010,9.2321,9.89343,9.89343,9.8906,0.13134
G189E,greedy_ssm,384,3,1100010101110011,9.58593,9.90846,9.90846,9.89797,0.13134
G189E,greedy_ssm,384,3,1100011000010100,7.62967,9.75454,9.75454,9.75454,0.13134
G189E,greedy_ssm,384,3,1100011010100110,8.17293,9.79595,9.79595,9.79595,0.13134
G189E,greedy_ssm,384,3,1100011011011011,7.91504,9.85681,9.85681,9.85681,0.13134
G189E,greedy_ssm,384,3,1100011011011110,7.23992,9.78661,9.78661,9.75971,0.13134
G189E,greedy_ssm,384,3,1100011100000111,7.86661,9.89834,9.89834,9.89834,0.13134
G189E,greedy_ssm,384,3,1100011100111000,9.2071,9.89343,9.89343,9.89343,0.13134
G189E,greedy_ssm,384,3,1100011101000011,8.29828,9.94592,9.94592,9.94592,0.13134
G189E,greedy_ssm,384,3,1100011101001100,7.7674,9.89343,9.89343,9.89343,0.13134
G189E,greedy_ssm,384,3,1100011110000000,7.4893,9.87563,9.87563,9.87563,0.13134
G189E,greedy_ssm,384,3,1100011110000101,7.52134,9.92308,9.92308,9.92308,0.13134
G189E,greedy_ssm,384,3,1100011110111110,9.19532,9.87743,9.87743,9.87743,0.13134
G189E,greedy_ssm,384,3,1100011111000011,8.31415,9.94592,9.94592,9.94592,0.13134
G189E,greedy_ssm,384,3,1100011111011110,7.61221,9.87743,9.87743,9.87743,0.13134
G189E,greedy_ssm,384,3,1100100000001010,,,,,0.13134
G189E,greedy_ssm,384,3,1100100000010100,,,,,0.13134
G189E,greedy_ssm,384,3,1100100000011011,,,,,0.13134
G189E,greedy_ssm,384,3,1100100011101000,8.8504,9.7757,9.7757,9.62234,0.13134
G189E,greedy_ssm,384,3,1100100011110100,8.97834,9.91,9.91,9.67372,0.13134
G189E,greedy_ssm,384,3,1100100100000110,,,,,0.13134
G189E,greedy_ssm,384,3,1100100101000011,7.98452,9.85678,9.85678,9.85678,0.13134
G189E,greedy_ssm,384,3,1100100110101001,8.78338,9.8565,9.8565,9.81363,0.13134
G189E,greedy_ssm,384,3,1100100111000100,7.55465,9.80431,9.80431,9.79043,0.13134
G189E,greedy_ssm,384,3,1100100111011000,7.78219,9.87919,9.87919,9.67998,0.13134
G189E,greedy_ssm,384,3,1100100111101011,9.67466,10.33071,10.33071,9.8565,0.13134
G189E,greedy_ssm,384,3,1100101000110101,8.47825,9.71353,9.71353,9.69074,0.13134
G189E,greedy_ssm,384,3,1100101001000010,7.79454,9.65075,9.65075,9.61128,0.13134
G189E,greedy_ssm,384,3,1100101001011001,8.30912,9.73083,9.73083,9.70277,0.13134
G189E,greedy_ssm,384,3,1100101010011000,7.68543,9.61695,9.61695,9.61695,0.13134
G189E,greedy_ssm,384,3,1100101011000010,8.04732,9.66235,9.66235,9.66235,0.13134
G189E,greedy_ssm,384,3,1100101101110011,9.61952,9.90387,9.90387,9.81891,0.13134
G189E,greedy_ssm,384,3,1100101110111110,9.07548,9.97904,9.97904,9.76394,0.13134
G189E,greedy_ssm,384,3,1100101111110111,9.66095,9.97904,9.97904,9.83089,0.13134
G189E,greedy_ssm,384,3,1100110001000110,,,,,0.13134
G189E,greedy_ssm,384,3,1100110001010101,,,,,0.13134
G189E,greedy_ssm,384,3,1100110010000011,,,,,0.13134
G189E,greedy_ssm,384,3,1100110010000100,,,,,0.13134
G189E,greedy_ssm,384,3,1100110011000011,7.48917,9.7813,9.7813,9.76866,0.13134
G189E,greedy_ssm,384,3,1100110101010001,7.7954,9.80314,9.80314,9.68793,0.13134
G189E,greedy_ssm,384,3,1100111001110001,9.09049,9.87584,9.87584,9.87584,0.13134
G189E,greedy_ssm,384,3,1100111100011010,,,,,0.13134
G189E,greedy_ssm,384,3,1100111101101110,9.45894,9.99579,9.99579,9.84274,0.13134
G189E,greedy_ssm,384,3,1100111101110010,9.3819,9.82391,9.82391,9.81112,0.13134
G189E,greedy_ssm,384,3,1100111110000111,7.66799,9.81727,9.81727,9.79595,0.13134
G189E,greedy_ssm,384,3,1101000001101000,,,,,0.13134
G189E,greedy_ssm,384,3,1101000010100101,7.50904,9.75834,9.75834,9.68223,0.13134
G189E,greedy_ssm,384,3,1101000011000100,,,,,0.13134
G189E,greedy_ssm,384,3,1101000011011100,,,,,0.13134
G189E,greedy_ssm,384,3,1101000011100111,8.37629,9.94619,9.94619,9.81344,0.13134
G189E,greedy_ssm,384,3,1101000100000110,,,,,0.13134
G189E,greedy_ssm,384,3,1101000101011001,,,,,0.13134
G189E,greedy_ssm,384,3,1101000101100010,8.67436,9.85678,9.85678,9.79143,0.13134
G189E,greedy_ssm,384,3,1101000110110101,8.36614,9.78487,9.78487,9.78487,0.13134
G189E,greedy_ssm,384,3,1101000110111001,8.53054,9.78595,9.78595,9.78595,0.13134
G189E,greedy_ssm,384,3,1101000110111101,8.49179,9.84929,9.84929,9.78752,0.13134
G189E,greedy_ssm,384,3,1101000111000101,,,,,0.13134
G189E,greedy_ssm,384,3,1101001000011110,,,,,0.13134
G189E,greedy_ssm,384,3,1101001001111000,8.46263,9.82134,9.82134,9.65846,0.13134
G189E,greedy_ssm,384,3,1101001011110010,8.32421,9.80141,9.80141,9.80141,0.13134
G189E,greedy_ssm,384,3,1101001110101011,9.07839,9.87894,9.87894,9.83329,0.13134
G189E,greedy_ssm,384,3,1101001110111101,9.06123,9.8442,9.8442,9.78595,0.13134
G189E,greedy_ssm,384,3,1101001111001010,,,,,0.13134
G189E,greedy_ssm,384,3,1101001111101001,9.35103,9.91757,9.91757,9.83329,0.13134
G189E,greedy_ssm,384,3,1101010001000101,,,,,0.13134
G189E,greedy_ssm,384,3,1101010001010011,,,,,0.13134
G189E,greedy_ssm,384,3,1101010010100010,,,,,0.13134
G189E,greedy_ssm,384,3,1101010010101100,7.23628,9.7558,9.7558,9.7558,0.13134
G189E,greedy_ssm,384,3,1101010011101000,8.25983,9.7558,9.7558,9.71484,0.13134
G189E,greedy_ssm,384,3,1101010100001100,,,,,0.13134
G189E,greedy_ssm,384,3,1101010110000110,,,,,0.13134
G189E,greedy_ssm,384,3,1101010110001110,,,,,0.13134
G189E,greedy_ssm,384,3,1101010110101110,8.17186,9.81506,9.81506,9.81506,0.13134
G189E,greedy_ssm,384,3,1101010110111001,8.44851,9.82847,9.82847,9.78438,0.13134
G189E,greedy_ssm,384,3,1101010110111011,8.47452,9.92736,9.92736,9.92736,0.13134
G189E,greedy_ssm,384,3,1101010111000110,,,,,0.13134
G189E,greedy_ssm,384,3,1101011000000110,,,,,0.13134
G189E,greedy_ssm,384,3,1101011001110110,7.91305,9.79443,9.79443,9.79443,0.13134
G189E,greedy_ssm,384,3,1101011010010111,,,,,0.13134
G189E,greedy_ssm,384,3,1101011010101100,7.71791,9.83098,9.83098,9.69813,0.13134
G189E,greedy_ssm,384,3,1101011011001000,,,,,0.13134
G189E,greedy_ssm,384,3,1101011011011011,7.56731,9.79098,9.79098,9.79098,0.13134
G189E,greedy_ssm,384,3,1101011100100111,9.09876,9.89834,9.89834,9.83748,0.13134
G189E,greedy_ssm,384,3,1101011110011100,,,,,0.13134
G189E,greedy_ssm,384,3,1101011110101110,8.70783,9.86715,9.86715,9.86715,0.13134
G189E,greedy_ssm,384,3,1101011111000001,7.14568,9.89254,9.89254,9.89254,0.13134
G189E,greedy_ssm,384,3,1101100011000100,8.03947,9.79043,9.79043,9.79043,0.13134
G189E,greedy_ssm,384,3,1101100100000110,7.37537,9.80466,9.80466,9.70272,0.13134
G189E,greedy_ssm,384,3,1101100101100111,9.69216,9.94619,9.94619,9.81112,0.13134
G189E,greedy_ssm,384,3,1101100110000000,7.80954,9.77401,9.77401,9.77401,0.13134
G189E,greedy_ssm,384,3,1101100110111010,9.36607,9.87919,9.87919,9.87919,0.13134
G189E,greedy_ssm,384,3,1101101000010110,8.01986,9.64533,9.64533,9.58747,0.13134
G189E,greedy_ssm,384,3,1101101000011011,8.71543,9.79783,9.79783,9.76719,0.13134
G189E,greedy_ssm,384,3,1101101000101011,9.53218,9.82584,9.82584,9.81232,0.13134
G189E,greedy_ssm,384,3,1101101001001101,9.05594,9.82494,9.82494,9.82494,0.13134
G189E,greedy_ssm,384,3,1101101001100010,9.4584,9.83329,9.83329,9.83329,0.13134
G189E,greedy_ssm,384,3,1101101010000111,8.77691,9.79622,9.79622,9.78489,0.13134
G189E,greedy_ssm,384,3,1101101011000010,8.68544,9.83329,9.83329,9.83329,0.13134
G189E,greedy_ssm,384,3,1101101011001010,8.77872,9.81232,9.81232,9.81232,0.13134
G189E,greedy_ssm,384,3,1101101011101001,9.61758,9.86625,9.86625,9.83329,0.13134
G189E,greedy_ssm,384,3,1101101110011101,8.55899,9.78595,9.78595,9.78595,0.13134
G189E,greedy_ssm,384,3,1101101110110100,9.62505,9.84085,9.84085,9.84085,0.13134
G189E,greedy_ssm,384,3,1101101111111100,9.67863,9.87919,9.87919,9.79604,0.13134
G189E,greedy_ssm,384,3,1101110000000110,,,,,0.13134
G189E,greedy_ssm,384,3,1101110000101110,9.21312,9.82196,9.82196,9.69593,0.13134
G189E,greedy_ssm,384,3,1101110001000011,8.09279,9.81711,9.81711,9.81711,0.13134
G189E,greedy_ssm,384,3,1101110001001011,8.26433,9.82728,9.82728,9.73376,0.13134
G189E,greedy_ssm,384,3,1101110010001011,7.92703,9.82728,9.82728,9.82728,0.13134
G189E,greedy_ssm,384,3,1101110011111100,9.63029,9.84347,9.84347,9.86384,0.13134
G189E,greedy_ssm,384,3,1101110111001110,8.6669,9.99579,9.99579,9.99579,0.13134
G189E,greedy_ssm,384,3,1101110111011100,8.60168,9.84347,9.84347,9.77446,0.13134
G189E,greedy_ssm,384,3,1101111000011000,8.41336,9.68885,9.68885,9.68885,0.13134
G189E,greedy_ssm,384,3,1101111001110001,9.5983,9.86625,9.86625,9.76175,0.13134
G189E,greedy_ssm,384,3,1101111010101101,9.33915,9.86715,9.86715,9.82242,0.13134
G189E,greedy_ssm,384,3,1101111100000010,8.06323,9.79882,9.79882,9.79882,0.13134
G189E,greedy_ssm,384,3,1101111101011101,9.26065,9.83748,9.83748,9.83748,0.13134
G189E,greedy_ssm,384,3,1101111110000010,8.13187,9.89254,9.89254,9.89254,0.13134
G189E,greedy_ssm,384,3,1101111110100110,9.47854,9.89254,9.89254,9.89254,0.13134
G189E,greedy_ssm,384,3,1101111111000100,9.4836,9.88247,9.88247,9.88247,0.13134
G189E,greedy_ssm,384,3,1101111111100110,9.67976,9.89254,9.89254,9.89254,0.13134
G189E,greedy_ssm,384,3,1110000000100101,9.21881,9.86537,9.86537,9.84397,0.13134
G189E,greedy_ssm,384,3,1110000011100001,9.63537,10.32032,10.32032,9.93577,0.13134
G189E,greedy_ssm,384,3,1110000101100000,9.64535,10.0751,10.0751,9.89927,0.13134
G189E,greedy_ssm,384,3,1110001001000111,9.1915,9.90387,9.90387,9.90387,0.13134
G189E,greedy_ssm,384,3,1110001001011111,9.36816,9.86117,9.86117,9.86117,0.13134
G189E,greedy_ssm,384,3,1110001010110101,9.47967,9.88584,9.88584,9.88584,0.13134
G189E,greedy_ssm,384,3,1110001010111000,9.34361,9.8455,9.8455,9.79935,0.13134
G189E,greedy_ssm,384,3,1110001011001011,9.48192,9.93577,9.93577,9.93577,0.13134
G189E,greedy_ssm,384,3,1110001100001101,9.28928,9.9085,9.9085,9.82548,0.13134
G189E,greedy_ssm,384,3,1110001100011101,9.27269,9.8442,9.8442,9.8442,0.13134
G189E,greedy_ssm,384,3,1110001100011110,8.96077,9.80838,9.80838,9.80838,0.13134
G189E,greedy_ssm,384,3,1110001100100100,9.70661,9.90487,9.90487,9.90487,0.13134
G189E,greedy_ssm,384,3,1110001101100001,9.8717,10.0751,10.0751,9.91885,0.13134
G189E,greedy_ssm,384,3,1110001110010101,9.18669,9.88584,9.88584,9.88584,0.13134
G189E,greedy_ssm,384,3,1110001110101110,9.61859,9.91531,9.91531,9.91531,0.13134
G189E,greedy_ssm,384,3,1110001111001001,9.32234,9.9742,9.9742,9.91757,0.13134
G189E,greedy_ssm,384,3,1110010000100010,8.73081,9.85212,9.85212,9.85212,0.13134
G189E,greedy_ssm,384,3,1110010001010000,8.04019,9.80314,9.80314,9.80314,0.13134
G189E,greedy_ssm,384,3,1110010101101011,9.8906,10.13742,10.13742,9.8906,0.13134
G189E,greedy_ssm,384,3,1110010110010010,8.2016,9.83268,9.83268,9.83268,0.13134
G189E,greedy_ssm,384,3,1110010110101110,9.44127,10.13742,10.13742,10.13742,0.13134
G189E,greedy_ssm,384,3,1110010110111010,9.43691,9.87085,9.87085,9.87085,0.13134
G189E,greedy_ssm,384,3,1110011000000010,8.65271,9.78085,9.78085,9.78085,0.13134
G189E,greedy_ssm,384,3,1110011000000110,8.68121,9.76815,9.76815,9.76815,0.13134
G189E,greedy_ssm,384,3,1110011000100001,9.39977,9.94303,9.94303,9.94303,0.13134
G189E,greedy_ssm,384,3,1110011001001101,9.12528,9.91243,9.91243,9.91243,0.13134
G189E,greedy_ssm,384,3,1110011010100111,9.47613,9.94592,9.94592,9.94592,0.13134
G189E,greedy_ssm,384,3,1110011100000101,9.24549,9.92308,9.92308,9.92308,0.13134
G189E,greedy_ssm,384,3,1110011100101111,9.77549,10.13742,10.13742,10.13742,0.13134
G189E,greedy_ssm,384,3,1110011101111111,9.86117,10.13742,10.13742,9.90669,0.13134
G189E,greedy_ssm,384,3,1110011111001110,9.01794,10.13742,10.13742,10.13742,0.13134
G189E,greedy_ssm,384,3,1110100000001101,8.6179,9.82196,9.82196,9.6771,0.13134
G189E,greedy_ssm,384,3,1110100000110001,9.23964,9.76202,9.76202,9.63657,0.13134
G189E,greedy_ssm,384,3,1110100001111100,9.29798,9.82627,9.82627,9.82627,0.13134
G189E,greedy_ssm,384,3,1110100010000010,8.08211,9.56964,9.56964,9.56964,0.13134
G189E,greedy_ssm,384,3,1110100100001101,8.9967,9.80915,9.80915,9.80915,0.13134
G189E,greedy_ssm,384,3,1110100101001110,8.58754,9.80026,9.80026,9.79422,0.13134
G189E,greedy_ssm,384,3,1110100101101001,9.41834,10.33071,10.33071,9.93577,0.13134
G189E,greedy_ssm,384,3,1110100101110101,9.4762,9.91,9.91,9.86301,0.13134
G189E,greedy_ssm,384,3,1110100110000010,8.51411,9.76077,9.76077,9.72637,0.13134
G189E,greedy_ssm,384,3,1110100110100000,9.38781,9.82882,9.82882,9.77161,0.13134
G189E,greedy_ssm,384,3,1110100110101111,9.45189,10.33071,10.33071,10.13742,0.13134
G189E,greedy_ssm,384,3,1110100111000110,8.71668,9.87577,9.87577,9.87577,0.13134
G189E,greedy_ssm,384,3,1110100111100111,9.63689,10.33071,10.33071,9.94619,0.13134
G189E,greedy_ssm,384,3,1110101010000000,9.1801,9.7481,9.7481,9.7481,0.13134
G189E,greedy_ssm,384,3,1110101101000010,8.93757,9.90387,9.90387,9.90387,0.13134
G189E,greedy_ssm,384,3,1110101101111011,9.7059,9.91719,9.91719,9.90669,0.13134
G189E,greedy_ssm,384,3,1110101110110100,9.58047,9.91,9.91,9.84085,0.13134
G189E,greedy_ssm,384,3,1110101111001111,9.50741,9.91531,9.91531,9.90108,0.13134
G189E,greedy_ssm,384,3,1110101111010111,9.49914,9.90445,9.90445,9.90445,0.13134
G189E,greedy_ssm,384,3,1110110000010111,8.43042,9.69988,9.69988,9.67316,0.13134
G189E,greedy_ssm,384,3,1110110000011010,8.2953,9.59404,9.59404,9.43044,0.13134
G189E,greedy_ssm,384,3,1110110010101110,8.97907,9.79406,9.79406,9.77568,0.13134
G189E,greedy_ssm,384,3,1110110100110111,9.50853,9.85935,9.85935,9.85935,0.13134
G189E,greedy_ssm,384,3,1110110101111100,9.45274,9.84347,9.84347,9.82201,0.13134
G189E,greedy_ssm,384,3,1110110111011100,8.68444,9.84347,9.84347,9.80174,0.13134
G189E,greedy_ssm,384,3,1110111001010011,9.27574,9.80334,9.80334,9.78957,0.13134
G189E,greedy_ssm,384,3,1110111001101110,9.4211,9.87918,9.87918,9.87918,0.13134
G189E,greedy_ssm,384,3,1110111010000011,9.24618,9.7838,9.7838,9.74275,0.13134
G189E,greedy_ssm,384,3,1110111010010100,9.01715,9.73213,9.73213,9.73213,0.13134
G189E,greedy_ssm,384,3,1110111010110010,9.03701,9.7586,9.7586,9.71411,0.13134
G189E,greedy_ssm,384,3,1110111011010010,8.70194,9.71411,9.71411,9.71411,0.13134
G189E,greedy_ssm,384,3,1110111011101100,9.60293,9.91243,9.91243,9.83143,0.13134
G189E,greedy_ssm,384,3,1110111100011000,9.01285,9.77897,9.77897,9.77897,0.13134
G189E,greedy_ssm,384,3,1110111101111001,9.68635,9.91584,9.91584,9.91584,0.13134
G189E,greedy_ssm,384,3,1110111111100100,9.74163,9.93835,9.93835,9.88247,0.13134
G189E,greedy_ssm,384,3,1111000011000000,,,,,0.13134
G189E,greedy_ssm,384,3,1111000011001000,,,,,0.13134
G189E,greedy_ssm,384,3,1111000100110100,9.10591,9.91,9.91,9.75522,0.13134
G189E,greedy_ssm,384,3,1111000100111110,9.0087,9.85935,9.85935,9.74347,0.13134
G189E,greedy_ssm,384,3,1111000111010111,8.21394,9.91635,9.91635,9.88824,0.13134
G189E,greedy_ssm,384,3,1111001000111100,8.87484,9.80285,9.80285,9.77404,0.13134
G189E,greedy_ssm,384,3,1111001001010011,8.52326,9.82083,9.82083,9.82083,0.13134
G189E,greedy_ssm,384,3,1111001100011010,8.24653,9.79783,9.79783,9.79783,0.13134
G189E,greedy_ssm,384,3,1111001111101110,9.61127,9.91531,9.91531,9.90108,0.13134
G189E,greedy_ssm,384,3,1111001111111100,9.59622,9.91,9.91,9.9085,0.13134
G189E,greedy_ssm,384,3,1111010001100011,9.15087,9.89797,9.89797,9.82083,0.13134
G189E,greedy_ssm,384,3,1111010011010100,7.49973,9.77224,9.77224,9.77224,0.13134
G189E,greedy_ssm,384,3,1111010011110000,9.16477,9.90846,9.90846,9.88144,0.13134
G189E,greedy_ssm,384,3,1111010100101110,8.96192,9.85935,9.85935,9.79208,0.13134
G189E,greedy_ssm,384,3,1111010101001001,7.77079,9.89759,9.89759,9.89759,0.13134
G189E,greedy_ssm,384,3,1111010101101010,9.25875,9.89343,9.89343,9.85478,0.13134
G189E,greedy_ssm,384,3,1111010110101010,9.06014,9.87716,9.87716,9.87716,0.13134
G189E,greedy_ssm,384,3,1111011011011111,8.48179,9.87743,9.87743,9.74896,0.13134
G189E,greedy_ssm,384,3,1111011011100000,9.34169,9.87563,9.87563,9.85818,0.13134
G189E,greedy_ssm,384,3,1111011011111010,9.1588,9.85681,9.85681,9.85681,0.13134
G189E,greedy_ssm,384,3,1111011100011010,8.10744,9.75882,9.75882,9.75882,0.13134
G189E,greedy_ssm,384,3,1111100000110000,9.49168,9.7687,9.7687,9.7687,0.13134
G189E,greedy_ssm,384,3,1111100001001001,8.89681,9.86625,9.86625,9.86625,0.13134
G189E,greedy_ssm,384,3,1111100001001011,9.1201,10.33071,10.33071,10.33071,0.13134
G189E,greedy_ssm,384,3,1111100001011001,8.91752,9.75548,9.75548,9.75548,0.13134
G189E,greedy_ssm,384,3,1111100001110101,9.5768,9.82494,9.82494,9.75998,0.13134
G189E,greedy_ssm,384,3,1111100010100001,9.51709,9.82266,9.82266,9.78485,0.13134
G189E,greedy_ssm,384,3,1111100010110000,9.41295,9.7586,9.7586,9.7043,0.13134
G189E,greedy_ssm,384,3,1111100011001111,9.04168,10.33071,10.33071,10.33071,0.13134
G189E,greedy_ssm,384,3,1111100100001000,8.97472,9.7872,9.7872,9.7872,0.13134
G189E,greedy_ssm,384,3,1111100100010010,8.70138,9.78093,9.78093,9.78093,0.13134
G189E,greedy_ssm,384,3,1111100101010110,8.71388,9.78712,9.78712,9.78712,0.13134
G189E,greedy_ssm,384,3,1111100110100111,9.7846,10.33071,10.33071,10.33071,0.13134
G189E,greedy_ssm,384,3,1111100111101001,9.81363,10.33071,10.33071,10.33071,0.13134
G189E,greedy_ssm,384,3,1111100111101010,9.63116,10.33071,10.33071,10.33071,0.13134
G189E,greedy_ssm,384,3,1111101000010101,9.44128,9.76429,9.76429,9.69048,0.13134
G189E,greedy_ssm,384,3,1111101000011010,9.10606,9.79783,9.79783,9.79783,0.13134
G189E,greedy_ssm,384,3,1111101000110100,9.56928,9.77404,9.77404,9.76298,0.13134
G189E,greedy_ssm,384,3,1111101010001101,9.43492,9.82494,9.82494,9.82494,0.13134
G189E,greedy_ssm,384,3,1111101011000100,9.51145,9.85818,9.85818,9.85818,0.13134
G189E,greedy_ssm,384,3,1111101110001001,9.42295,9.84646,9.84646,9.81591,0.13134
G189E,greedy_ssm,384,3,1111101110100101,9.75997,9.88584,9.88584,9.85818,0.13134
G189E,greedy_ssm,384,3,1111110000101000,9.54388,9.86625,9.86625,9.82196,0.13134
G189E,greedy_ssm,384,3,1111110001111010,9.39227,9.92736,9.92736,9.92736,0.13134
G189E,greedy_ssm,384,3,1111110001111011,9.63558,9.92736,9.92736,9.92736,0.13134
G189E,greedy_ssm,384,3,1111110010001101,9.04275,9.82196,9.82196,9.82196,0.13134
G189E,greedy_ssm,384,3,1111110011100000,9.47938,9.88144,9.88144,9.85818,0.13134
G189E,greedy_ssm,384,3,1111110101001101,8.85137,9.83865,9.83865,9.83035,0.13134
G189E,greedy_ssm,384,3,1111110111001011,9.36282,10.33071,10.33071,10.33071,0.13134
G189E,greedy_ssm,384,3,1111110111111101,9.66933,9.92736,9.92736,9.92736,0.13134
G189E,greedy_ssm,384,3,1111111001011110,9.12452,9.77637,9.77637,9.77637,0.13134
G189E,greedy_ssm,384,3,1111111010001011,9.35362,9.86715,9.86715,9.82728,0.13134
G189E,greedy_ssm,384,3,1111111111110111,9.81429,9.93835,9.93835,9.85818,0.13134
G189E,greedy_ssm,384,3,1111111111111100,9.70646,9.88247,9.88247,9.88247,0.13134
